solid OpenSCAD_Model
  facet normal 0 0 -1
    outer loop
      vertex 1.4796621722288974 1.4098512995797388 0
      vertex 1.2201626123751155 1.706872444956559 0
      vertex 1.7880266408053749 1.1639388418131338 0
    endloop
  endfacet
  facet normal -0.4385840148069529 -0.5499669593007912 -0.7107604418038869
    outer loop
      vertex 1.4796621722288974 1.4098512995797388 0
      vertex 1.7880266408053749 1.1639388418131338 0
      vertex 1.173715712973838 0.6199399791262943 0.8
    endloop
  endfacet
  facet normal -0.5315725401247829 -0.4644209422118238 -0.7083387770130674
    outer loop
      vertex 1.4796621722288974 1.4098512995797388 0
      vertex 0.6199399791262943 1.173715712973838 0.8
      vertex 1.2201626123751155 1.706872444956559 0
    endloop
  endfacet
  facet normal -0.333505888510552 -0.6197577905608774 -0.7104041831013432
    outer loop
      vertex 2.1353449303613683 0.9770389003868085 0
      vertex 1.5 0.401923788646684 0.8
      vertex 1.7880266408053749 1.1639388418131338 0
    endloop
  endfacet
  facet normal 0 0 -1
    outer loop
      vertex 1.017868490614678 2.045455773941372 0
      vertex 0.8088565532104739 2.8027935204124463 0
      vertex 1.2201626123751155 1.706872444956559 0
    endloop
  endfacet
  facet normal 0 0 -1
    outer loop
      vertex 1.017868490614678 2.045455773941372 0
      vertex 0.8792817064691225 2.4147189397533153 0
      vertex 0.8088565532104739 2.8027935204124463 0
    endloop
  endfacet
  facet normal 0 0 -1
    outer loop
      vertex 1.7880266408053749 1.1639388418131338 0
      vertex 1.2201626123751155 1.706872444956559 0
      vertex 0.8088565532104739 2.8027935204124463 0
    endloop
  endfacet
  facet normal -0.6037909357556002 -0.36074829035977324 -0.7108425823639701
    outer loop
      vertex 1.017868490614678 2.045455773941372 0
      vertex 1.2201626123751155 1.706872444956559 0
      vertex 0.401923788646684 1.5 0.8
    endloop
  endfacet
  facet normal -0.6590632947378097 -0.24735059172569449 -0.7102487298843215
    outer loop
      vertex 1.017868490614678 2.045455773941372 0
      vertex 0.22836140246614 1.8519497029047307 0.8
      vertex 0.8792817064691225 2.4147189397533153 0
    endloop
  endfacet
  facet normal -0.693437518567656 -0.12584035634974824 -0.7094424659946006
    outer loop
      vertex 0.8792817064691225 2.4147189397533153 0
      vertex 0.025665415878568965 2.6084214233398453 0.8
      vertex 0.8088565532104739 2.8027935204124463 0
    endloop
  endfacet
  facet normal 0 0 -1
    outer loop
      vertex 2.1353449303613683 0.9770389003868085 0
      vertex 1.7880266408053749 1.1639388418131338 0
      vertex 2.901297373228868 0.8022152536091074 0
    endloop
  endfacet
  facet normal 0 0 -1
    outer loop
      vertex 2.1353449303613683 0.9770389003868085 0
      vertex 2.901297373228868 0.8022152536091074 0
      vertex 2.510453945296109 0.8551585931999877 0
    endloop
  endfacet
  facet normal -0.21786094166262926 -0.6705070335485713 -0.7091945629090562
    outer loop
      vertex 2.1353449303613683 0.9770389003868085 0
      vertex 2.510453945296109 0.8551585931999877 0
      vertex 2.223542864692438 0.10222252113279495 0.8
    endloop
  endfacet
  facet normal -0.09439455249068172 -0.6968485697867056 -0.710979422519602
    outer loop
      vertex 2.510453945296109 0.8551585931999877 0
      vertex 2.901297373228868 0.8022152536091074 0
      vertex 2.6084214233398453 0.025665415878568965 0.8
    endloop
  endfacet
  facet normal -0.5896773887002961 -0.3940098343935725 -0.7050083883591383
    outer loop
      vertex 1.2201626123751155 1.706872444956559 0
      vertex 0.6199399791262943 1.173715712973838 0.8
      vertex 0.401923788646684 1.5 0.8
    endloop
  endfacet
  facet normal -0.5309442120064036 -0.4656255770918519 -0.7080191139332178
    outer loop
      vertex 1.4796621722288974 1.4098512995797388 0
      vertex 0.8786796564403572 0.8786796564403572 0.8
      vertex 0.6199399791262943 1.173715712973838 0.8
    endloop
  endfacet
  facet normal -0.3944191917659883 -0.5902900353028432 -0.7042664093855625
    outer loop
      vertex 1.7880266408053749 1.1639388418131338 0
      vertex 1.5 0.401923788646684 0.8
      vertex 1.173715712973838 0.6199399791262943 0.8
    endloop
  endfacet
  facet normal -0.31336930354568054 -0.6354500863317124 -0.7056931821806942
    outer loop
      vertex 2.1353449303613683 0.9770389003868085 0
      vertex 1.8519497029047307 0.22836140246614 0.8
      vertex 1.5 0.401923788646684 0.8
    endloop
  endfacet
  facet normal -0.22728638740157364 -0.669564106111426 -0.7071243213955722
    outer loop
      vertex 2.1353449303613683 0.9770389003868085 0
      vertex 2.223542864692438 0.10222252113279495 0.8
      vertex 1.8519497029047307 0.22836140246614 0.8
    endloop
  endfacet
  facet normal -0.4675084821611618 -0.5330912537444273 -0.7051592261954467
    outer loop
      vertex 1.4796621722288974 1.4098512995797388 0
      vertex 1.173715712973838 0.6199399791262943 0.8
      vertex 0.8786796564403572 0.8786796564403572 0.8
    endloop
  endfacet
  facet normal -0.670723200860418 -0.22767984705054525 -0.7058982044704432
    outer loop
      vertex 0.8792817064691225 2.4147189397533153 0
      vertex 0.22836140246614 1.8519497029047307 0.8
      vertex 0.10222252113279495 2.223542864692438 0.8
    endloop
  endfacet
  facet normal -0.6366975669817375 -0.3139844929223031 -0.7042939346635465
    outer loop
      vertex 1.017868490614678 2.045455773941372 0
      vertex 0.401923788646684 1.5 0.8
      vertex 0.22836140246614 1.8519497029047307 0.8
    endloop
  endfacet
  facet normal -0.6937692822245963 -0.13799929034257982 -0.7068524449321179
    outer loop
      vertex 0.8792817064691225 2.4147189397533153 0
      vertex 0.10222252113279495 2.223542864692438 0.8
      vertex 0.025665415878568965 2.6084214233398453 0.8
    endloop
  endfacet
  facet normal -0.7081433392985416 -0.04641416662717283 -0.7045415077505481
    outer loop
      vertex 0.8088565532104739 2.8027935204124463 0
      vertex 0.025665415878568965 2.6084214233398453 0.8
      vertex 0 3 0.8
    endloop
  endfacet
  facet normal -0.13842970518418793 -0.6959331237558101 -0.7046377111552428
    outer loop
      vertex 2.510453945296109 0.8551585931999877 0
      vertex 2.6084214233398453 0.025665415878568965 0.8
      vertex 2.223542864692438 0.10222252113279495 0.8
    endloop
  endfacet
  facet normal -0.04641952240154017 -0.7082250526248948 -0.7044590142616374
    outer loop
      vertex 2.901297373228868 0.8022152536091074 0
      vertex 3 0 0.8
      vertex 2.6084214233398453 0.025665415878568965 0.8
    endloop
  endfacet
  facet normal -0.8314696123025455 -0.5555702330196018 1.2761417299596623e-18
    outer loop
      vertex 0.6199399791262943 1.173715712973838 0.8
      vertex 0.401923788646684 1.5 11
      vertex 0.401923788646684 1.5 0.8
    endloop
  endfacet
  facet normal -0.7518398074789776 -0.6593458151000685 0
    outer loop
      vertex 0.8786796564403572 0.8786796564403572 0.8
      vertex 0.8786796564403572 0.8786796564403572 11
      vertex 0.6199399791262943 1.173715712973838 0.8
    endloop
  endfacet
  facet normal -0.6593458151000685 -0.7518398074789776 0
    outer loop
      vertex 0.8786796564403572 0.8786796564403572 0.8
      vertex 1.173715712973838 0.6199399791262943 0.8
      vertex 0.8786796564403572 0.8786796564403572 11
    endloop
  endfacet
  facet normal -0.4422886902190005 -0.8968727415326887 0
    outer loop
      vertex 1.5 0.401923788646684 0.8
      vertex 1.8519497029047307 0.22836140246614 0.8
      vertex 1.5 0.401923788646684 11
    endloop
  endfacet
  facet normal -0.5555702330196018 -0.8314696123025455 1.2761417299596623e-18
    outer loop
      vertex 1.173715712973838 0.6199399791262943 0.8
      vertex 1.5 0.401923788646684 0.8
      vertex 1.5 0.401923788646684 11
    endloop
  endfacet
  facet normal -0.32143946530316253 -0.9469301294951052 8.0980073267961275e-19
    outer loop
      vertex 1.8519497029047307 0.22836140246614 0.8
      vertex 2.223542864692438 0.10222252113279495 0.8
      vertex 2.223542864692438 0.10222252113279495 11
    endloop
  endfacet
  facet normal -0.8968727415326887 -0.4422886902190005 0
    outer loop
      vertex 0.401923788646684 1.5 0.8
      vertex 0.401923788646684 1.5 11
      vertex 0.22836140246614 1.8519497029047307 0.8
    endloop
  endfacet
  facet normal -0.9469301294951052 -0.32143946530316253 8.0980073267961275e-19
    outer loop
      vertex 0.22836140246614 1.8519497029047307 0.8
      vertex 0.10222252113279495 2.223542864692438 11
      vertex 0.10222252113279495 2.223542864692438 0.8
    endloop
  endfacet
  facet normal -0.9807852804032307 -0.19509032201612736 0
    outer loop
      vertex 0.10222252113279495 2.223542864692438 0.8
      vertex 0.10222252113279495 2.223542864692438 11
      vertex 0.025665415878568965 2.6084214233398453 0.8
    endloop
  endfacet
  facet normal -0.9978589232386035 -0.06540312923014358 1.26438479714077e-19
    outer loop
      vertex 0.025665415878568965 2.6084214233398453 0.8
      vertex 0 3 11
      vertex 0 3 0.8
    endloop
  endfacet
  facet normal -0.19509032201612733 -0.9807852804032307 -1.681466224952338e-19
    outer loop
      vertex 2.223542864692438 0.10222252113279495 0.8
      vertex 2.6084214233398453 0.025665415878568965 0.8
      vertex 2.6084214233398453 0.025665415878568965 10.99
    endloop
  endfacet
  facet normal -0.06540312923014358 -0.9978589232386035 0
    outer loop
      vertex 2.6084214233398453 0.025665415878568965 0.8
      vertex 3 0 0.8
      vertex 2.6084214233398453 0.025665415878568965 10.99
    endloop
  endfacet
  facet normal 0 0 -1
    outer loop
      vertex 1.7880266408053749 1.1639388418131338 0
      vertex 0.8088565532104739 2.8027935204124463 0
      vertex 0.8088565532104739 91.40279352041244 0
    endloop
  endfacet
  facet normal -0.7032035924532414 0 -0.7109885424961895
    outer loop
      vertex 0.8088565532104739 2.8027935204124463 0
      vertex 0 3 0.8
      vertex 0.8088565532104739 91.40279352041244 0
    endloop
  endfacet
  facet normal -1 0 0
    outer loop
      vertex 0 3 0.8
      vertex 0 33.50999999999999 6.2
      vertex 0 91.6 0.8
    endloop
  endfacet
  facet normal 0 0 -1
    outer loop
      vertex 1.7880266408053749 1.1639388418131338 0
      vertex 135.18129737322886 0.8022152536091074 0
      vertex 2.901297373228868 0.8022152536091074 0
    endloop
  endfacet
  facet normal 0 -0.706128446828201 -0.7080837638161129
    outer loop
      vertex 2.901297373228868 0.8022152536091074 0
      vertex 135.18129737322886 0.8022152536091074 0
      vertex 3 0 0.8
    endloop
  endfacet
  facet normal -0.6593458151000685 -0.7518398074789776 0
    outer loop
      vertex 1.173715712973838 0.6199399791262943 0.8
      vertex 1.173715712973838 0.6199399791262943 11
      vertex 0.8786796564403572 0.8786796564403572 11
    endloop
  endfacet
  facet normal -0.7518398074789776 -0.6593458151000685 0
    outer loop
      vertex 0.6199399791262943 1.173715712973838 0.8
      vertex 0.8786796564403572 0.8786796564403572 11
      vertex 0.6199399791262943 1.173715712973838 11
    endloop
  endfacet
  facet normal -0.8314696123025455 -0.5555702330196018 0
    outer loop
      vertex 0.6199399791262943 1.173715712973838 0.8
      vertex 0.6199399791262943 1.173715712973838 11
      vertex 0.401923788646684 1.5 11
    endloop
  endfacet
  facet normal -0.5555702330196018 -0.8314696123025455 0
    outer loop
      vertex 1.173715712973838 0.6199399791262943 0.8
      vertex 1.5 0.401923788646684 11
      vertex 1.173715712973838 0.6199399791262943 11
    endloop
  endfacet
  facet normal -0.4422886902190005 -0.8968727415326887 0
    outer loop
      vertex 1.8519497029047307 0.22836140246614 0.8
      vertex 1.8519497029047307 0.22836140246614 11
      vertex 1.5 0.401923788646684 11
    endloop
  endfacet
  facet normal -0.32143946530316253 -0.9469301294951052 0
    outer loop
      vertex 1.8519497029047307 0.22836140246614 0.8
      vertex 2.223542864692438 0.10222252113279495 11
      vertex 1.8519497029047307 0.22836140246614 11
    endloop
  endfacet
  facet normal -0.8968727415326887 -0.4422886902190005 0
    outer loop
      vertex 0.22836140246614 1.8519497029047307 0.8
      vertex 0.401923788646684 1.5 11
      vertex 0.22836140246614 1.8519497029047307 11
    endloop
  endfacet
  facet normal -0.9469301294951052 -0.32143946530316253 0
    outer loop
      vertex 0.22836140246614 1.8519497029047307 0.8
      vertex 0.22836140246614 1.8519497029047307 11
      vertex 0.10222252113279495 2.223542864692438 11
    endloop
  endfacet
  facet normal -0.9807852804032307 -0.19509032201612736 0
    outer loop
      vertex 0.025665415878568965 2.6084214233398453 0.8
      vertex 0.10222252113279495 2.223542864692438 11
      vertex 0.025665415878568965 2.6084214233398453 11
    endloop
  endfacet
  facet normal -0.9978589232386035 -0.06540312923014358 0
    outer loop
      vertex 0.025665415878568965 2.6084214233398453 0.8
      vertex 0.025665415878568965 2.6084214233398453 11
      vertex 0 3 11
    endloop
  endfacet
  facet normal -0.19509032201612736 -0.9807852804032307 0
    outer loop
      vertex 2.223542864692438 0.10222252113279495 0.8
      vertex 2.6084214233398453 0.025665415878568965 10.99
      vertex 2.223542864692438 0.10222252113279495 11
    endloop
  endfacet
  facet normal -0.06540312923014358 -0.9978589232386035 0
    outer loop
      vertex 3 0 0.8
      vertex 3 0 11
      vertex 2.6084214233398453 0.025665415878568965 10.99
    endloop
  endfacet
  facet normal -1 0 0
    outer loop
      vertex 0 3 0.8
      vertex 0 3 11
      vertex 0 33.50999999999999 6.2
    endloop
  endfacet
  facet normal 0 0 1
    outer loop
      vertex 0.8786796564403572 0.8786796564403572 11
      vertex 1.173715712973838 0.6199399791262943 11
      vertex 0.401923788646684 1.5 11
    endloop
  endfacet
  facet normal 0 0 1
    outer loop
      vertex 0.8786796564403572 0.8786796564403572 11
      vertex 0.401923788646684 1.5 11
      vertex 0.6199399791262943 1.173715712973838 11
    endloop
  endfacet
  facet normal 0 0 1
    outer loop
      vertex 1.5 0.401923788646684 11
      vertex 1.8519497029047307 0.22836140246614 11
      vertex 2.223542864692438 0.10222252113279495 11
    endloop
  endfacet
  facet normal 0 0 1
    outer loop
      vertex 1.173715712973838 0.6199399791262943 11
      vertex 2.223542864692438 0.10222252113279495 11
      vertex 3 0 11
    endloop
  endfacet
  facet normal 0 0 1
    outer loop
      vertex 1.173715712973838 0.6199399791262943 11
      vertex 1.5 0.401923788646684 11
      vertex 2.223542864692438 0.10222252113279495 11
    endloop
  endfacet
  facet normal 0 0 1
    outer loop
      vertex 1.173715712973838 0.6199399791262943 11
      vertex 2.2026120356849264 1.7106067436376897 11
      vertex 1.903403179206867 1.9739436579027667 11
    endloop
  endfacet
  facet normal 0 0 1
    outer loop
      vertex 1.173715712973838 0.6199399791262943 11
      vertex 2.5420211996784685 1.501624233348514 11
      vertex 2.2026120356849264 1.7106067436376897 11
    endloop
  endfacet
  facet normal 0 0 1
    outer loop
      vertex 1.173715712973838 0.6199399791262943 11
      vertex 0 3 11
      vertex 0.401923788646684 1.5 11
    endloop
  endfacet
  facet normal 0 0 1
    outer loop
      vertex 0.401923788646684 1.5 11
      vertex 0.10222252113279495 2.223542864692438 11
      vertex 0.22836140246614 1.8519497029047307 11
    endloop
  endfacet
  facet normal 0 0 1
    outer loop
      vertex 0.401923788646684 1.5 11
      vertex 0 3 11
      vertex 0.10222252113279495 2.223542864692438 11
    endloop
  endfacet
  facet normal 0 0 1
    outer loop
      vertex 0.10222252113279495 2.223542864692438 11
      vertex 0 3 11
      vertex 0.025665415878568965 2.6084214233398453 11
    endloop
  endfacet
  facet normal 0 0 1
    outer loop
      vertex 1.173715712973838 0.6199399791262943 11
      vertex 1.903403179206867 1.9739436579027667 11
      vertex 1.6530023242769711 2.2840592525766508 11
    endloop
  endfacet
  facet normal 0 0 1
    outer loop
      vertex 1.173715712973838 0.6199399791262943 11
      vertex 1.6530023242769711 2.2840592525766508 11
      vertex 1.4586130475878814 2.6320320666266177 11
    endloop
  endfacet
  facet normal 0 0 1
    outer loop
      vertex 1.173715712973838 0.6199399791262943 11
      vertex 1.4586130475878814 2.6320320666266177 11
      vertex 1.3258275747062775 3.0078515557449563 11
    endloop
  endfacet
  facet normal 0 0 1
    outer loop
      vertex 1.173715712973838 0.6199399791262943 11
      vertex 1.3258275747062775 3.0078515557449563 11
      vertex 1.2584659019250628 3.4007060774825533 11
    endloop
  endfacet
  facet normal -0.1950903220161273 -0.9807852804032305 -1.7134140832264686e-16
    outer loop
      vertex 2.223542864692438 0.10222252113279495 11
      vertex 2.6084214233398453 0.025665415878568965 10.99
      vertex 2.6084214233398453 0.025665415878568965 11
    endloop
  endfacet
  facet normal 0 0 1
    outer loop
      vertex 2.223542864692438 0.10222252113279495 11
      vertex 2.6084214233398453 0.025665415878568965 11
      vertex 3 0 11
    endloop
  endfacet
  facet normal -0.06540312923014358 -0.9978589232386034 0
    outer loop
      vertex 2.6084214233398453 0.025665415878568965 10.99
      vertex 3 0 11
      vertex 2.6084214233398453 0.025665415878568965 11
    endloop
  endfacet
  facet normal 0 0 1
    outer loop
      vertex 1.173715712973838 0.6199399791262943 11
      vertex 3.3015081235948354 1.269033977141639 11
      vertex 2.911866487500107 1.3530081733627601 11
    endloop
  endfacet
  facet normal 0 0 1
    outer loop
      vertex 1.173715712973838 0.6199399791262943 11
      vertex 2.911866487500107 1.3530081733627601 11
      vertex 2.5420211996784685 1.501624233348514 11
    endloop
  endfacet
  facet normal 0 0 1
    outer loop
      vertex 1.173715712973838 0.6199399791262943 11
      vertex 3.6997368275109492 1.2521174294189987 11
      vertex 3.3015081235948354 1.269033977141639 11
    endloop
  endfacet
  facet normal -1 0 0
    outer loop
      vertex 0 3 11
      vertex 0 33.50999999999999 11
      vertex 0 33.50999999999999 6.2
    endloop
  endfacet
  facet normal 0 0 1
    outer loop
      vertex 1.173715712973838 0.6199399791262943 11
      vertex 0 33.50999999999999 11
      vertex 0 3 11
    endloop
  endfacet
  facet normal 0 0 1
    outer loop
      vertex 1.173715712973838 0.6199399791262943 11
      vertex 1.2584659019250628 3.4007060774825533 11
      vertex 0 33.50999999999999 11
    endloop
  endfacet
  facet normal 0 0 1
    outer loop
      vertex 1.2584659019250628 3.4007060774825533 11
      vertex 1.2584659019250628 33.50999999999999 11
      vertex 0 33.50999999999999 11
    endloop
  endfacet
  facet normal 0 -1 0
    outer loop
      vertex 3 0 0.8
      vertex 135.28 0 10.99
      vertex 3 0 11
    endloop
  endfacet
  facet normal 0 0 1
    outer loop
      vertex 1.173715712973838 0.6199399791262943 11
      vertex 3 0 11
      vertex 137.10628428702617 0.6199399791262943 11
    endloop
  endfacet
  facet normal 0 0 1
    outer loop
      vertex 1.173715712973838 0.6199399791262943 11
      vertex 137.10628428702617 0.6199399791262943 11
      vertex 3.6997368275109492 1.2521174294189987 11
    endloop
  endfacet
  facet normal 0 0 -1
    outer loop
      vertex 1.7880266408053749 1.1639388418131338 0
      vertex 0.8088565532104739 91.40279352041244 0
      vertex 2.1353449303613683 93.62296109961319 0
    endloop
  endfacet
  facet normal -0.7032035924532414 0 -0.7109885424961895
    outer loop
      vertex 0 3 0.8
      vertex 0 91.6 0.8
      vertex 0.8088565532104739 91.40279352041244 0
    endloop
  endfacet
  facet normal -1 0 0
    outer loop
      vertex 0 91.6 0.8
      vertex 0 33.50999999999999 6.2
      vertex 0 52.10999999999999 6.2
    endloop
  endfacet
  facet normal -1 0 0
    outer loop
      vertex 0 91.6 0.8
      vertex 0 52.10999999999999 6.2
      vertex 0 54.54 6.4
    endloop
  endfacet
  facet normal -0.7032035924532414 0 -0.7109885424961894
    outer loop
      vertex 0.8088565532104739 91.40279352041244 0
      vertex 0 91.6 0.8
      vertex 0.8088565532104739 91.79720647958754 0
    endloop
  endfacet
  facet normal 0 0 -1
    outer loop
      vertex 0.8088565532104739 91.40279352041244 0
      vertex 0.8088565532104739 91.79720647958754 0
      vertex 0.8792817064691225 92.18528106024668 0
    endloop
  endfacet
  facet normal 0 0 -1
    outer loop
      vertex 0.8088565532104739 91.40279352041244 0
      vertex 0.8792817064691225 92.18528106024668 0
      vertex 1.7880266408053744 93.43606115818686 0
    endloop
  endfacet
  facet normal 0 0 -1
    outer loop
      vertex 0.8792817064691225 92.18528106024668 0
      vertex 1.017868490614678 92.55454422605862 0
      vertex 1.7880266408053744 93.43606115818686 0
    endloop
  endfacet
  facet normal 0 0 -1
    outer loop
      vertex 1.017868490614678 92.55454422605862 0
      vertex 1.2201626123751155 92.89312755504343 0
      vertex 1.7880266408053744 93.43606115818686 0
    endloop
  endfacet
  facet normal 0 0 -1
    outer loop
      vertex 0.8088565532104739 91.40279352041244 0
      vertex 1.7880266408053744 93.43606115818686 0
      vertex 2.1353449303613683 93.62296109961319 0
    endloop
  endfacet
  facet normal -0.6934375185676563 0.12584035634974658 -0.7094424659946006
    outer loop
      vertex 0.8088565532104739 91.79720647958754 0
      vertex 0.025665415878568965 91.99157857666015 0.8
      vertex 0.8792817064691225 92.18528106024668 0
    endloop
  endfacet
  facet normal -0.6590632947378103 0.24735059172569446 -0.710248729884321
    outer loop
      vertex 0.8792817064691225 92.18528106024668 0
      vertex 0.22836140246614 92.74805029709526 0.8
      vertex 1.017868490614678 92.55454422605862 0
    endloop
  endfacet
  facet normal -0.6037909357555993 0.36074829035977485 -0.7108425823639699
    outer loop
      vertex 1.017868490614678 92.55454422605862 0
      vertex 0.401923788646684 93.1 0.8
      vertex 1.2201626123751155 92.89312755504343 0
    endloop
  endfacet
  facet normal 0 0 -1
    outer loop
      vertex 1.2201626123751155 92.89312755504343 0
      vertex 1.4796621722288974 93.19014870042025 0
      vertex 1.7880266408053744 93.43606115818686 0
    endloop
  endfacet
  facet normal -0.5315725401247818 0.4644209422118277 -0.7083387770130655
    outer loop
      vertex 1.2201626123751155 92.89312755504343 0
      vertex 0.6199399791262943 93.42628428702615 0.8
      vertex 1.4796621722288974 93.19014870042025 0
    endloop
  endfacet
  facet normal -0.43858401480695697 0.54996695930079 -0.7107604418038852
    outer loop
      vertex 1.4796621722288974 93.19014870042025 0
      vertex 1.173715712973838 93.9800600208737 0.8
      vertex 1.7880266408053744 93.43606115818686 0
    endloop
  endfacet
  facet normal -0.33350588851056234 0.6197577905608724 -0.7104041831013427
    outer loop
      vertex 1.7880266408053744 93.43606115818686 0
      vertex 1.5 94.19807621135331 0.8
      vertex 2.1353449303613683 93.62296109961319 0
    endloop
  endfacet
  facet normal 0 0 -1
    outer loop
      vertex 2.1353449303613683 93.62296109961319 0
      vertex 2.510453945296108 93.7448414068 0
      vertex 2.9012973732288674 93.79778474639089 0
    endloop
  endfacet
  facet normal -0.21786094166261927 0.6705070335485781 -0.7091945629090531
    outer loop
      vertex 2.1353449303613683 93.62296109961319 0
      vertex 2.223542864692438 94.49777747886719 0.8
      vertex 2.510453945296108 93.7448414068 0
    endloop
  endfacet
  facet normal -0.09439455249068524 0.6968485697867032 -0.710979422519604
    outer loop
      vertex 2.510453945296108 93.7448414068 0
      vertex 2.6084214233398453 94.57433458412143 0.8
      vertex 2.9012973732288674 93.79778474639089 0
    endloop
  endfacet
  facet normal -0.7081433392985416 0.04641416662717339 -0.7045415077505482
    outer loop
      vertex 0.8088565532104739 91.79720647958754 0
      vertex 0 91.6 0.8
      vertex 0.025665415878568965 91.99157857666015 0.8
    endloop
  endfacet
  facet normal -0.6937692822245966 0.1379992903425773 -0.7068524449321181
    outer loop
      vertex 0.8792817064691225 92.18528106024668 0
      vertex 0.025665415878568965 91.99157857666015 0.8
      vertex 0.10222252113279495 92.37645713530756 0.8
    endloop
  endfacet
  facet normal -0.6707232008604166 0.22767984705054875 -0.7058982044704435
    outer loop
      vertex 0.8792817064691225 92.18528106024668 0
      vertex 0.10222252113279495 92.37645713530756 0.8
      vertex 0.22836140246614 92.74805029709526 0.8
    endloop
  endfacet
  facet normal -0.6366975669817388 0.3139844929223018 -0.7042939346635461
    outer loop
      vertex 1.017868490614678 92.55454422605862 0
      vertex 0.22836140246614 92.74805029709526 0.8
      vertex 0.401923788646684 93.1 0.8
    endloop
  endfacet
  facet normal -0.5896773887002932 0.39400983439357895 -0.7050083883591372
    outer loop
      vertex 1.2201626123751155 92.89312755504343 0
      vertex 0.401923788646684 93.1 0.8
      vertex 0.6199399791262943 93.42628428702615 0.8
    endloop
  endfacet
  facet normal -0.5309442120064097 0.4656255770918423 -0.7080191139332196
    outer loop
      vertex 1.4796621722288974 93.19014870042025 0
      vertex 0.6199399791262943 93.42628428702615 0.8
      vertex 0.8786796564403572 93.72132034355964 0.8
    endloop
  endfacet
  facet normal -0.46750848216115193 0.5330912537444343 -0.7051592261954479
    outer loop
      vertex 1.4796621722288974 93.19014870042025 0
      vertex 0.8786796564403572 93.72132034355964 0.8
      vertex 1.173715712973838 93.9800600208737 0.8
    endloop
  endfacet
  facet normal -0.3944191917659965 0.5902900353028387 -0.7042664093855616
    outer loop
      vertex 1.7880266408053744 93.43606115818686 0
      vertex 1.173715712973838 93.9800600208737 0.8
      vertex 1.5 94.19807621135331 0.8
    endloop
  endfacet
  facet normal -0.31336930354568865 0.6354500863317093 -0.7056931821806933
    outer loop
      vertex 2.1353449303613683 93.62296109961319 0
      vertex 1.5 94.19807621135331 0.8
      vertex 1.8519497029047307 94.37163859753386 0.8
    endloop
  endfacet
  facet normal -0.22728638740155382 0.6695641061114338 -0.7071243213955715
    outer loop
      vertex 2.1353449303613683 93.62296109961319 0
      vertex 1.8519497029047307 94.37163859753386 0.8
      vertex 2.223542864692438 94.49777747886719 0.8
    endloop
  endfacet
  facet normal -0.13842970518420986 0.6959331237558068 -0.7046377111552414
    outer loop
      vertex 2.510453945296108 93.7448414068 0
      vertex 2.223542864692438 94.49777747886719 0.8
      vertex 2.6084214233398453 94.57433458412143 0.8
    endloop
  endfacet
  facet normal -0.04641952240153071 0.7082250526248953 -0.7044590142616377
    outer loop
      vertex 2.9012973732288674 93.79778474639089 0
      vertex 2.6084214233398453 94.57433458412143 0.8
      vertex 3 94.6 0.8
    endloop
  endfacet
  facet normal -0.9469301294951036 0.3214394653031678 0
    outer loop
      vertex 0.10222252113279495 92.37645713530756 0.8
      vertex 0.10222252113279495 92.37645713530756 0.81
      vertex 0.22836140246614 92.74805029709526 0.8
    endloop
  endfacet
  facet normal -1 0 0
    outer loop
      vertex 0 91.6 0.8
      vertex 0 54.54 6.4
      vertex 0 69.53999999999999 6.4
    endloop
  endfacet
  facet normal -0.9978589232386035 0.06540312923014409 -1.23276509307993e-19
    outer loop
      vertex 0 91.6 0.8
      vertex 0.025665415878568965 91.99157857666015 10.99
      vertex 0.025665415878568965 91.99157857666015 0.8
    endloop
  endfacet
  facet normal -0.9807852804032313 0.19509032201612364 0
    outer loop
      vertex 0.025665415878568965 91.99157857666015 0.8
      vertex 0.025665415878568965 91.99157857666015 10.99
      vertex 0.10222252113279495 92.37645713530756 0.8
    endloop
  endfacet
  facet normal -0.9807852804032314 0.19509032201612364 0
    outer loop
      vertex 0.10222252113279495 92.37645713530756 0.8
      vertex 0.025665415878568965 91.99157857666015 10.99
      vertex 0.10222252113279495 92.37645713530756 0.81
    endloop
  endfacet
  facet normal -0.9469301294951036 0.3214394653031678 0
    outer loop
      vertex 0.10222252113279495 92.37645713530756 0.81
      vertex 0.10222252113279495 92.37645713530756 11
      vertex 0.22836140246614 92.74805029709526 0.8
    endloop
  endfacet
  facet normal -0.8968727415326898 0.4422886902189983 -4.2541018196841956e-19
    outer loop
      vertex 0.22836140246614 92.74805029709526 0.8
      vertex 0.401923788646684 93.1 11
      vertex 0.401923788646684 93.1 0.8
    endloop
  endfacet
  facet normal -0.83146961230254 0.5555702330196101 1.7210413671630557e-18
    outer loop
      vertex 0.401923788646684 93.1 0.8
      vertex 0.6199399791262943 93.42628428702615 10.99
      vertex 0.6199399791262943 93.42628428702615 0.8
    endloop
  endfacet
  facet normal -0.7518398074789883 0.6593458151000565 8.046752724062981e-19
    outer loop
      vertex 0.6199399791262943 93.42628428702615 0.8
      vertex 0.8786796564403572 93.72132034355964 11
      vertex 0.8786796564403572 93.72132034355964 0.8
    endloop
  endfacet
  facet normal -0.6593458151000557 0.7518398074789888 1.3747221218110555e-18
    outer loop
      vertex 0.8786796564403572 93.72132034355964 0.8
      vertex 1.173715712973838 93.9800600208737 10.99
      vertex 1.173715712973838 93.9800600208737 0.8
    endloop
  endfacet
  facet normal -0.555570233019613 0.8314696123025381 0
    outer loop
      vertex 1.173715712973838 93.9800600208737 0.8
      vertex 1.173715712973838 93.9800600208737 10.99
      vertex 1.5 94.19807621135331 0.8
    endloop
  endfacet
  facet normal -0.44228869021901146 0.8968727415326833 -8.467890909353896e-19
    outer loop
      vertex 1.5 94.19807621135331 0.8
      vertex 1.8519497029047307 94.37163859753386 10.99
      vertex 1.8519497029047307 94.37163859753386 0.8
    endloop
  endfacet
  facet normal -0.32143946530313416 0.9469301294951149 -6.276825926086148e-19
    outer loop
      vertex 1.8519497029047307 94.37163859753386 0.8
      vertex 2.223542864692438 94.49777747886719 11
      vertex 2.223542864692438 94.49777747886719 0.8
    endloop
  endfacet
  facet normal -0.1950903220161578 0.9807852804032245 0
    outer loop
      vertex 2.223542864692438 94.49777747886719 0.8
      vertex 2.223542864692438 94.49777747886719 11
      vertex 2.6084214233398453 94.57433458412143 0.8
    endloop
  endfacet
  facet normal -0.06540312923013006 0.9978589232386044 0
    outer loop
      vertex 2.6084214233398453 94.57433458412143 0.8
      vertex 2.6084214233398453 94.57433458412143 10.99
      vertex 3 94.6 0.8
    endloop
  endfacet
  facet normal 0 0 -1
    outer loop
      vertex 1.7880266408053749 1.1639388418131338 0
      vertex 2.1353449303613683 93.62296109961319 0
      vertex 136.65167756408923 93.32002926142965 0
    endloop
  endfacet
  facet normal 0 0 -1
    outer loop
      vertex 2.1353449303613683 93.62296109961319 0
      vertex 2.9012973732288674 93.79778474639089 0
      vertex 136.65167756408923 93.32002926142965 0
    endloop
  endfacet
  facet normal -5.860876234123032e-20 0.7061284468282016 -0.708083763816112
    outer loop
      vertex 2.9012973732288674 93.79778474639089 0
      vertex 3 94.6 0.8
      vertex 135.28 94.6 0.8
    endloop
  endfacet
  facet normal 0 1 0
    outer loop
      vertex 3 94.6 0.8
      vertex 3 94.6 11
      vertex 135.28 94.6 0.8
    endloop
  endfacet
  facet normal -1 0 0
    outer loop
      vertex 0 52.10999999999999 11
      vertex 0 54.54 6.4
      vertex 0 52.10999999999999 6.2
    endloop
  endfacet
  facet normal -1 0 0
    outer loop
      vertex 0 52.10999999999999 11
      vertex 0 54.54 11
      vertex 0 54.54 6.4
    endloop
  endfacet
  facet normal 0 0 1
    outer loop
      vertex 0 52.10999999999999 11
      vertex 1.2584659019250628 52.10999999999999 11
      vertex 0 54.54 11
    endloop
  endfacet
  facet normal 0 0 1
    outer loop
      vertex 0 54.54 11
      vertex 1.2584659019250628 52.10999999999999 11
      vertex 1.2584659019250628 54.54 11
    endloop
  endfacet
  facet normal -1 0 0
    outer loop
      vertex 0 91.6 0.8
      vertex 0 69.53999999999999 6.4
      vertex 0 91.6 11
    endloop
  endfacet
  facet normal -0.9978589232386035 0.06540312923014409 0
    outer loop
      vertex 0 91.6 0.8
      vertex 0 91.6 11
      vertex 0.025665415878568965 91.99157857666015 10.99
    endloop
  endfacet
  facet normal -0.9807852804032313 0.19509032201612364 0
    outer loop
      vertex 0.10222252113279495 92.37645713530756 0.81
      vertex 0.025665415878568965 91.99157857666015 10.99
      vertex 0.10222252113279495 92.37645713530756 11
    endloop
  endfacet
  facet normal -0.9469301294951036 0.32143946530316775 0
    outer loop
      vertex 0.22836140246614 92.74805029709526 0.8
      vertex 0.10222252113279495 92.37645713530756 11
      vertex 0.22836140246614 92.74805029709526 11
    endloop
  endfacet
  facet normal -0.8968727415326898 0.4422886902189983 0
    outer loop
      vertex 0.22836140246614 92.74805029709526 0.8
      vertex 0.22836140246614 92.74805029709526 11
      vertex 0.401923788646684 93.1 11
    endloop
  endfacet
  facet normal -0.83146961230254 0.55557023301961 0
    outer loop
      vertex 0.401923788646684 93.1 0.8
      vertex 0.401923788646684 93.1 11
      vertex 0.6199399791262943 93.42628428702615 10.99
    endloop
  endfacet
  facet normal -0.7518398074789883 0.6593458151000565 0
    outer loop
      vertex 0.6199399791262943 93.42628428702615 0.8
      vertex 0.6199399791262943 93.42628428702615 10.99
      vertex 0.8786796564403572 93.72132034355964 11
    endloop
  endfacet
  facet normal -0.6593458151000559 0.751839807478989 0
    outer loop
      vertex 0.8786796564403572 93.72132034355964 0.8
      vertex 0.8786796564403572 93.72132034355964 11
      vertex 1.173715712973838 93.9800600208737 10.99
    endloop
  endfacet
  facet normal -0.5555702330196128 0.8314696123025382 0
    outer loop
      vertex 1.5 94.19807621135331 0.8
      vertex 1.173715712973838 93.9800600208737 10.99
      vertex 1.5 94.19807621135331 11
    endloop
  endfacet
  facet normal -0.44228869021901146 0.8968727415326833 0
    outer loop
      vertex 1.5 94.19807621135331 0.8
      vertex 1.5 94.19807621135331 11
      vertex 1.8519497029047307 94.37163859753386 11
    endloop
  endfacet
  facet normal -0.4422886902190144 0.8968727415326818 -8.628780836631468e-16
    outer loop
      vertex 1.5 94.19807621135331 0.8
      vertex 1.8519497029047307 94.37163859753386 11
      vertex 1.8519497029047307 94.37163859753386 10.99
    endloop
  endfacet
  facet normal -0.3214394653031342 0.946930129495115 0
    outer loop
      vertex 1.8519497029047307 94.37163859753386 0.8
      vertex 1.8519497029047307 94.37163859753386 10.99
      vertex 2.223542864692438 94.49777747886719 11
    endloop
  endfacet
  facet normal -0.19509032201615778 0.9807852804032245 0
    outer loop
      vertex 2.6084214233398453 94.57433458412143 0.8
      vertex 2.223542864692438 94.49777747886719 11
      vertex 2.6084214233398453 94.57433458412143 10.99
    endloop
  endfacet
  facet normal -0.06540312923013006 0.9978589232386044 0
    outer loop
      vertex 3 94.6 0.8
      vertex 2.6084214233398453 94.57433458412143 10.99
      vertex 3 94.6 11
    endloop
  endfacet
  facet normal -1 0 0
    outer loop
      vertex 0 91.6 11
      vertex 0 69.53999999999999 6.4
      vertex 0 69.53999999999999 11
    endloop
  endfacet
  facet normal 0 0 1
    outer loop
      vertex 0.8786796564403572 89.47867965644035 11
      vertex 0 69.53999999999999 11
      vertex 1.2584659019250628 69.53999999999999 11
    endloop
  endfacet
  facet normal 0 0 1
    outer loop
      vertex 0.8786796564403572 89.47867965644035 11
      vertex 0.8786796564403572 93.72132034355964 11
      vertex 0 69.53999999999999 11
    endloop
  endfacet
  facet normal 0 0 1
    outer loop
      vertex 0.8786796564403572 89.47867965644035 11
      vertex 1.2584659019250628 69.53999999999999 11
      vertex 0.8786796564403572 93.72132034355964 11
    endloop
  endfacet
  facet normal 0 0 1
    outer loop
      vertex 0 91.6 11
      vertex 0 69.53999999999999 11
      vertex 0.10222252113279495 92.37645713530756 11
    endloop
  endfacet
  facet normal 0 0 1
    outer loop
      vertex 0.10222252113279495 92.37645713530756 11
      vertex 0 69.53999999999999 11
      vertex 0.8786796564403572 93.72132034355964 11
    endloop
  endfacet
  facet normal 0 0 1
    outer loop
      vertex 1.2584659019250628 91.19929392251744 11
      vertex 1.173715712973838 93.9800600208737 11
      vertex 1.2584659019250628 69.53999999999999 11
    endloop
  endfacet
  facet normal 0 0 1
    outer loop
      vertex 0.8786796564403572 93.72132034355964 11
      vertex 1.2584659019250628 69.53999999999999 11
      vertex 1.173715712973838 93.9800600208737 11
    endloop
  endfacet
  facet normal -0.9978589232386034 0.0654031292301441 -1.2561876298484755e-16
    outer loop
      vertex 0 91.6 11
      vertex 0.025665415878568965 91.99157857666015 11
      vertex 0.025665415878568965 91.99157857666015 10.99
    endloop
  endfacet
  facet normal 0 0 1
    outer loop
      vertex 0 91.6 11
      vertex 0.10222252113279495 92.37645713530756 11
      vertex 0.025665415878568965 91.99157857666015 11
    endloop
  endfacet
  facet normal -0.9807852804032313 0.19509032201612364 0
    outer loop
      vertex 0.025665415878568965 91.99157857666015 10.99
      vertex 0.025665415878568965 91.99157857666015 11
      vertex 0.10222252113279495 92.37645713530756 11
    endloop
  endfacet
  facet normal 0 0 1
    outer loop
      vertex 0.10222252113279495 92.37645713530756 11
      vertex 0.401923788646684 93.1 11
      vertex 0.22836140246614 92.74805029709526 11
    endloop
  endfacet
  facet normal 0 0 1
    outer loop
      vertex 0.10222252113279495 92.37645713530756 11
      vertex 0.8786796564403572 93.72132034355964 11
      vertex 0.401923788646684 93.1 11
    endloop
  endfacet
  facet normal 0 0 1
    outer loop
      vertex 1.2584659019250628 91.19929392251744 11
      vertex 1.3258275747062775 91.59214844425505 11
      vertex 1.173715712973838 93.9800600208737 11
    endloop
  endfacet
  facet normal 0 0 1
    outer loop
      vertex 1.3258275747062775 91.59214844425505 11
      vertex 1.4586130475878814 91.96796793337339 11
      vertex 1.173715712973838 93.9800600208737 11
    endloop
  endfacet
  facet normal 0 0 1
    outer loop
      vertex 1.4586130475878814 91.96796793337339 11
      vertex 1.6530023242769711 92.31594074742335 11
      vertex 1.173715712973838 93.9800600208737 11
    endloop
  endfacet
  facet normal 0 0 1
    outer loop
      vertex 1.6530023242769711 92.31594074742335 11
      vertex 1.903403179206867 92.62605634209723 11
      vertex 1.173715712973838 93.9800600208737 11
    endloop
  endfacet
  facet normal -0.83146961230254 0.5555702330196101 1.7537411531391909e-15
    outer loop
      vertex 0.401923788646684 93.1 11
      vertex 0.6199399791262943 93.42628428702615 11
      vertex 0.6199399791262943 93.42628428702615 10.99
    endloop
  endfacet
  facet normal 0 0 1
    outer loop
      vertex 0.401923788646684 93.1 11
      vertex 0.8786796564403572 93.72132034355964 11
      vertex 0.6199399791262943 93.42628428702615 11
    endloop
  endfacet
  facet normal -0.7518398074789883 0.6593458151000565 0
    outer loop
      vertex 0.6199399791262943 93.42628428702615 10.99
      vertex 0.6199399791262943 93.42628428702615 11
      vertex 0.8786796564403572 93.72132034355964 11
    endloop
  endfacet
  facet normal -0.6593458151000559 0.7518398074789889 1.4008418421254955e-15
    outer loop
      vertex 0.8786796564403572 93.72132034355964 11
      vertex 1.173715712973838 93.9800600208737 11
      vertex 1.173715712973838 93.9800600208737 10.99
    endloop
  endfacet
  facet normal 0 0 1
    outer loop
      vertex 1.903403179206867 92.62605634209723 11
      vertex 2.2026120356849264 92.88939325636231 11
      vertex 1.173715712973838 93.9800600208737 11
    endloop
  endfacet
  facet normal 0 0 1
    outer loop
      vertex 1.173715712973838 93.9800600208737 11
      vertex 2.2026120356849264 92.88939325636231 11
      vertex 2.5420211996784676 93.09837576665149 11
    endloop
  endfacet
  facet normal -0.555570233019613 0.8314696123025382 0
    outer loop
      vertex 1.173715712973838 93.9800600208737 10.99
      vertex 1.173715712973838 93.9800600208737 11
      vertex 1.5 94.19807621135331 11
    endloop
  endfacet
  facet normal 0 0 1
    outer loop
      vertex 1.173715712973838 93.9800600208737 11
      vertex 1.8519497029047307 94.37163859753386 11
      vertex 1.5 94.19807621135331 11
    endloop
  endfacet
  facet normal 0 0 1
    outer loop
      vertex 1.173715712973838 93.9800600208737 11
      vertex 3 94.6 11
      vertex 1.8519497029047307 94.37163859753386 11
    endloop
  endfacet
  facet normal -0.3214394653031342 0.946930129495115 0
    outer loop
      vertex 1.8519497029047307 94.37163859753386 10.99
      vertex 1.8519497029047307 94.37163859753386 11
      vertex 2.223542864692438 94.49777747886719 11
    endloop
  endfacet
  facet normal 0 0 1
    outer loop
      vertex 1.173715712973838 93.9800600208737 11
      vertex 2.5420211996784676 93.09837576665149 11
      vertex 2.911866487500107 93.24699182663724 11
    endloop
  endfacet
  facet normal 0 0 1
    outer loop
      vertex 1.173715712973838 93.9800600208737 11
      vertex 2.911866487500107 93.24699182663724 11
      vertex 3.3015081235948354 93.33096602285836 11
    endloop
  endfacet
  facet normal 0 0 1
    outer loop
      vertex 1.173715712973838 93.9800600208737 11
      vertex 3.3015081235948354 93.33096602285836 11
      vertex 3.699736827510949 93.347882570581 11
    endloop
  endfacet
  facet normal 0 0 1
    outer loop
      vertex 1.8519497029047307 94.37163859753386 11
      vertex 3 94.6 11
      vertex 2.223542864692438 94.49777747886719 11
    endloop
  endfacet
  facet normal -0.1950903220161578 0.9807852804032247 -3.549264164403844e-16
    outer loop
      vertex 2.223542864692438 94.49777747886719 11
      vertex 2.6084214233398453 94.57433458412143 11
      vertex 2.6084214233398453 94.57433458412143 10.99
    endloop
  endfacet
  facet normal 0 0 1
    outer loop
      vertex 2.223542864692438 94.49777747886719 11
      vertex 3 94.6 11
      vertex 2.6084214233398453 94.57433458412143 11
    endloop
  endfacet
  facet normal -0.06540312923013006 0.9978589232386043 0
    outer loop
      vertex 2.6084214233398453 94.57433458412143 10.99
      vertex 2.6084214233398453 94.57433458412143 11
      vertex 3 94.6 11
    endloop
  endfacet
  facet normal 0 0 1
    outer loop
      vertex 1.173715712973838 93.9800600208737 11
      vertex 3.699736827510949 93.347882570581 11
      vertex 90.47119199405739 94.6 11
    endloop
  endfacet
  facet normal 0 0 1
    outer loop
      vertex 1.173715712973838 93.9800600208737 11
      vertex 90.47119199405739 94.6 11
      vertex 3 94.6 11
    endloop
  endfacet
  facet normal 0 1 0
    outer loop
      vertex 3 94.6 11
      vertex 93.77191683779762 94.6 8.166108872709813
      vertex 94.16001052161225 94.6 8.079845660107896
    endloop
  endfacet
  facet normal 0 1 0
    outer loop
      vertex 3 94.6 11
      vertex 94.5537310054597 94.6 8.024689247387862
      vertex 94.95058906167465 94.6 8.000988351149672
    endloop
  endfacet
  facet normal 0 1 0
    outer loop
      vertex 3 94.6 11
      vertex 94.16001052161225 94.6 8.079845660107896
      vertex 94.5537310054597 94.6 8.024689247387862
    endloop
  endfacet
  facet normal 0 1 0
    outer loop
      vertex 3 94.6 11
      vertex 93.39190360723966 94.6 8.282933501389326
      vertex 93.77191683779762 94.6 8.166108872709813
    endloop
  endfacet
  facet normal 0 1 0
    outer loop
      vertex 3 94.6 11
      vertex 93.02237339593503 94.6 8.429580943229826
      vertex 93.39190360723966 94.6 8.282933501389326
    endloop
  endfacet
  facet normal 0 1 0
    outer loop
      vertex 3 94.6 11
      vertex 91.99962426994738 94.6 9.038282202692129
      vertex 92.32402613918666 94.6 8.808452969348618
    endloop
  endfacet
  facet normal 0 1 0
    outer loop
      vertex 3 94.6 11
      vertex 92.66566249285746 94.6 8.60512404588783
      vertex 93.02237339593503 94.6 8.429580943229826
    endloop
  endfacet
  facet normal 0 1 0
    outer loop
      vertex 3 94.6 11
      vertex 92.32402613918666 94.6 8.808452969348618
      vertex 92.66566249285746 94.6 8.60512404588783
    endloop
  endfacet
  facet normal 0 1 0
    outer loop
      vertex 3 94.6 11
      vertex 91.69450785820482 94.6 9.29315869150691
      vertex 91.99962426994738 94.6 9.038282202692129
    endloop
  endfacet
  facet normal 0 1 0
    outer loop
      vertex 3 94.6 11
      vertex 91.41060594815252 94.6 9.571471024567934
      vertex 91.69450785820482 94.6 9.29315869150691
    endloop
  endfacet
  facet normal 0 1 0
    outer loop
      vertex 3 94.6 11
      vertex 91.14971345907394 94.6 9.8714596216972
      vertex 91.41060594815252 94.6 9.571471024567934
    endloop
  endfacet
  facet normal 0 1 0
    outer loop
      vertex 3 94.6 11
      vertex 90.91347983728471 94.6 10.191227858396147
      vertex 91.14971345907394 94.6 9.8714596216972
    endloop
  endfacet
  facet normal 0 1 0
    outer loop
      vertex 3 94.6 11
      vertex 90.70339862780209 94.6 10.528754056916386
      vertex 90.91347983728471 94.6 10.191227858396147
    endloop
  endfacet
  facet normal 0 1 0
    outer loop
      vertex 3 94.6 11
      vertex 90.52079803167238 94.6 10.88190426795736
      vertex 90.70339862780209 94.6 10.528754056916386
    endloop
  endfacet
  facet normal 0 0 1
    outer loop
      vertex 3.699736827510949 93.347882570581 11
      vertex 90.47119199405739 93.347882570581 11
      vertex 90.47119199405739 94.6 11
    endloop
  endfacet
  facet normal 0 1 0
    outer loop
      vertex 3 94.6 11
      vertex 90.47119199405739 94.6 11
      vertex 90.52079803167238 94.6 10.88190426795736
    endloop
  endfacet
  facet normal 0 0 -1
    outer loop
      vertex 1.7880266408053749 1.1639388418131338 0
      vertex 136.65167756408923 1.279970738570334 0
      vertex 135.18129737322886 0.8022152536091074 0
    endloop
  endfacet
  facet normal 0 -0.706128446828201 -0.7080837638161129
    outer loop
      vertex 3 0 0.8
      vertex 135.18129737322886 0.8022152536091074 0
      vertex 135.28 0 0.8
    endloop
  endfacet
  facet normal 0 -1 0
    outer loop
      vertex 3 0 0.8
      vertex 135.28 0 0.8
      vertex 135.28 0 10.99
    endloop
  endfacet
  facet normal 0 0 -1
    outer loop
      vertex 1.7880266408053749 1.1639388418131338 0
      vertex 136.65167756408923 93.32002926142965 0
      vertex 136.65167756408923 1.279970738570334 0
    endloop
  endfacet
  facet normal 0 0 -1
    outer loop
      vertex 135.18129737322886 0.8022152536091074 0
      vertex 135.95983738762487 0.9076756641506623 0
      vertex 135.57531318479883 0.8199105241105435 0
    endloop
  endfacet
  facet normal 0 0 -1
    outer loop
      vertex 135.18129737322886 0.8022152536091074 0
      vertex 136.65167756408923 1.279970738570334 0
      vertex 135.95983738762487 0.9076756641506623 0
    endloop
  endfacet
  facet normal 0.031608728341127636 -0.703823021468554 -0.7096717852243614
    outer loop
      vertex 135.18129737322886 0.8022152536091074 0
      vertex 135.57531318479883 0.8199105241105435 0
      vertex 135.28 0 0.8
    endloop
  endfacet
  facet normal 0.156682814937743 -0.6864722654454337 -0.7100748723038992
    outer loop
      vertex 135.57531318479883 0.8199105241105435 0
      vertex 135.95983738762487 0.9076756641506623 0
      vertex 136.05645713530757 0.10222252113279495 0.8
    endloop
  endfacet
  facet normal 0 0 -1
    outer loop
      vertex 135.95983738762487 0.9076756641506623 0
      vertex 136.65167756408923 1.279970738570334 0
      vertex 136.3225110574406 1.062689829915176 0
    endloop
  endfacet
  facet normal 0.27640923174939397 -0.6466915456087257 -0.710906450555843
    outer loop
      vertex 135.95983738762487 0.9076756641506623 0
      vertex 136.3225110574406 1.062689829915176 0
      vertex 136.42805029709527 0.22836140246614 0.8
    endloop
  endfacet
  facet normal 0.388694972131826 -0.5888477129464457 -0.7086427799654628
    outer loop
      vertex 136.3225110574406 1.062689829915176 0
      vertex 136.65167756408923 1.279970738570334 0
      vertex 136.78 0.401923788646684 0.8
    endloop
  endfacet
  facet normal 0.48618717972711023 -0.5085119227332766 -0.7106600106289257
    outer loop
      vertex 136.65167756408923 1.279970738570334 0
      vertex 136.93675722520794 1.5525348029326314 0
      vertex 137.40132034355963 0.8786796564403572 0.8
    endloop
  endfacet
  facet normal 0 0 -1
    outer loop
      vertex 136.65167756408923 1.279970738570334 0
      vertex 137.1685873459241 1.8716215897070072 0
      vertex 136.93675722520794 1.5525348029326314 0
    endloop
  endfacet
  facet normal 0 0 -1
    outer loop
      vertex 136.65167756408923 1.279970738570334 0
      vertex 137.48 3 0
      vertex 137.1685873459241 1.8716215897070072 0
    endloop
  endfacet
  facet normal 0 0 -1
    outer loop
      vertex 137.1685873459241 1.8716215897070072 0
      vertex 137.48 3 0
      vertex 137.33971671540743 2.2269753870210467 0
    endloop
  endfacet
  facet normal 0 0 -1
    outer loop
      vertex 137.33971671540743 2.2269753870210467 0
      vertex 137.48 3 0
      vertex 137.44464509491698 2.6071748314429994 0
    endloop
  endfacet
  facet normal 0.5692692840633113 -0.4135983447591447 -0.7105412665247111
    outer loop
      vertex 136.93675722520794 1.5525348029326314 0
      vertex 137.1685873459241 1.8716215897070072 0
      vertex 137.66006002087371 1.173715712973838 0.8
    endloop
  endfacet
  facet normal 0.6354360788030353 -0.30600988742616236 -0.7089280207135631
    outer loop
      vertex 137.1685873459241 1.8716215897070072 0
      vertex 137.33971671540743 2.2269753870210467 0
      vertex 138.05163859753387 1.8519497029047307 0.8
    endloop
  endfacet
  facet normal 0.6778977013406489 -0.18708787800325508 -0.7109520605647778
    outer loop
      vertex 137.33971671540743 2.2269753870210467 0
      vertex 137.44464509491698 2.6071748314429994 0
      vertex 138.1777774788672 2.223542864692438 0.8
    endloop
  endfacet
  facet normal 0.7014846656686319 -0.06313476262991416 -0.7098825716831143
    outer loop
      vertex 137.44464509491698 2.6071748314429994 0
      vertex 137.48 3 0
      vertex 138.25433458412144 2.6084214233398453 0.8
    endloop
  endfacet
  facet normal 0.046280519289723855 -0.7061042749630742 -0.706593848270097
    outer loop
      vertex 135.57531318479883 0.8199105241105435 0
      vertex 135.67157857666015 0.025665415878568965 0.8
      vertex 135.28 0 0.8
    endloop
  endfacet
  facet normal 0.13814257798724988 -0.6944896378593935 -0.7061166837378686
    outer loop
      vertex 135.57531318479883 0.8199105241105435 0
      vertex 136.05645713530757 0.10222252113279495 0.8
      vertex 135.67157857666015 0.025665415878568965 0.8
    endloop
  endfacet
  facet normal 0.22817943772848998 -0.6721949475387877 -0.7043352161444411
    outer loop
      vertex 135.95983738762487 0.9076756641506623 0
      vertex 136.42805029709527 0.22836140246614 0.8
      vertex 136.05645713530757 0.10222252113279495 0.8
    endloop
  endfacet
  facet normal 0.3137309998690028 -0.636183533919851 -0.7048711732582384
    outer loop
      vertex 136.3225110574406 1.062689829915176 0
      vertex 136.78 0.401923788646684 0.8
      vertex 136.42805029709527 0.22836140246614 0.8
    endloop
  endfacet
  facet normal 0.39251333714636916 -0.5874377222963316 -0.7077077098530994
    outer loop
      vertex 136.65167756408923 1.279970738570334 0
      vertex 137.10628428702617 0.6199399791262943 0.8
      vertex 136.78 0.401923788646684 0.8
    endloop
  endfacet
  facet normal 0.4674006340791331 -0.5329682765761571 -0.7053236586318831
    outer loop
      vertex 136.65167756408923 1.279970738570334 0
      vertex 137.40132034355963 0.8786796564403572 0.8
      vertex 137.10628428702617 0.6199399791262943 0.8
    endloop
  endfacet
  facet normal 0.5337682524113327 -0.46810219405755066 -0.7042526454591839
    outer loop
      vertex 136.93675722520794 1.5525348029326314 0
      vertex 137.66006002087371 1.173715712973838 0.8
      vertex 137.40132034355963 0.8786796564403572 0.8
    endloop
  endfacet
  facet normal 0.5892693921382077 -0.39373721980642606 -0.7055016550144821
    outer loop
      vertex 137.1685873459241 1.8716215897070072 0
      vertex 137.87807621135332 1.5 0.8
      vertex 137.66006002087371 1.173715712973838 0.8
    endloop
  endfacet
  facet normal 0.6339132461316216 -0.3126114178304744 -0.7074094272915019
    outer loop
      vertex 137.1685873459241 1.8716215897070072 0
      vertex 138.05163859753387 1.8519497029047307 0.8
      vertex 137.87807621135332 1.5 0.8
    endloop
  endfacet
  facet normal 0.67180726083304 -0.22804783582509267 -0.7047476065000146
    outer loop
      vertex 137.33971671540743 2.2269753870210467 0
      vertex 138.1777774788672 2.223542864692438 0.8
      vertex 138.05163859753387 1.8519497029047307 0.8
    endloop
  endfacet
  facet normal 0.6961740636308982 -0.1384776311051604 -0.7043902461073303
    outer loop
      vertex 137.44464509491698 2.6071748314429994 0
      vertex 138.25433458412144 2.6084214233398453 0.8
      vertex 138.1777774788672 2.223542864692438 0.8
    endloop
  endfacet
  facet normal 0.7063485793639731 -0.04629653184612964 -0.7063485793639832
    outer loop
      vertex 137.48 3 0
      vertex 138.28 3 0.8
      vertex 138.25433458412144 2.6084214233398453 0.8
    endloop
  endfacet
  facet normal 0.6593458151000925 -0.7518398074789568 1.1784507984226372e-15
    outer loop
      vertex 137.10628428702617 0.6199399791262943 0.8
      vertex 137.40132034355963 0.8786796564403572 0.8
      vertex 137.40132034355963 0.8786796564403572 0.81
    endloop
  endfacet
  facet normal 0.751839807478953 -0.6593458151000967 0
    outer loop
      vertex 137.40132034355963 0.8786796564403572 0.8
      vertex 137.66006002087371 1.173715712973838 0.8
      vertex 137.40132034355963 0.8786796564403572 0.81
    endloop
  endfacet
  facet normal 1 0 0
    outer loop
      vertex 138.28 3 0.8
      vertex 138.28 23.067662578839368 3.078586943594522
      vertex 138.28 22.683155547135648 3.1779037887640724
    endloop
  endfacet
  facet normal 1 0 0
    outer loop
      vertex 138.28 3 0.8
      vertex 138.28 23.458333770392343 3.0072741589439937
      vertex 138.28 23.067662578839368 3.078586943594522
    endloop
  endfacet
  facet normal 1 0 0
    outer loop
      vertex 138.28 3 0.8
      vertex 138.28 23.853132343096615 2.964337226651275
      vertex 138.28 23.458333770392343 3.0072741589439937
    endloop
  endfacet
  facet normal 1 0 0
    outer loop
      vertex 138.28 3 0.8
      vertex 138.28 24.25 2.9499999999999993
      vertex 138.28 23.853132343096615 2.964337226651275
    endloop
  endfacet
  facet normal 1 0 0
    outer loop
      vertex 138.28 3 0.8
      vertex 138.28 22.683155547135648 3.1779037887640724
      vertex 138.28 22.30681731690394 3.304706902409194
    endloop
  endfacet
  facet normal 1 0 0
    outer loop
      vertex 138.28 3 0.8
      vertex 138.28 22.30681731690394 3.304706902409194
      vertex 138.28 21.940609941418543 3.458335191809736
    endloop
  endfacet
  facet normal 1 0 0
    outer loop
      vertex 138.28 3 0.8
      vertex 138.28 21.940609941418543 3.458335191809736
      vertex 138.28 21.586442656368092 3.637987710200176
    endloop
  endfacet
  facet normal 0.06540312923014409 -0.9978589232386035 -1.23276509307993e-19
    outer loop
      vertex 135.28 0 0.8
      vertex 135.67157857666015 0.025665415878568965 0.8
      vertex 135.67157857666015 0.025665415878568965 10.99
    endloop
  endfacet
  facet normal 0.19509032201612364 -0.9807852804032313 0
    outer loop
      vertex 135.67157857666015 0.025665415878568965 0.8
      vertex 136.05645713530757 0.10222252113279495 0.8
      vertex 135.67157857666015 0.025665415878568965 10.99
    endloop
  endfacet
  facet normal 0.32143946530316775 -0.9469301294951036 0
    outer loop
      vertex 136.05645713530757 0.10222252113279495 0.8
      vertex 136.42805029709527 0.22836140246614 0.8
      vertex 136.05645713530757 0.10222252113279495 11
    endloop
  endfacet
  facet normal 0.4422886902189983 -0.8968727415326898 0
    outer loop
      vertex 136.42805029709527 0.22836140246614 0.8
      vertex 136.78 0.401923788646684 0.8
      vertex 136.42805029709527 0.22836140246614 11
    endloop
  endfacet
  facet normal 0.5555702330195932 -0.8314696123025512 -8.859210451120486e-19
    outer loop
      vertex 136.78 0.401923788646684 0.8
      vertex 137.10628428702617 0.6199399791262943 0.8
      vertex 137.10628428702617 0.6199399791262943 11
    endloop
  endfacet
  facet normal 0.6593458151000924 -0.7518398074789568 0
    outer loop
      vertex 137.10628428702617 0.6199399791262943 0.8
      vertex 137.40132034355963 0.8786796564403572 0.81
      vertex 137.10628428702617 0.6199399791262943 11
    endloop
  endfacet
  facet normal 0.751839807478953 -0.6593458151000967 -1.2842489476328164e-18
    outer loop
      vertex 137.40132034355963 0.8786796564403572 0.81
      vertex 137.66006002087371 1.173715712973838 0.8
      vertex 137.66006002087371 1.173715712973838 10.99
    endloop
  endfacet
  facet normal 0.8314696123025548 -0.5555702330195879 -1.068292079127904e-18
    outer loop
      vertex 137.66006002087371 1.173715712973838 0.8
      vertex 137.87807621135332 1.5 0.8
      vertex 137.87807621135332 1.5 10.99
    endloop
  endfacet
  facet normal 0.8968727415326833 -0.44228869021901146 0
    outer loop
      vertex 137.87807621135332 1.5 0.8
      vertex 138.05163859753387 1.8519497029047307 0.8
      vertex 137.87807621135332 1.5 10.99
    endloop
  endfacet
  facet normal 0.946930129495115 -0.3214394653031342 -6.282985716003799e-19
    outer loop
      vertex 138.05163859753387 1.8519497029047307 0.8
      vertex 138.1777774788672 2.223542864692438 0.8
      vertex 138.1777774788672 2.223542864692438 10.99
    endloop
  endfacet
  facet normal 0.9807852804032245 -0.19509032201615778 -3.4830855391597334e-19
    outer loop
      vertex 138.1777774788672 2.223542864692438 0.8
      vertex 138.25433458412144 2.6084214233398453 0.8
      vertex 138.25433458412144 2.6084214233398453 10.99
    endloop
  endfacet
  facet normal 0.9978589232386044 -0.06540312923013006 0
    outer loop
      vertex 138.25433458412144 2.6084214233398453 0.8
      vertex 138.28 3 0.8
      vertex 138.25433458412144 2.6084214233398453 10.99
    endloop
  endfacet
  facet normal 1 0 0
    outer loop
      vertex 138.28 3 0.8
      vertex 138.28 20.6142747466574 4.3230759781397845
      vertex 138.28 20.32596266488012 4.5961796885966155
    endloop
  endfacet
  facet normal 1 0 0
    outer loop
      vertex 138.28 3 0.8
      vertex 138.28 20.32596266488012 4.5961796885966155
      vertex 138.28 20.058108696798 4.8893754336999455
    endloop
  endfacet
  facet normal 1 0 0
    outer loop
      vertex 138.28 3 0.8
      vertex 138.28 21.586442656368092 3.637987710200176
      vertex 138.28 21.246161925984666 3.8427278325351946
    endloop
  endfacet
  facet normal 1 0 0
    outer loop
      vertex 138.28 3 0.8
      vertex 138.28 21.246161925984666 3.8427278325351946
      vertex 138.28 20.921541816434292 4.0714881386189585
    endloop
  endfacet
  facet normal 1 0 0
    outer loop
      vertex 138.28 3 0.8
      vertex 138.28 20.921541816434292 4.0714881386189585
      vertex 138.28 20.6142747466574 4.3230759781397845
    endloop
  endfacet
  facet normal 1 0 0
    outer loop
      vertex 138.28 3 0.8
      vertex 138.28 20.058108696798 4.8893754336999455
      vertex 138.28 19.812109308974613 5.2011346265949685
    endloop
  endfacet
  facet normal 1 0 0
    outer loop
      vertex 138.28 3 0.8
      vertex 138.28 19.812109308974613 5.2011346265949685
      vertex 138.28 19.589247028311526 5.529831899205621
    endloop
  endfacet
  facet normal 1 0 0
    outer loop
      vertex 138.28 3 0.8
      vertex 138.28 19.589247028311526 5.529831899205621
      vertex 138.28 19.390683755546874 5.873753576151154
    endloop
  endfacet
  facet normal 1 0 0
    outer loop
      vertex 138.28 3 0.8
      vertex 138.28 19.390683755546874 5.873753576151154
      vertex 138.28 19.217454707642933 6.231106609056051
    endloop
  endfacet
  facet normal 1 0 0
    outer loop
      vertex 138.28 3 0.8
      vertex 138.28 19.217454707642933 6.231106609056051
      vertex 138.28 19.070463020644205 6.600027924674038
    endloop
  endfacet
  facet normal 1 0 0
    outer loop
      vertex 138.28 3 0.8
      vertex 138.28 19.070463020644205 6.600027924674038
      vertex 138.28 18.950475041144273 6.978594138089285
    endloop
  endfacet
  facet normal 1 0 0
    outer loop
      vertex 138.28 3 0.8
      vertex 138.28 18.950475041144273 6.978594138089285
      vertex 138.28 18.85811633090951 7.364831580354801
    endloop
  endfacet
  facet normal 1 0 0
    outer loop
      vertex 138.28 3 0.8
      vertex 138.28 18.85811633090951 7.364831580354801
      vertex 138.28 18.793868405489675 7.756726588288408
    endloop
  endfacet
  facet normal 0 0 -1
    outer loop
      vertex 136.65167756408923 1.279970738570334 0
      vertex 136.65167756408923 93.32002926142965 0
      vertex 137.48 3 0
    endloop
  endfacet
  facet normal 0.7071067811865426 1.3290850383892414e-19 -0.7071067811865527
    outer loop
      vertex 137.48 3 0
      vertex 138.28 91.6 0.8
      vertex 138.28 3 0.8
    endloop
  endfacet
  facet normal 1 0 0
    outer loop
      vertex 138.28 3 0.8
      vertex 138.28 91.6 0.8
      vertex 138.28 24.25 2.9499999999999993
    endloop
  endfacet
  facet normal 1 0 0
    outer loop
      vertex 138.28 91.6 0.8
      vertex 138.28 24.64686765690339 2.964337226651275
      vertex 138.28 24.25 2.9499999999999993
    endloop
  endfacet
  facet normal 1 0 0
    outer loop
      vertex 138.28 91.6 0.8
      vertex 138.28 25.041666229607657 3.0072741589439937
      vertex 138.28 24.64686765690339 2.964337226651275
    endloop
  endfacet
  facet normal 1 0 0
    outer loop
      vertex 138.28 25.432337421160632 3.078586943594523
      vertex 138.28 25.041666229607657 3.0072741589439937
      vertex 138.28 62.94766257883936 3.078586943594522
    endloop
  endfacet
  facet normal 1 0 0
    outer loop
      vertex 138.28 25.81684445286435 3.1779037887640724
      vertex 138.28 25.432337421160632 3.078586943594523
      vertex 138.28 62.56315554713564 3.1779037887640724
    endloop
  endfacet
  facet normal 1 0 0
    outer loop
      vertex 138.28 26.19318268309606 3.304706902409194
      vertex 138.28 25.81684445286435 3.1779037887640724
      vertex 138.28 62.186817316903934 3.304706902409194
    endloop
  endfacet
  facet normal 1 0 0
    outer loop
      vertex 138.28 26.559390058581457 3.458335191809736
      vertex 138.28 26.19318268309606 3.304706902409194
      vertex 138.28 61.82060994141854 3.458335191809736
    endloop
  endfacet
  facet normal 1 0 0
    outer loop
      vertex 138.28 26.913557343631908 3.637987710200176
      vertex 138.28 26.559390058581457 3.458335191809736
      vertex 138.28 61.46644265636809 3.637987710200176
    endloop
  endfacet
  facet normal 1 0 0
    outer loop
      vertex 138.28 27.253838074015334 3.842727832535193
      vertex 138.28 26.913557343631908 3.637987710200176
      vertex 138.28 61.12616192598466 3.8427278325351946
    endloop
  endfacet
  facet normal 1 0 0
    outer loop
      vertex 138.28 27.578458183565708 4.0714881386189585
      vertex 138.28 27.253838074015334 3.842727832535193
      vertex 138.28 60.80154181643429 4.0714881386189585
    endloop
  endfacet
  facet normal 1 0 0
    outer loop
      vertex 138.28 27.885725253342603 4.323075978139786
      vertex 138.28 27.578458183565708 4.0714881386189585
      vertex 138.28 60.494274746657396 4.3230759781397845
    endloop
  endfacet
  facet normal 1 0 0
    outer loop
      vertex 138.28 60.20596266488012 4.5961796885966155
      vertex 138.28 28.17403733511988 4.5961796885966155
      vertex 138.28 27.885725253342603 4.323075978139786
    endloop
  endfacet
  facet normal 1 0 0
    outer loop
      vertex 138.28 60.20596266488012 4.5961796885966155
      vertex 138.28 28.441891303202 4.889375433699948
      vertex 138.28 28.17403733511988 4.5961796885966155
    endloop
  endfacet
  facet normal 1 0 0
    outer loop
      vertex 138.28 60.20596266488012 4.5961796885966155
      vertex 138.28 28.687890691025387 5.201134626594968
      vertex 138.28 28.441891303202 4.889375433699948
    endloop
  endfacet
  facet normal 1 0 0
    outer loop
      vertex 138.28 60.20596266488012 4.5961796885966155
      vertex 138.28 28.910752971688474 5.529831899205622
      vertex 138.28 28.687890691025387 5.201134626594968
    endloop
  endfacet
  facet normal 1 0 0
    outer loop
      vertex 138.28 60.20596266488012 4.5961796885966155
      vertex 138.28 29.109316244453126 5.873753576151154
      vertex 138.28 28.910752971688474 5.529831899205622
    endloop
  endfacet
  facet normal 0 -1 0
    outer loop
      vertex 3 0 11
      vertex 135.28 0 10.99
      vertex 135.28 0 11
    endloop
  endfacet
  facet normal 0 0 1
    outer loop
      vertex 3 0 11
      vertex 135.28 0 11
      vertex 137.10628428702617 0.6199399791262943 11
    endloop
  endfacet
  facet normal 0 0 1
    outer loop
      vertex 3.6997368275109492 1.2521174294189987 11
      vertex 137.10628428702617 0.6199399791262943 11
      vertex 134.77973682751096 1.2521174294189987 11
    endloop
  endfacet
  facet normal 1 0 0
    outer loop
      vertex 138.28 3 0.8
      vertex 138.28 18.750896441894472 8.549297820878083
      vertex 138.28 3 11
    endloop
  endfacet
  facet normal 0.06540312923014409 -0.9978589232386035 0
    outer loop
      vertex 135.28 0 0.8
      vertex 135.67157857666015 0.025665415878568965 10.99
      vertex 135.28 0 10.99
    endloop
  endfacet
  facet normal 0.19509032201612367 -0.9807852804032315 0
    outer loop
      vertex 136.05645713530757 0.10222252113279495 0.8
      vertex 136.05645713530757 0.10222252113279495 11
      vertex 135.67157857666015 0.025665415878568965 10.99
    endloop
  endfacet
  facet normal 0.32143946530316775 -0.9469301294951036 0
    outer loop
      vertex 136.42805029709527 0.22836140246614 0.8
      vertex 136.42805029709527 0.22836140246614 11
      vertex 136.05645713530757 0.10222252113279495 11
    endloop
  endfacet
  facet normal 0.4422886902189983 -0.8968727415326898 0
    outer loop
      vertex 136.78 0.401923788646684 0.8
      vertex 136.78 0.401923788646684 11
      vertex 136.42805029709527 0.22836140246614 11
    endloop
  endfacet
  facet normal 0.5555702330195932 -0.8314696123025512 0
    outer loop
      vertex 136.78 0.401923788646684 0.8
      vertex 137.10628428702617 0.6199399791262943 11
      vertex 136.78 0.401923788646684 11
    endloop
  endfacet
  facet normal 0.6593458151000924 -0.7518398074789568 0
    outer loop
      vertex 137.40132034355963 0.8786796564403572 0.81
      vertex 137.40132034355963 0.8786796564403572 11
      vertex 137.10628428702617 0.6199399791262943 11
    endloop
  endfacet
  facet normal 0.751839807478953 -0.6593458151000967 0
    outer loop
      vertex 137.40132034355963 0.8786796564403572 0.81
      vertex 137.66006002087371 1.173715712973838 11
      vertex 137.40132034355963 0.8786796564403572 11
    endloop
  endfacet
  facet normal 0.7518398074789343 -0.6593458151001179 -1.3086496776378628e-15
    outer loop
      vertex 137.40132034355963 0.8786796564403572 0.81
      vertex 137.66006002087371 1.173715712973838 10.99
      vertex 137.66006002087371 1.173715712973838 11
    endloop
  endfacet
  facet normal 0.8314696123025548 -0.5555702330195879 0
    outer loop
      vertex 137.66006002087371 1.173715712973838 0.8
      vertex 137.87807621135332 1.5 10.99
      vertex 137.66006002087371 1.173715712973838 10.99
    endloop
  endfacet
  facet normal 0.8968727415326857 -0.44228869021900663 -8.628780836631431e-16
    outer loop
      vertex 138.05163859753387 1.8519497029047307 0.8
      vertex 137.87807621135332 1.5 11
      vertex 137.87807621135332 1.5 10.99
    endloop
  endfacet
  facet normal 0.8968727415326833 -0.44228869021901146 0
    outer loop
      vertex 138.05163859753387 1.8519497029047307 0.8
      vertex 138.05163859753387 1.8519497029047307 11
      vertex 137.87807621135332 1.5 11
    endloop
  endfacet
  facet normal 0.9469301294951149 -0.32143946530313416 0
    outer loop
      vertex 138.05163859753387 1.8519497029047307 0.8
      vertex 138.1777774788672 2.223542864692438 11
      vertex 138.05163859753387 1.8519497029047307 11
    endloop
  endfacet
  facet normal 0.9469301294951192 -0.32143946530312173 -6.402362444607979e-16
    outer loop
      vertex 138.05163859753387 1.8519497029047307 0.8
      vertex 138.1777774788672 2.223542864692438 10.99
      vertex 138.1777774788672 2.223542864692438 11
    endloop
  endfacet
  facet normal 0.9807852804032245 -0.19509032201615778 0
    outer loop
      vertex 138.1777774788672 2.223542864692438 0.8
      vertex 138.25433458412144 2.6084214233398453 10.99
      vertex 138.1777774788672 2.223542864692438 10.99
    endloop
  endfacet
  facet normal 0.9978589232386044 -0.06540312923013006 0
    outer loop
      vertex 138.28 3 0.8
      vertex 138.28 3 11
      vertex 138.25433458412144 2.6084214233398453 10.99
    endloop
  endfacet
  facet normal 1 0 0
    outer loop
      vertex 138.28 3 0.8
      vertex 138.28 18.793868405489675 7.756726588288408
      vertex 138.28 18.75806622381882 8.152236002780201
    endloop
  endfacet
  facet normal 1 0 0
    outer loop
      vertex 138.28 3 0.8
      vertex 138.28 18.75806622381882 8.152236002780201
      vertex 138.28 18.750896441894472 8.549297820878083
    endloop
  endfacet
  facet normal 0.0654031292301441 -0.9978589232386034 0
    outer loop
      vertex 135.28 0 10.99
      vertex 135.67157857666015 0.025665415878568965 10.99
      vertex 135.28 0 11
    endloop
  endfacet
  facet normal 0.0654031292301441 -0.9978589232386034 -1.2561876298484755e-16
    outer loop
      vertex 135.28 0 11
      vertex 135.67157857666015 0.025665415878568965 10.99
      vertex 135.67157857666015 0.025665415878568965 11
    endloop
  endfacet
  facet normal 0 0 1
    outer loop
      vertex 135.28 0 11
      vertex 135.67157857666015 0.025665415878568965 11
      vertex 136.05645713530757 0.10222252113279495 11
    endloop
  endfacet
  facet normal 0.19509032201612364 -0.9807852804032313 0
    outer loop
      vertex 135.67157857666015 0.025665415878568965 10.99
      vertex 136.05645713530757 0.10222252113279495 11
      vertex 135.67157857666015 0.025665415878568965 11
    endloop
  endfacet
  facet normal 0 0 1
    outer loop
      vertex 134.77973682751096 1.2521174294189987 11
      vertex 137.10628428702617 0.6199399791262943 11
      vertex 135.17509628448997 1.3027451884729375 11
    endloop
  endfacet
  facet normal 0 0 1
    outer loop
      vertex 135.17509628448997 1.3027451884729375 11
      vertex 137.10628428702617 0.6199399791262943 11
      vertex 135.55621272278373 1.419460785853203 11
    endloop
  endfacet
  facet normal 0 0 1
    outer loop
      vertex 135.28 0 11
      vertex 136.05645713530757 0.10222252113279495 11
      vertex 137.10628428702617 0.6199399791262943 11
    endloop
  endfacet
  facet normal 0 0 1
    outer loop
      vertex 136.05645713530757 0.10222252113279495 11
      vertex 136.42805029709527 0.22836140246614 11
      vertex 137.10628428702617 0.6199399791262943 11
    endloop
  endfacet
  facet normal 0 0 1
    outer loop
      vertex 136.42805029709527 0.22836140246614 11
      vertex 136.78 0.401923788646684 11
      vertex 137.10628428702617 0.6199399791262943 11
    endloop
  endfacet
  facet normal 0 0 1
    outer loop
      vertex 135.55621272278373 1.419460785853203 11
      vertex 137.10628428702617 0.6199399791262943 11
      vertex 135.9121221163595 1.5989065263267181 11
    endloop
  endfacet
  facet normal 0 0 1
    outer loop
      vertex 135.9121221163595 1.5989065263267181 11
      vertex 137.10628428702617 0.6199399791262943 11
      vertex 136.2325855999667 1.835920082656098 11
    endloop
  endfacet
  facet normal 0 0 1
    outer loop
      vertex 137.10628428702617 0.6199399791262943 11
      vertex 137.40132034355963 0.8786796564403572 11
      vertex 137.66006002087371 1.173715712973838 11
    endloop
  endfacet
  facet normal 0 0 1
    outer loop
      vertex 137.10628428702617 0.6199399791262943 11
      vertex 137.66006002087371 1.173715712973838 11
      vertex 137.87807621135332 1.5 11
    endloop
  endfacet
  facet normal 0.831469612302555 -0.5555702330195879 0
    outer loop
      vertex 137.66006002087371 1.173715712973838 10.99
      vertex 137.87807621135332 1.5 11
      vertex 137.66006002087371 1.173715712973838 11
    endloop
  endfacet
  facet normal 0.831469612302555 -0.5555702330195879 -1.0885896286313574e-15
    outer loop
      vertex 137.66006002087371 1.173715712973838 10.99
      vertex 137.87807621135332 1.5 10.99
      vertex 137.87807621135332 1.5 11
    endloop
  endfacet
  facet normal 0 0 1
    outer loop
      vertex 137.10628428702617 0.6199399791262943 11
      vertex 136.50838402264833 2.123683006355241 11
      vertex 136.2325855999667 1.835920082656098 11
    endloop
  endfacet
  facet normal 0 0 1
    outer loop
      vertex 137.10628428702617 0.6199399791262943 11
      vertex 136.7315831659288 2.4539168820379595 11
      vertex 136.50838402264833 2.123683006355241 11
    endloop
  endfacet
  facet normal 0 0 1
    outer loop
      vertex 137.10628428702617 0.6199399791262943 11
      vertex 136.89576199683356 2.817121482356164 11
      vertex 136.7315831659288 2.4539168820379595 11
    endloop
  endfacet
  facet normal 0 0 1
    outer loop
      vertex 137.10628428702617 0.6199399791262943 11
      vertex 136.99619738931713 3.202848072243654 11
      vertex 136.89576199683356 2.817121482356164 11
    endloop
  endfacet
  facet normal 0 0 1
    outer loop
      vertex 137.10628428702617 0.6199399791262943 11
      vertex 137.03 3.6 11
      vertex 136.99619738931713 3.202848072243654 11
    endloop
  endfacet
  facet normal 0 0 1
    outer loop
      vertex 137.10628428702617 0.6199399791262943 11
      vertex 137.87807621135332 1.5 11
      vertex 138.28 3 11
    endloop
  endfacet
  facet normal 0 0 1
    outer loop
      vertex 137.87807621135332 1.5 11
      vertex 138.05163859753387 1.8519497029047307 11
      vertex 138.1777774788672 2.223542864692438 11
    endloop
  endfacet
  facet normal 0 0 1
    outer loop
      vertex 137.87807621135332 1.5 11
      vertex 138.1777774788672 2.223542864692438 11
      vertex 138.28 3 11
    endloop
  endfacet
  facet normal 0.9807852804032247 -0.1950903220161578 0
    outer loop
      vertex 138.1777774788672 2.223542864692438 10.99
      vertex 138.25433458412144 2.6084214233398453 11
      vertex 138.1777774788672 2.223542864692438 11
    endloop
  endfacet
  facet normal 0.9807852804032247 -0.1950903220161578 -3.549264164403844e-16
    outer loop
      vertex 138.1777774788672 2.223542864692438 10.99
      vertex 138.25433458412144 2.6084214233398453 10.99
      vertex 138.25433458412144 2.6084214233398453 11
    endloop
  endfacet
  facet normal 0 0 1
    outer loop
      vertex 138.1777774788672 2.223542864692438 11
      vertex 138.25433458412144 2.6084214233398453 11
      vertex 138.28 3 11
    endloop
  endfacet
  facet normal 0.9978589232386043 -0.06540312923013006 0
    outer loop
      vertex 138.25433458412144 2.6084214233398453 10.99
      vertex 138.28 3 11
      vertex 138.25433458412144 2.6084214233398453 11
    endloop
  endfacet
  facet normal 0 0 1
    outer loop
      vertex 137.10628428702617 0.6199399791262943 11
      vertex 137.03 19.380826989963484 11
      vertex 137.03 3.6 11
    endloop
  endfacet
  facet normal 0 0 1
    outer loop
      vertex 137.10628428702617 0.6199399791262943 11
      vertex 138.28 3 11
      vertex 137.03 19.380826989963484 11
    endloop
  endfacet
  facet normal 1 0 0
    outer loop
      vertex 138.28 3 11
      vertex 138.28 18.750896441894472 8.549297820878083
      vertex 138.28 18.772396439639728 8.945841946116357
    endloop
  endfacet
  facet normal 1 0 0
    outer loop
      vertex 138.28 3 11
      vertex 138.28 18.772396439639728 8.945841946116357
      vertex 138.28 18.822454126021604 9.339800981040206
    endloop
  endfacet
  facet normal 1 0 0
    outer loop
      vertex 138.28 3 11
      vertex 138.28 18.822454126021604 9.339800981040206
      vertex 138.28 18.90080852344182 9.729121005658705
    endloop
  endfacet
  facet normal 1 0 0
    outer loop
      vertex 138.28 3 11
      vertex 138.28 18.90080852344182 9.729121005658705
      vertex 138.28 19.007051128353126 10.111772285632648
    endloop
  endfacet
  facet normal 1 0 0
    outer loop
      vertex 138.28 3 11
      vertex 138.28 19.007051128353126 10.111772285632648
      vertex 138.28 19.140628041007645 10.485759854369528
    endloop
  endfacet
  facet normal 1 0 0
    outer loop
      vertex 138.28 3 11
      vertex 138.28 19.140628041007645 10.485759854369528
      vertex 138.28 19.300842853233714 10.84913391385562
    endloop
  endfacet
  facet normal 1 0 0
    outer loop
      vertex 138.28 3 11
      vertex 138.28 19.300842853233714 10.84913391385562
      vertex 138.28 19.380826989963484 11
    endloop
  endfacet
  facet normal 0 0 1
    outer loop
      vertex 138.28 3 11
      vertex 138.28 19.380826989963484 11
      vertex 137.03 19.380826989963484 11
    endloop
  endfacet
  facet normal 1 0 0
    outer loop
      vertex 138.28 60.20596266488012 4.5961796885966155
      vertex 138.28 29.282545292357067 6.231106609056053
      vertex 138.28 29.109316244453126 5.873753576151154
    endloop
  endfacet
  facet normal 1 0 0
    outer loop
      vertex 138.28 60.20596266488012 4.5961796885966155
      vertex 138.28 29.429536979355795 6.600027924674036
      vertex 138.28 29.282545292357067 6.231106609056053
    endloop
  endfacet
  facet normal 1 0 0
    outer loop
      vertex 138.28 60.20596266488012 4.5961796885966155
      vertex 138.28 29.549524958855727 6.978594138089285
      vertex 138.28 29.429536979355795 6.600027924674036
    endloop
  endfacet
  facet normal 1 0 0
    outer loop
      vertex 138.28 60.20596266488012 4.5961796885966155
      vertex 138.28 29.64188366909049 7.3648315803547995
      vertex 138.28 29.549524958855727 6.978594138089285
    endloop
  endfacet
  facet normal 1 0 0
    outer loop
      vertex 138.28 60.20596266488012 4.5961796885966155
      vertex 138.28 29.706131594510325 7.756726588288408
      vertex 138.28 29.64188366909049 7.3648315803547995
    endloop
  endfacet
  facet normal 1 0 0
    outer loop
      vertex 138.28 29.706131594510325 7.756726588288408
      vertex 138.28 58.63806622381881 8.152236002780201
      vertex 138.28 29.74193377618118 8.152236002780203
    endloop
  endfacet
  facet normal 1 0 0
    outer loop
      vertex 138.28 29.749103558105528 8.549297820878081
      vertex 138.28 29.74193377618118 8.152236002780203
      vertex 138.28 58.63089644189447 8.549297820878083
    endloop
  endfacet
  facet normal 1 0 0
    outer loop
      vertex 138.28 29.749103558105528 8.549297820878081
      vertex 138.28 58.65239643963972 8.945841946116357
      vertex 138.28 29.727603560360272 8.945841946116358
    endloop
  endfacet
  facet normal 1 0 0
    outer loop
      vertex 138.28 29.727603560360272 8.945841946116358
      vertex 138.28 58.7024541260216 9.339800981040206
      vertex 138.28 29.677545873978396 9.339800981040206
    endloop
  endfacet
  facet normal 1 0 0
    outer loop
      vertex 138.28 29.59919147655818 9.729121005658707
      vertex 138.28 29.677545873978396 9.339800981040206
      vertex 138.28 58.78080852344182 9.729121005658705
    endloop
  endfacet
  facet normal 1 0 0
    outer loop
      vertex 138.28 29.59919147655818 9.729121005658707
      vertex 138.28 58.88705112835312 10.111772285632648
      vertex 138.28 29.492948871646874 10.11177228563265
    endloop
  endfacet
  facet normal 1 0 0
    outer loop
      vertex 138.28 29.492948871646874 10.11177228563265
      vertex 138.28 59.02062804100764 10.485759854369528
      vertex 138.28 29.359371958992355 10.485759854369528
    endloop
  endfacet
  facet normal 1 0 0
    outer loop
      vertex 138.28 29.199157146766286 10.84913391385562
      vertex 138.28 29.359371958992355 10.485759854369528
      vertex 138.28 59.180842853233706 10.84913391385562
    endloop
  endfacet
  facet normal 0 0 1
    outer loop
      vertex 137.03 29.119173010036516 11
      vertex 138.28 29.119173010036516 11
      vertex 137.03 59.260826989963476 11
    endloop
  endfacet
  facet normal 1 0 0
    outer loop
      vertex 138.28 29.119173010036516 11
      vertex 138.28 29.199157146766286 10.84913391385562
      vertex 138.28 59.260826989963476 11
    endloop
  endfacet
  facet normal 0 0 -1
    outer loop
      vertex 2.9012973732288674 93.79778474639089 0
      vertex 135.18129737322886 93.79778474639089 0
      vertex 136.65167756408923 93.32002926142965 0
    endloop
  endfacet
  facet normal 0 0.7061284468282018 -0.708083763816112
    outer loop
      vertex 2.9012973732288674 93.79778474639089 0
      vertex 135.28 94.6 0.8
      vertex 135.18129737322886 93.79778474639089 0
    endloop
  endfacet
  facet normal 0.7071067811865426 0 -0.7071067811865527
    outer loop
      vertex 137.48 3 0
      vertex 137.48 91.6 0
      vertex 138.28 91.6 0.8
    endloop
  endfacet
  facet normal 0 0 -1
    outer loop
      vertex 137.48 3 0
      vertex 136.65167756408923 93.32002926142965 0
      vertex 137.48 91.6 0
    endloop
  endfacet
  facet normal 1 0 0
    outer loop
      vertex 138.28 91.6 0.8
      vertex 138.28 64.13 2.9499999999999993
      vertex 138.28 25.041666229607657 3.0072741589439937
    endloop
  endfacet
  facet normal 1 0 0
    outer loop
      vertex 138.28 25.81684445286435 3.1779037887640724
      vertex 138.28 62.56315554713564 3.1779037887640724
      vertex 138.28 62.186817316903934 3.304706902409194
    endloop
  endfacet
  facet normal 1 0 0
    outer loop
      vertex 138.28 26.19318268309606 3.304706902409194
      vertex 138.28 62.186817316903934 3.304706902409194
      vertex 138.28 61.82060994141854 3.458335191809736
    endloop
  endfacet
  facet normal 1 0 0
    outer loop
      vertex 138.28 25.041666229607657 3.0072741589439937
      vertex 138.28 63.73313234309661 2.964337226651275
      vertex 138.28 63.33833377039234 3.0072741589439937
    endloop
  endfacet
  facet normal 1 0 0
    outer loop
      vertex 138.28 25.041666229607657 3.0072741589439937
      vertex 138.28 64.13 2.9499999999999993
      vertex 138.28 63.73313234309661 2.964337226651275
    endloop
  endfacet
  facet normal 1 0 0
    outer loop
      vertex 138.28 25.041666229607657 3.0072741589439937
      vertex 138.28 63.33833377039234 3.0072741589439937
      vertex 138.28 62.94766257883936 3.078586943594522
    endloop
  endfacet
  facet normal 1 0 0
    outer loop
      vertex 138.28 25.432337421160632 3.078586943594523
      vertex 138.28 62.94766257883936 3.078586943594522
      vertex 138.28 62.56315554713564 3.1779037887640724
    endloop
  endfacet
  facet normal 1 0 0
    outer loop
      vertex 138.28 26.559390058581457 3.458335191809736
      vertex 138.28 61.82060994141854 3.458335191809736
      vertex 138.28 61.46644265636809 3.637987710200176
    endloop
  endfacet
  facet normal 1 0 0
    outer loop
      vertex 138.28 26.913557343631908 3.637987710200176
      vertex 138.28 61.46644265636809 3.637987710200176
      vertex 138.28 61.12616192598466 3.8427278325351946
    endloop
  endfacet
  facet normal 1 0 0
    outer loop
      vertex 138.28 27.253838074015334 3.842727832535193
      vertex 138.28 61.12616192598466 3.8427278325351946
      vertex 138.28 60.80154181643429 4.0714881386189585
    endloop
  endfacet
  facet normal 1 0 0
    outer loop
      vertex 138.28 27.578458183565708 4.0714881386189585
      vertex 138.28 60.80154181643429 4.0714881386189585
      vertex 138.28 60.494274746657396 4.3230759781397845
    endloop
  endfacet
  facet normal 1 0 0
    outer loop
      vertex 138.28 27.885725253342603 4.323075978139786
      vertex 138.28 60.494274746657396 4.3230759781397845
      vertex 138.28 60.20596266488012 4.5961796885966155
    endloop
  endfacet
  facet normal 1 0 0
    outer loop
      vertex 138.28 91.6 0.8
      vertex 138.28 64.52686765690338 2.964337226651275
      vertex 138.28 64.13 2.9499999999999993
    endloop
  endfacet
  facet normal 1 0 0
    outer loop
      vertex 138.28 91.6 0.8
      vertex 138.28 64.92166622960765 3.0072741589439937
      vertex 138.28 64.52686765690338 2.964337226651275
    endloop
  endfacet
  facet normal 1 0 0
    outer loop
      vertex 138.28 91.6 0.8
      vertex 138.28 65.31233742116063 3.078586943594523
      vertex 138.28 64.92166622960765 3.0072741589439937
    endloop
  endfacet
  facet normal 1 0 0
    outer loop
      vertex 138.28 91.6 0.8
      vertex 138.28 65.69684445286434 3.1779037887640724
      vertex 138.28 65.31233742116063 3.078586943594523
    endloop
  endfacet
  facet normal 1 0 0
    outer loop
      vertex 138.28 91.6 0.8
      vertex 138.28 66.07318268309606 3.304706902409194
      vertex 138.28 65.69684445286434 3.1779037887640724
    endloop
  endfacet
  facet normal 1 0 0
    outer loop
      vertex 138.28 91.6 0.8
      vertex 138.28 66.43939005858145 3.458335191809736
      vertex 138.28 66.07318268309606 3.304706902409194
    endloop
  endfacet
  facet normal 1 0 0
    outer loop
      vertex 138.28 91.6 0.8
      vertex 138.28 66.7935573436319 3.637987710200176
      vertex 138.28 66.43939005858145 3.458335191809736
    endloop
  endfacet
  facet normal 0 0 -1
    outer loop
      vertex 135.18129737322886 93.79778474639089 0
      vertex 135.57531318479883 93.78008947588945 0
      vertex 136.65167756408923 93.32002926142965 0
    endloop
  endfacet
  facet normal 0 0 -1
    outer loop
      vertex 135.57531318479883 93.78008947588945 0
      vertex 135.95983738762487 93.69232433584934 0
      vertex 136.65167756408923 93.32002926142965 0
    endloop
  endfacet
  facet normal 0.03160872834112451 0.7038230214685551 -0.7096717852243605
    outer loop
      vertex 135.18129737322886 93.79778474639089 0
      vertex 135.28 94.6 0.8
      vertex 135.57531318479883 93.78008947588945 0
    endloop
  endfacet
  facet normal 0.15668281493774472 0.6864722654454379 -0.7100748723038949
    outer loop
      vertex 135.57531318479883 93.78008947588945 0
      vertex 136.05645713530757 94.49777747886719 0.8
      vertex 135.95983738762487 93.69232433584934 0
    endloop
  endfacet
  facet normal 0 0 -1
    outer loop
      vertex 137.48 91.6 0
      vertex 136.65167756408923 93.32002926142965 0
      vertex 137.33971671540743 92.37302461297895 0
    endloop
  endfacet
  facet normal 0 0 -1
    outer loop
      vertex 137.1685873459241 92.72837841029299 0
      vertex 136.65167756408923 93.32002926142965 0
      vertex 136.93675722520794 93.04746519706737 0
    endloop
  endfacet
  facet normal 0 0 -1
    outer loop
      vertex 137.1685873459241 92.72837841029299 0
      vertex 137.33971671540743 92.37302461297895 0
      vertex 136.65167756408923 93.32002926142965 0
    endloop
  endfacet
  facet normal 0 0 -1
    outer loop
      vertex 137.48 91.6 0
      vertex 137.33971671540743 92.37302461297895 0
      vertex 137.44464509491698 91.99282516855699 0
    endloop
  endfacet
  facet normal 0.701484665668632 0.06313476262991488 -0.7098825716831144
    outer loop
      vertex 137.48 91.6 0
      vertex 137.44464509491698 91.99282516855699 0
      vertex 138.25433458412144 91.99157857666015 0.8
    endloop
  endfacet
  facet normal 0.6778977013406494 0.18708787800325088 -0.7109520605647784
    outer loop
      vertex 137.44464509491698 91.99282516855699 0
      vertex 137.33971671540743 92.37302461297895 0
      vertex 138.1777774788672 92.37645713530756 0.8
    endloop
  endfacet
  facet normal 0.635436078803036 0.30600988742616403 -0.7089280207135618
    outer loop
      vertex 137.1685873459241 92.72837841029299 0
      vertex 138.05163859753387 92.74805029709526 0.8
      vertex 137.33971671540743 92.37302461297895 0
    endloop
  endfacet
  facet normal 0.5692692840633147 0.4135983447591449 -0.7105412665247084
    outer loop
      vertex 137.1685873459241 92.72837841029299 0
      vertex 136.93675722520794 93.04746519706737 0
      vertex 137.66006002087371 93.42628428702615 0.8
    endloop
  endfacet
  facet normal 0 0 -1
    outer loop
      vertex 135.95983738762487 93.69232433584934 0
      vertex 136.3225110574406 93.53731017008482 0
      vertex 136.65167756408923 93.32002926142965 0
    endloop
  endfacet
  facet normal 0.3886949721318408 0.5888477129464373 -0.7086427799654615
    outer loop
      vertex 136.65167756408923 93.32002926142965 0
      vertex 136.3225110574406 93.53731017008482 0
      vertex 136.78 94.19807621135331 0.8
    endloop
  endfacet
  facet normal 0.4861871797270986 0.5085119227332867 -0.7106600106289263
    outer loop
      vertex 136.93675722520794 93.04746519706737 0
      vertex 136.65167756408923 93.32002926142965 0
      vertex 137.40132034355963 93.72132034355964 0.8
    endloop
  endfacet
  facet normal 0.27640923174939236 0.6466915456087255 -0.7109064505558438
    outer loop
      vertex 135.95983738762487 93.69232433584934 0
      vertex 136.42805029709527 94.37163859753386 0.8
      vertex 136.3225110574406 93.53731017008482 0
    endloop
  endfacet
  facet normal 0.04628051928971416 0.7061042749630743 -0.7065938482700974
    outer loop
      vertex 135.57531318479883 93.78008947588945 0
      vertex 135.28 94.6 0.8
      vertex 135.67157857666015 94.57433458412143 0.8
    endloop
  endfacet
  facet normal 0.1381425779872715 0.6944896378593893 -0.7061166837378684
    outer loop
      vertex 135.57531318479883 93.78008947588945 0
      vertex 135.67157857666015 94.57433458412143 0.8
      vertex 136.05645713530757 94.49777747886719 0.8
    endloop
  endfacet
  facet normal 0.7063485793639732 0.04629653184613012 -0.7063485793639832
    outer loop
      vertex 137.48 91.6 0
      vertex 138.25433458412144 91.99157857666015 0.8
      vertex 138.28 91.6 0.8
    endloop
  endfacet
  facet normal 0.6961740636308983 0.13847763110515768 -0.7043902461073307
    outer loop
      vertex 137.44464509491698 91.99282516855699 0
      vertex 138.1777774788672 92.37645713530756 0.8
      vertex 138.25433458412144 91.99157857666015 0.8
    endloop
  endfacet
  facet normal 0.6339132461316228 0.31261141783047314 -0.7074094272915014
    outer loop
      vertex 137.1685873459241 92.72837841029299 0
      vertex 137.87807621135332 93.1 0.8
      vertex 138.05163859753387 92.74805029709526 0.8
    endloop
  endfacet
  facet normal 0.589269392138205 0.39373721980643245 -0.7055016550144809
    outer loop
      vertex 137.1685873459241 92.72837841029299 0
      vertex 137.66006002087371 93.42628428702615 0.8
      vertex 137.87807621135332 93.1 0.8
    endloop
  endfacet
  facet normal 0.6718072608330393 0.2280478358250963 -0.7047476065000139
    outer loop
      vertex 137.33971671540743 92.37302461297895 0
      vertex 138.05163859753387 92.74805029709526 0.8
      vertex 138.1777774788672 92.37645713530756 0.8
    endloop
  endfacet
  facet normal 0.39251333714637665 0.5874377222963262 -0.7077077098530998
    outer loop
      vertex 136.65167756408923 93.32002926142965 0
      vertex 136.78 94.19807621135331 0.8
      vertex 137.10628428702617 93.9800600208737 0.8
    endloop
  endfacet
  facet normal 0.4674006340791234 0.5329682765761643 -0.7053236586318842
    outer loop
      vertex 136.65167756408923 93.32002926142965 0
      vertex 137.10628428702617 93.9800600208737 0.8
      vertex 137.40132034355963 93.72132034355964 0.8
    endloop
  endfacet
  facet normal 0.2281794377284704 0.6721949475387966 -0.704335216144439
    outer loop
      vertex 135.95983738762487 93.69232433584934 0
      vertex 136.05645713530757 94.49777747886719 0.8
      vertex 136.42805029709527 94.37163859753386 0.8
    endloop
  endfacet
  facet normal 0.31373099986901115 0.636183533919848 -0.7048711732582374
    outer loop
      vertex 136.3225110574406 93.53731017008482 0
      vertex 136.42805029709527 94.37163859753386 0.8
      vertex 136.78 94.19807621135331 0.8
    endloop
  endfacet
  facet normal 0.5337682524113418 0.4681021940575434 -0.7042526454591819
    outer loop
      vertex 136.93675722520794 93.04746519706737 0
      vertex 137.40132034355963 93.72132034355964 0.8
      vertex 137.66006002087371 93.42628428702615 0.8
    endloop
  endfacet
  facet normal 0.4422886902190092 0.8968727415326844 -9.19054825726522e-17
    outer loop
      vertex 136.42805029709527 94.37163859753386 0.8
      vertex 136.78 94.19807621135331 0.81
      vertex 136.78 94.19807621135331 0.8
    endloop
  endfacet
  facet normal 1 0 0
    outer loop
      vertex 138.28 91.6 0.8
      vertex 138.28 67.13383807401533 3.842727832535193
      vertex 138.28 66.7935573436319 3.637987710200176
    endloop
  endfacet
  facet normal 1 0 0
    outer loop
      vertex 138.28 91.6 0.8
      vertex 138.28 67.45845818356571 4.0714881386189585
      vertex 138.28 67.13383807401533 3.842727832535193
    endloop
  endfacet
  facet normal 1 0 0
    outer loop
      vertex 138.28 91.6 0.8
      vertex 138.28 67.7657252533426 4.323075978139786
      vertex 138.28 67.45845818356571 4.0714881386189585
    endloop
  endfacet
  facet normal 1 0 0
    outer loop
      vertex 138.28 91.6 0.8
      vertex 138.28 68.05403733511987 4.5961796885966155
      vertex 138.28 67.7657252533426 4.323075978139786
    endloop
  endfacet
  facet normal 1 0 0
    outer loop
      vertex 138.28 91.6 0.8
      vertex 138.28 68.321891303202 4.889375433699948
      vertex 138.28 68.05403733511987 4.5961796885966155
    endloop
  endfacet
  facet normal 1 0 0
    outer loop
      vertex 138.28 91.6 0.8
      vertex 138.28 68.56789069102538 5.201134626594968
      vertex 138.28 68.321891303202 4.889375433699948
    endloop
  endfacet
  facet normal 1 0 0
    outer loop
      vertex 138.28 91.6 0.8
      vertex 138.28 68.79075297168848 5.529831899205622
      vertex 138.28 68.56789069102538 5.201134626594968
    endloop
  endfacet
  facet normal 1 0 0
    outer loop
      vertex 138.28 91.6 0.8
      vertex 138.28 68.98931624445312 5.873753576151154
      vertex 138.28 68.79075297168848 5.529831899205622
    endloop
  endfacet
  facet normal 1 0 0
    outer loop
      vertex 138.28 91.6 0.8
      vertex 138.28 69.16254529235707 6.231106609056053
      vertex 138.28 68.98931624445312 5.873753576151154
    endloop
  endfacet
  facet normal 1 0 0
    outer loop
      vertex 138.28 91.6 0.8
      vertex 138.28 69.30953697935578 6.600027924674036
      vertex 138.28 69.16254529235707 6.231106609056053
    endloop
  endfacet
  facet normal 1 0 0
    outer loop
      vertex 138.28 91.6 0.8
      vertex 138.28 69.42952495885572 6.978594138089285
      vertex 138.28 69.30953697935578 6.600027924674036
    endloop
  endfacet
  facet normal 1 0 0
    outer loop
      vertex 138.28 91.6 0.8
      vertex 138.28 69.52188366909049 7.3648315803547995
      vertex 138.28 69.42952495885572 6.978594138089285
    endloop
  endfacet
  facet normal 1 0 0
    outer loop
      vertex 138.28 91.6 0.8
      vertex 138.28 69.58613159451032 7.756726588288408
      vertex 138.28 69.52188366909049 7.3648315803547995
    endloop
  endfacet
  facet normal 0.06540312923013057 0.9978589232386044 0
    outer loop
      vertex 135.28 94.6 0.8
      vertex 135.28 94.6 11
      vertex 135.67157857666015 94.57433458412143 0.8
    endloop
  endfacet
  facet normal 0.19509032201615414 0.9807852804032254 -1.6192749026012956e-19
    outer loop
      vertex 135.67157857666015 94.57433458412143 0.8
      vertex 136.05645713530757 94.49777747886719 11
      vertex 136.05645713530757 94.49777747886719 0.8
    endloop
  endfacet
  facet normal 0.9978589232386044 0.06540312923013057 9.264362564844553e-20
    outer loop
      vertex 138.28 91.6 0.8
      vertex 138.25433458412144 91.99157857666015 0.8
      vertex 138.25433458412144 91.99157857666015 10.99
    endloop
  endfacet
  facet normal 0.9807852804032254 0.19509032201615414 -1.6192749026012956e-19
    outer loop
      vertex 138.25433458412144 91.99157857666015 0.8
      vertex 138.1777774788672 92.37645713530756 0.8
      vertex 138.1777774788672 92.37645713530756 11
    endloop
  endfacet
  facet normal 0.9469301294951132 0.3214394653031394 0
    outer loop
      vertex 138.1777774788672 92.37645713530756 0.8
      vertex 138.05163859753387 92.74805029709526 0.8
      vertex 138.1777774788672 92.37645713530756 11
    endloop
  endfacet
  facet normal 0.8968727415326844 0.44228869021900924 0
    outer loop
      vertex 138.05163859753387 92.74805029709526 0.8
      vertex 137.87807621135332 93.1 0.8
      vertex 138.05163859753387 92.74805029709526 10.99
    endloop
  endfacet
  facet normal 0.3214394653031394 0.9469301294951132 0
    outer loop
      vertex 136.05645713530757 94.49777747886719 0.8
      vertex 136.05645713530757 94.49777747886719 11
      vertex 136.42805029709527 94.37163859753386 0.8
    endloop
  endfacet
  facet normal 0.44228869021900924 0.8968727415326844 0
    outer loop
      vertex 136.42805029709527 94.37163859753386 0.8
      vertex 136.42805029709527 94.37163859753386 11
      vertex 136.78 94.19807621135331 0.81
    endloop
  endfacet
  facet normal 0.5555702330196042 0.8314696123025438 0
    outer loop
      vertex 136.78 94.19807621135331 0.8
      vertex 136.78 94.19807621135331 0.81
      vertex 137.10628428702617 93.9800600208737 11
    endloop
  endfacet
  facet normal 0.5555702330196043 0.831469612302544 2.779228566813468e-19
    outer loop
      vertex 136.78 94.19807621135331 0.8
      vertex 137.10628428702617 93.9800600208737 11
      vertex 137.10628428702617 93.9800600208737 0.8
    endloop
  endfacet
  facet normal 0.8314696123025495 0.555570233019596 1.5403904529052383e-18
    outer loop
      vertex 137.87807621135332 93.1 0.8
      vertex 137.66006002087371 93.42628428702615 0.8
      vertex 137.66006002087371 93.42628428702615 10.99
    endloop
  endfacet
  facet normal 0.7518398074789635 0.6593458151000846 0
    outer loop
      vertex 137.66006002087371 93.42628428702615 0.8
      vertex 137.40132034355963 93.72132034355964 0.8
      vertex 137.66006002087371 93.42628428702615 10.99
    endloop
  endfacet
  facet normal 0.6593458151000795 0.751839807478968 0
    outer loop
      vertex 137.10628428702617 93.9800600208737 0.8
      vertex 137.10628428702617 93.9800600208737 11
      vertex 137.40132034355963 93.72132034355964 0.8
    endloop
  endfacet
  facet normal 0 1 0
    outer loop
      vertex 3 94.6 11
      vertex 94.95058906167465 94.6 8.000988351149672
      vertex 135.28 94.6 0.8
    endloop
  endfacet
  facet normal 1 0 0
    outer loop
      vertex 138.28 29.706131594510325 7.756726588288408
      vertex 138.28 60.20596266488012 4.5961796885966155
      vertex 138.28 59.938108696798 4.8893754336999455
    endloop
  endfacet
  facet normal 1 0 0
    outer loop
      vertex 138.28 29.706131594510325 7.756726588288408
      vertex 138.28 59.938108696798 4.8893754336999455
      vertex 138.28 59.69210930897461 5.2011346265949685
    endloop
  endfacet
  facet normal 1 0 0
    outer loop
      vertex 138.28 29.706131594510325 7.756726588288408
      vertex 138.28 59.69210930897461 5.2011346265949685
      vertex 138.28 59.46924702831152 5.529831899205621
    endloop
  endfacet
  facet normal 1 0 0
    outer loop
      vertex 138.28 29.706131594510325 7.756726588288408
      vertex 138.28 59.46924702831152 5.529831899205621
      vertex 138.28 59.27068375554687 5.873753576151154
    endloop
  endfacet
  facet normal 1 0 0
    outer loop
      vertex 138.28 29.706131594510325 7.756726588288408
      vertex 138.28 59.27068375554687 5.873753576151154
      vertex 138.28 59.09745470764293 6.231106609056051
    endloop
  endfacet
  facet normal 1 0 0
    outer loop
      vertex 138.28 29.706131594510325 7.756726588288408
      vertex 138.28 59.09745470764293 6.231106609056051
      vertex 138.28 58.9504630206442 6.600027924674038
    endloop
  endfacet
  facet normal 1 0 0
    outer loop
      vertex 138.28 29.706131594510325 7.756726588288408
      vertex 138.28 58.9504630206442 6.600027924674038
      vertex 138.28 58.83047504114427 6.978594138089285
    endloop
  endfacet
  facet normal 1 0 0
    outer loop
      vertex 138.28 29.706131594510325 7.756726588288408
      vertex 138.28 58.83047504114427 6.978594138089285
      vertex 138.28 58.738116330909506 7.364831580354801
    endloop
  endfacet
  facet normal 1 0 0
    outer loop
      vertex 138.28 29.706131594510325 7.756726588288408
      vertex 138.28 58.738116330909506 7.364831580354801
      vertex 138.28 58.67386840548967 7.756726588288408
    endloop
  endfacet
  facet normal 1 0 0
    outer loop
      vertex 138.28 29.706131594510325 7.756726588288408
      vertex 138.28 58.67386840548967 7.756726588288408
      vertex 138.28 58.63806622381881 8.152236002780201
    endloop
  endfacet
  facet normal 1 0 0
    outer loop
      vertex 138.28 29.74193377618118 8.152236002780203
      vertex 138.28 58.63806622381881 8.152236002780201
      vertex 138.28 58.63089644189447 8.549297820878083
    endloop
  endfacet
  facet normal 1 0 0
    outer loop
      vertex 138.28 29.749103558105528 8.549297820878081
      vertex 138.28 58.63089644189447 8.549297820878083
      vertex 138.28 58.65239643963972 8.945841946116357
    endloop
  endfacet
  facet normal 1 0 0
    outer loop
      vertex 138.28 29.727603560360272 8.945841946116358
      vertex 138.28 58.65239643963972 8.945841946116357
      vertex 138.28 58.7024541260216 9.339800981040206
    endloop
  endfacet
  facet normal 1 0 0
    outer loop
      vertex 138.28 29.677545873978396 9.339800981040206
      vertex 138.28 58.7024541260216 9.339800981040206
      vertex 138.28 58.78080852344182 9.729121005658705
    endloop
  endfacet
  facet normal 1 0 0
    outer loop
      vertex 138.28 29.59919147655818 9.729121005658707
      vertex 138.28 58.78080852344182 9.729121005658705
      vertex 138.28 58.88705112835312 10.111772285632648
    endloop
  endfacet
  facet normal 1 0 0
    outer loop
      vertex 138.28 29.492948871646874 10.11177228563265
      vertex 138.28 58.88705112835312 10.111772285632648
      vertex 138.28 59.02062804100764 10.485759854369528
    endloop
  endfacet
  facet normal 1 0 0
    outer loop
      vertex 138.28 29.359371958992355 10.485759854369528
      vertex 138.28 59.02062804100764 10.485759854369528
      vertex 138.28 59.180842853233706 10.84913391385562
    endloop
  endfacet
  facet normal 1 0 0
    outer loop
      vertex 138.28 59.260826989963476 11
      vertex 138.28 29.199157146766286 10.84913391385562
      vertex 138.28 59.180842853233706 10.84913391385562
    endloop
  endfacet
  facet normal 0 0 1
    outer loop
      vertex 138.28 29.119173010036516 11
      vertex 138.28 59.260826989963476 11
      vertex 137.03 59.260826989963476 11
    endloop
  endfacet
  facet normal 0 1 0
    outer loop
      vertex 135.28 94.6 0.8
      vertex 94.95058906167465 94.6 8.000988351149672
      vertex 95.34807562584909 94.6 8.008892816090334
    endloop
  endfacet
  facet normal 0 1 0
    outer loop
      vertex 135.28 94.6 0.8
      vertex 95.34807562584909 94.6 8.008892816090334
      vertex 95.74367765994533 94.6 8.048352667637491
    endloop
  endfacet
  facet normal 0 1 0
    outer loop
      vertex 135.28 94.6 0.8
      vertex 95.74367765994533 94.6 8.048352667637491
      vertex 96.13489404053159 94.6 8.119118427904745
    endloop
  endfacet
  facet normal 0 1 0
    outer loop
      vertex 135.28 94.6 0.8
      vertex 96.13489404053159 94.6 8.119118427904745
      vertex 96.5192513716896 94.6 8.220742692971196
    endloop
  endfacet
  facet normal 0 1 0
    outer loop
      vertex 135.28 94.6 0.8
      vertex 96.5192513716896 94.6 8.220742692971196
      vertex 96.89431962262003 94.6 8.352582961513065
    endloop
  endfacet
  facet normal 0 1 0
    outer loop
      vertex 135.28 94.6 0.8
      vertex 96.89431962262003 94.6 8.352582961513065
      vertex 97.25772749107955 94.6 8.513805696903939
    endloop
  endfacet
  facet normal 0 1 0
    outer loop
      vertex 135.28 94.6 0.8
      vertex 97.25772749107955 94.6 8.513805696903939
      vertex 97.60717739551711 94.6 8.703391597101694
    endloop
  endfacet
  facet normal 0 1 0
    outer loop
      vertex 135.28 94.6 0.8
      vertex 97.60717739551711 94.6 8.703391597101694
      vertex 97.94046000112424 94.6 8.920142039004194
    endloop
  endfacet
  facet normal 0 1 0
    outer loop
      vertex 135.28 94.6 0.8
      vertex 97.94046000112424 94.6 8.920142039004194
      vertex 98.2554681879611 94.6 9.162686656530461
    endloop
  endfacet
  facet normal 0 1 0
    outer loop
      vertex 135.28 94.6 0.8
      vertex 98.2554681879611 94.6 9.162686656530461
      vertex 98.55021037284712 94.6 9.429492004516252
    endloop
  endfacet
  facet normal 0 1 0
    outer loop
      vertex 135.28 94.6 0.8
      vertex 98.55021037284712 94.6 9.429492004516252
      vertex 98.82282310079114 94.6 9.718871253648121
    endloop
  endfacet
  facet normal 0 1 0
    outer loop
      vertex 135.28 94.6 0.8
      vertex 98.82282310079114 94.6 9.718871253648121
      vertex 99.07158282635382 94.6 10.028994855141448
    endloop
  endfacet
  facet normal 0 1 0
    outer loop
      vertex 135.28 94.6 0.8
      vertex 99.07158282635382 94.6 10.028994855141448
      vertex 99.29491681045681 94.6 10.357902107736903
    endloop
  endfacet
  facet normal 0 1 0
    outer loop
      vertex 135.28 94.6 0.8
      vertex 99.29491681045681 94.6 10.357902107736903
      vertex 99.49141306374565 94.6 10.70351355388511
    endloop
  endfacet
  facet normal 0 1 0
    outer loop
      vertex 135.28 94.6 0.8
      vertex 99.49141306374565 94.6 10.70351355388511
      vertex 99.6300658949764 94.6 11
    endloop
  endfacet
  facet normal 1 0 0
    outer loop
      vertex 138.28 91.6 0.8
      vertex 138.28 69.62193377618118 8.152236002780203
      vertex 138.28 69.58613159451032 7.756726588288408
    endloop
  endfacet
  facet normal 1 0 0
    outer loop
      vertex 138.28 91.6 0.8
      vertex 138.28 69.62910355810553 8.549297820878081
      vertex 138.28 69.62193377618118 8.152236002780203
    endloop
  endfacet
  facet normal 1 0 0
    outer loop
      vertex 138.28 91.6 0.8
      vertex 138.28 91.6 11
      vertex 138.28 69.62910355810553 8.549297820878081
    endloop
  endfacet
  facet normal 0 1 0
    outer loop
      vertex 135.28 94.6 0.8
      vertex 99.6300658949764 94.6 11
      vertex 135.28 94.6 11
    endloop
  endfacet
  facet normal 0.06540312923013057 0.9978589232386044 0
    outer loop
      vertex 135.67157857666015 94.57433458412143 0.8
      vertex 135.28 94.6 11
      vertex 135.67157857666015 94.57433458412143 11
    endloop
  endfacet
  facet normal 0.19509032201615414 0.9807852804032254 0
    outer loop
      vertex 135.67157857666015 94.57433458412143 0.8
      vertex 135.67157857666015 94.57433458412143 11
      vertex 136.05645713530757 94.49777747886719 11
    endloop
  endfacet
  facet normal 0.9978589232386044 0.06540312923013057 0
    outer loop
      vertex 138.28 91.6 0.8
      vertex 138.25433458412144 91.99157857666015 10.99
      vertex 138.28 91.6 11
    endloop
  endfacet
  facet normal 0.9807852804032253 0.19509032201615412 0
    outer loop
      vertex 138.25433458412144 91.99157857666015 0.8
      vertex 138.1777774788672 92.37645713530756 11
      vertex 138.25433458412144 91.99157857666015 10.99
    endloop
  endfacet
  facet normal 0.9469301294951132 0.3214394653031394 0
    outer loop
      vertex 138.05163859753387 92.74805029709526 0.8
      vertex 138.05163859753387 92.74805029709526 11
      vertex 138.1777774788672 92.37645713530756 11
    endloop
  endfacet
  facet normal 0 0 0
    outer loop
      vertex 138.05163859753387 92.74805029709526 0.8
      vertex 138.05163859753387 92.74805029709526 10.99
      vertex 138.05163859753387 92.74805029709526 11
    endloop
  endfacet
  facet normal 0.8968727415326868 0.44228869021900435 -9.190548257265029e-17
    outer loop
      vertex 137.87807621135332 93.1 0.8
      vertex 138.05163859753387 92.74805029709526 11
      vertex 138.05163859753387 92.74805029709526 10.99
    endloop
  endfacet
  facet normal 0.8968727415326844 0.44228869021900924 0
    outer loop
      vertex 137.87807621135332 93.1 0.8
      vertex 137.87807621135332 93.1 11
      vertex 138.05163859753387 92.74805029709526 11
    endloop
  endfacet
  facet normal 0.3214394653031394 0.9469301294951132 0
    outer loop
      vertex 136.42805029709527 94.37163859753386 0.8
      vertex 136.05645713530757 94.49777747886719 11
      vertex 136.42805029709527 94.37163859753386 11
    endloop
  endfacet
  facet normal 0.5555702330196043 0.8314696123025439 0
    outer loop
      vertex 136.78 94.19807621135331 0.81
      vertex 136.78 94.19807621135331 11
      vertex 137.10628428702617 93.9800600208737 11
    endloop
  endfacet
  facet normal 0.44228869021900924 0.8968727415326844 0
    outer loop
      vertex 136.78 94.19807621135331 0.81
      vertex 136.42805029709527 94.37163859753386 11
      vertex 136.78 94.19807621135331 11
    endloop
  endfacet
  facet normal 0.6593458151000795 0.751839807478968 0
    outer loop
      vertex 137.40132034355963 93.72132034355964 0.8
      vertex 137.10628428702617 93.9800600208737 11
      vertex 137.40132034355963 93.72132034355964 11
    endloop
  endfacet
  facet normal 0.7518398074789593 0.6593458151000897 1.263036264472266e-15
    outer loop
      vertex 137.40132034355963 93.72132034355964 0.8
      vertex 137.66006002087371 93.42628428702615 11
      vertex 137.66006002087371 93.42628428702615 10.99
    endloop
  endfacet
  facet normal 0.7518398074789636 0.6593458151000847 0
    outer loop
      vertex 137.40132034355963 93.72132034355964 0.8
      vertex 137.40132034355963 93.72132034355964 11
      vertex 137.66006002087371 93.42628428702615 11
    endloop
  endfacet
  facet normal 0.8314696123025495 0.555570233019596 0
    outer loop
      vertex 137.87807621135332 93.1 0.8
      vertex 137.66006002087371 93.42628428702615 10.99
      vertex 137.87807621135332 93.1 11
    endloop
  endfacet
  facet normal 0 0 1
    outer loop
      vertex 135.28 94.6 11
      vertex 99.6300658949764 94.6 11
      vertex 99.6300658949764 93.347882570581 11
    endloop
  endfacet
  facet normal 1 0 0
    outer loop
      vertex 138.28 91.6 11
      vertex 138.28 69.60760356036027 8.945841946116358
      vertex 138.28 69.62910355810553 8.549297820878081
    endloop
  endfacet
  facet normal 1 0 0
    outer loop
      vertex 138.28 91.6 11
      vertex 138.28 69.37294887164687 10.11177228563265
      vertex 138.28 69.47919147655817 9.729121005658707
    endloop
  endfacet
  facet normal 1 0 0
    outer loop
      vertex 138.28 91.6 11
      vertex 138.28 69.23937195899235 10.485759854369528
      vertex 138.28 69.37294887164687 10.11177228563265
    endloop
  endfacet
  facet normal 1 0 0
    outer loop
      vertex 138.28 91.6 11
      vertex 138.28 69.07915714676628 10.84913391385562
      vertex 138.28 69.23937195899235 10.485759854369528
    endloop
  endfacet
  facet normal 0 0 1
    outer loop
      vertex 137.03 91 11
      vertex 137.03 68.9991730100365 11
      vertex 138.28 68.99917301003651 11
    endloop
  endfacet
  facet normal 1 0 0
    outer loop
      vertex 138.28 91.6 11
      vertex 138.28 68.99917301003651 11
      vertex 138.28 69.07915714676628 10.84913391385562
    endloop
  endfacet
  facet normal 1 0 0
    outer loop
      vertex 138.28 91.6 11
      vertex 138.28 69.55754587397838 9.339800981040206
      vertex 138.28 69.60760356036027 8.945841946116358
    endloop
  endfacet
  facet normal 1 0 0
    outer loop
      vertex 138.28 91.6 11
      vertex 138.28 69.47919147655817 9.729121005658707
      vertex 138.28 69.55754587397838 9.339800981040206
    endloop
  endfacet
  facet normal 0 0 1
    outer loop
      vertex 134.77973682751096 93.347882570581 11
      vertex 137.10628428702617 93.9800600208737 11
      vertex 99.6300658949764 93.347882570581 11
    endloop
  endfacet
  facet normal 0 0 1
    outer loop
      vertex 135.28 94.6 11
      vertex 99.6300658949764 93.347882570581 11
      vertex 137.10628428702617 93.9800600208737 11
    endloop
  endfacet
  facet normal 0 0 1
    outer loop
      vertex 137.03 91 11
      vertex 138.28 68.99917301003651 11
      vertex 137.10628428702617 93.9800600208737 11
    endloop
  endfacet
  facet normal 0 0 1
    outer loop
      vertex 138.28 91.6 11
      vertex 137.10628428702617 93.9800600208737 11
      vertex 138.28 68.99917301003651 11
    endloop
  endfacet
  facet normal 0 0 1
    outer loop
      vertex 135.17509628448997 93.29725481152707 11
      vertex 135.55621272278373 93.18053921414679 11
      vertex 137.10628428702617 93.9800600208737 11
    endloop
  endfacet
  facet normal 0 0 1
    outer loop
      vertex 134.77973682751096 93.347882570581 11
      vertex 135.17509628448997 93.29725481152707 11
      vertex 137.10628428702617 93.9800600208737 11
    endloop
  endfacet
  facet normal 0 0 1
    outer loop
      vertex 135.28 94.6 11
      vertex 136.05645713530757 94.49777747886719 11
      vertex 135.67157857666015 94.57433458412143 11
    endloop
  endfacet
  facet normal 0 0 1
    outer loop
      vertex 137.03 91 11
      vertex 137.10628428702617 93.9800600208737 11
      vertex 136.99619738931713 91.39715192775634 11
    endloop
  endfacet
  facet normal 0 0 1
    outer loop
      vertex 136.50838402264833 92.47631699364476 11
      vertex 137.10628428702617 93.9800600208737 11
      vertex 136.2325855999667 92.7640799173439 11
    endloop
  endfacet
  facet normal 0 0 1
    outer loop
      vertex 136.89576199683356 91.78287851764384 11
      vertex 137.10628428702617 93.9800600208737 11
      vertex 136.7315831659288 92.14608311796204 11
    endloop
  endfacet
  facet normal 0 0 1
    outer loop
      vertex 136.99619738931713 91.39715192775634 11
      vertex 137.10628428702617 93.9800600208737 11
      vertex 136.89576199683356 91.78287851764384 11
    endloop
  endfacet
  facet normal 0 0 1
    outer loop
      vertex 136.7315831659288 92.14608311796204 11
      vertex 137.10628428702617 93.9800600208737 11
      vertex 136.50838402264833 92.47631699364476 11
    endloop
  endfacet
  facet normal 0.9978589232386043 0.06540312923013059 9.440385453576802e-17
    outer loop
      vertex 138.28 91.6 11
      vertex 138.25433458412144 91.99157857666015 10.99
      vertex 138.25433458412144 91.99157857666015 11
    endloop
  endfacet
  facet normal 0 0 1
    outer loop
      vertex 138.28 91.6 11
      vertex 138.25433458412144 91.99157857666015 11
      vertex 138.1777774788672 92.37645713530756 11
    endloop
  endfacet
  facet normal 0.9807852804032252 0.19509032201615412 0
    outer loop
      vertex 138.25433458412144 91.99157857666015 10.99
      vertex 138.1777774788672 92.37645713530756 11
      vertex 138.25433458412144 91.99157857666015 11
    endloop
  endfacet
  facet normal 0 0 1
    outer loop
      vertex 138.28 91.6 11
      vertex 137.66006002087371 93.42628428702615 11
      vertex 137.10628428702617 93.9800600208737 11
    endloop
  endfacet
  facet normal 0 0 1
    outer loop
      vertex 138.28 91.6 11
      vertex 138.1777774788672 92.37645713530756 11
      vertex 137.66006002087371 93.42628428702615 11
    endloop
  endfacet
  facet normal 0 0 1
    outer loop
      vertex 138.1777774788672 92.37645713530756 11
      vertex 138.05163859753387 92.74805029709526 11
      vertex 137.66006002087371 93.42628428702615 11
    endloop
  endfacet
  facet normal 0 0 1
    outer loop
      vertex 138.05163859753387 92.74805029709526 11
      vertex 137.87807621135332 93.1 11
      vertex 137.66006002087371 93.42628428702615 11
    endloop
  endfacet
  facet normal 0 0 1
    outer loop
      vertex 135.9121221163595 93.00109347367328 11
      vertex 137.10628428702617 93.9800600208737 11
      vertex 135.55621272278373 93.18053921414679 11
    endloop
  endfacet
  facet normal 0 0 1
    outer loop
      vertex 135.9121221163595 93.00109347367328 11
      vertex 136.2325855999667 92.7640799173439 11
      vertex 137.10628428702617 93.9800600208737 11
    endloop
  endfacet
  facet normal 0 0 1
    outer loop
      vertex 135.28 94.6 11
      vertex 137.10628428702617 93.9800600208737 11
      vertex 136.05645713530757 94.49777747886719 11
    endloop
  endfacet
  facet normal 0 0 1
    outer loop
      vertex 136.05645713530757 94.49777747886719 11
      vertex 137.10628428702617 93.9800600208737 11
      vertex 136.42805029709527 94.37163859753386 11
    endloop
  endfacet
  facet normal 0 0 1
    outer loop
      vertex 136.42805029709527 94.37163859753386 11
      vertex 137.10628428702617 93.9800600208737 11
      vertex 136.78 94.19807621135331 11
    endloop
  endfacet
  facet normal 0.8314696123025493 0.5555702330195958 1.569657871510471e-15
    outer loop
      vertex 137.87807621135332 93.1 11
      vertex 137.66006002087371 93.42628428702615 10.99
      vertex 137.66006002087371 93.42628428702615 11
    endloop
  endfacet
  facet normal 0 0 1
    outer loop
      vertex 137.10628428702617 93.9800600208737 11
      vertex 137.66006002087371 93.42628428702615 11
      vertex 137.40132034355963 93.72132034355964 11
    endloop
  endfacet
  facet normal 0 0 1
    outer loop
      vertex 3.1145898033750314 3.247328848624516 2.4
      vertex 3.4145898033750317 3.029366090222908 2.4
      vertex 3 3.6 2.4
    endloop
  endfacet
  facet normal 0 0 1
    outer loop
      vertex 3.4145898033750317 3.029366090222908 2.4
      vertex 4.9073036958363385 4.626049663185901 2.4
      vertex 4.626049663185901 4.9073036958363385 2.4
    endloop
  endfacet
  facet normal 0 0 1
    outer loop
      vertex 3.4145898033750317 3.029366090222908 2.4
      vertex 4.626049663185901 4.9073036958363385 2.4
      vertex 4.375735421375199 5.216416041288602 2.4
    endloop
  endfacet
  facet normal 0 0 1
    outer loop
      vertex 3.4145898033750317 3.029366090222908 2.4
      vertex 3.978527260958116 5.904400756311959 2.4
      vertex 3.835985238078416 6.275735421375199 2.4
    endloop
  endfacet
  facet normal 0 0 1
    outer loop
      vertex 3.4145898033750317 3.029366090222908 2.4
      vertex 4.375735421375199 5.216416041288602 2.4
      vertex 4.159103465619133 5.549999999999999 2.4
    endloop
  endfacet
  facet normal 0 0 1
    outer loop
      vertex 3.4145898033750317 3.029366090222908 2.4
      vertex 4.159103465619133 5.549999999999999 2.4
      vertex 3.978527260958116 5.904400756311959 2.4
    endloop
  endfacet
  facet normal 0 0 1
    outer loop
      vertex 3.4145898033750317 3.029366090222908 2.4
      vertex 3.835985238078416 6.275735421375199 2.4
      vertex 3.733039117211538 6.659935574892514 2.4
    endloop
  endfacet
  facet normal 0 0 1
    outer loop
      vertex 3.4145898033750317 3.029366090222908 2.4
      vertex 3.733039117211538 6.659935574892514 2.4
      vertex 3.670816797600561 7.052791839582916 2.4
    endloop
  endfacet
  facet normal 0 0 1
    outer loop
      vertex 3.4145898033750317 3.029366090222908 2.4
      vertex 3.670816797600561 7.052791839582916 2.4
      vertex 3.6499999999999995 7.449999999999999 2.4
    endloop
  endfacet
  facet normal 0 0 1
    outer loop
      vertex 3.4145898033750317 3.029366090222908 2.4
      vertex 6.275735421375199 3.835985238078416 2.4
      vertex 5.904400756311959 3.978527260958116 2.4
    endloop
  endfacet
  facet normal 0 0 1
    outer loop
      vertex 3.4145898033750317 3.029366090222908 2.4
      vertex 5.216416041288602 4.375735421375199 2.4
      vertex 4.9073036958363385 4.626049663185901 2.4
    endloop
  endfacet
  facet normal 0 0 1
    outer loop
      vertex 3.4145898033750317 3.029366090222908 2.4
      vertex 5.549999999999999 4.159103465619133 2.4
      vertex 5.216416041288602 4.375735421375199 2.4
    endloop
  endfacet
  facet normal 0 0 1
    outer loop
      vertex 3.4145898033750317 3.029366090222908 2.4
      vertex 5.904400756311959 3.978527260958116 2.4
      vertex 5.549999999999999 4.159103465619133 2.4
    endloop
  endfacet
  facet normal 0 0 1
    outer loop
      vertex 3.4145898033750317 3.029366090222908 2.4
      vertex 6.659935574892514 3.733039117211538 2.4
      vertex 6.275735421375199 3.835985238078416 2.4
    endloop
  endfacet
  facet normal 0 0 1
    outer loop
      vertex 3.4145898033750317 3.029366090222908 2.4
      vertex 7.052791839582916 3.670816797600561 2.4
      vertex 6.659935574892514 3.733039117211538 2.4
    endloop
  endfacet
  facet normal 0 0 1
    outer loop
      vertex 3.4145898033750317 3.029366090222908 2.4
      vertex 7.449999999999999 3.6499999999999995 2.4
      vertex 7.052791839582916 3.670816797600561 2.4
    endloop
  endfacet
  facet normal 0 0 1
    outer loop
      vertex 3.4145898033750317 3.029366090222908 2.4
      vertex 3.6499999999999995 7.449999999999999 2.4
      vertex 3.670816797600561 7.8472081604170825 2.4
    endloop
  endfacet
  facet normal 0.9510565162951536 0.309016994374947 0
    outer loop
      vertex 3.1145898033750314 3.247328848624516 2.4
      vertex 3 3.6 2.4
      vertex 3.1145898033750314 3.247328848624516 8
    endloop
  endfacet
  facet normal 0.5877852522924726 0.8090169943749479 2.7741955634172956e-18
    outer loop
      vertex 3.1145898033750314 3.247328848624516 2.4
      vertex 3.4145898033750317 3.029366090222908 8
      vertex 3.4145898033750317 3.029366090222908 2.4
    endloop
  endfacet
  facet normal 0 0 1
    outer loop
      vertex 3 3.6 2.4
      vertex 3.4145898033750317 3.029366090222908 2.4
      vertex 3.4145898033750317 91.57063390977709 2.4
    endloop
  endfacet
  facet normal 0 0 1
    outer loop
      vertex 3.4145898033750317 3.029366090222908 2.4
      vertex 3.670816797600561 7.8472081604170825 2.4
      vertex 3.670816797600561 86.75279183958291 2.4
    endloop
  endfacet
  facet normal 0 0 1
    outer loop
      vertex 3.670816797600561 7.8472081604170825 2.4
      vertex 3.733039117211538 8.240064425107485 2.4
      vertex 3.670816797600561 86.75279183958291 2.4
    endloop
  endfacet
  facet normal 0 0 1
    outer loop
      vertex 3.733039117211538 8.240064425107485 2.4
      vertex 3.835985238078416 8.6242645786248 2.4
      vertex 3.733039117211538 86.3599355748925 2.4
    endloop
  endfacet
  facet normal 0 0 1
    outer loop
      vertex 3.835985238078416 8.6242645786248 2.4
      vertex 3.978527260958116 8.99559924368804 2.4
      vertex 3.835985238078416 85.97573542137519 2.4
    endloop
  endfacet
  facet normal 0 0 1
    outer loop
      vertex 3.978527260958116 8.99559924368804 2.4
      vertex 4.159103465619133 9.35 2.4
      vertex 3.978527260958116 85.60440075631195 2.4
    endloop
  endfacet
  facet normal 0 0 1
    outer loop
      vertex 4.159103465619133 9.35 2.4
      vertex 4.375735421375199 9.683583958711397 2.4
      vertex 4.159103465619133 85.24999999999999 2.4
    endloop
  endfacet
  facet normal 0 0 1
    outer loop
      vertex 4.375735421375199 9.683583958711397 2.4
      vertex 4.626049663185901 9.99269630416366 2.4
      vertex 4.375735421375199 84.9164160412886 2.4
    endloop
  endfacet
  facet normal 0 0 1
    outer loop
      vertex 4.626049663185901 9.99269630416366 2.4
      vertex 4.9073036958363385 10.273950336814098 2.4
      vertex 4.626049663185901 84.60730369583634 2.4
    endloop
  endfacet
  facet normal 0 0 1
    outer loop
      vertex 4.9073036958363385 10.273950336814098 2.4
      vertex 5.216416041288602 10.524264578624798 2.4
      vertex 4.9073036958363385 84.3260496631859 2.4
    endloop
  endfacet
  facet normal 0 0 1
    outer loop
      vertex 5.216416041288602 10.524264578624798 2.4
      vertex 5.549999999999999 10.740896534380866 2.4
      vertex 5.216416041288602 84.07573542137519 2.4
    endloop
  endfacet
  facet normal 0 0 1
    outer loop
      vertex 5.549999999999999 10.740896534380866 2.4
      vertex 5.904400756311959 10.921472739041882 2.4
      vertex 5.549999999999999 83.85910346561913 2.4
    endloop
  endfacet
  facet normal 0 0 1
    outer loop
      vertex 5.904400756311959 10.921472739041882 2.4
      vertex 6.275735421375199 11.064014761921582 2.4
      vertex 5.904400756311959 83.6785272609581 2.4
    endloop
  endfacet
  facet normal 0 0 1
    outer loop
      vertex 6.275735421375199 11.064014761921582 2.4
      vertex 6.659935574892514 11.16696088278846 2.4
      vertex 6.275735421375199 83.53598523807841 2.4
    endloop
  endfacet
  facet normal 0 0 1
    outer loop
      vertex 6.659935574892514 11.16696088278846 2.4
      vertex 7.052791839582916 11.229183202399437 2.4
      vertex 6.659935574892514 83.43303911721154 2.4
    endloop
  endfacet
  facet normal 0 0 1
    outer loop
      vertex 7.052791839582916 11.229183202399437 2.4
      vertex 7.449999999999999 11.25 2.4
      vertex 7.052791839582916 83.37081679760055 2.4
    endloop
  endfacet
  facet normal 0 0 1
    outer loop
      vertex 7.449999999999999 11.25 2.4
      vertex 7.8472081604170825 11.229183202399437 2.4
      vertex 7.449999999999999 83.35 2.4
    endloop
  endfacet
  facet normal 0 0 1
    outer loop
      vertex 7.8472081604170825 11.229183202399437 2.4
      vertex 8.240064425107485 11.16696088278846 2.4
      vertex 7.8472081604170825 83.37081679760055 2.4
    endloop
  endfacet
  facet normal 0 0 1
    outer loop
      vertex 8.6242645786248 11.064014761921582 2.4
      vertex 8.240064425107485 83.43303911721154 2.4
      vertex 8.240064425107485 11.16696088278846 2.4
    endloop
  endfacet
  facet normal 0 0 1
    outer loop
      vertex 11.16696088278846 8.240064425107485 2.4
      vertex 9.99269630416366 84.3260496631859 2.4
      vertex 11.064014761921582 8.6242645786248 2.4
    endloop
  endfacet
  facet normal 0 0 1
    outer loop
      vertex 11.064014761921582 8.6242645786248 2.4
      vertex 9.99269630416366 84.3260496631859 2.4
      vertex 10.921472739041882 8.99559924368804 2.4
    endloop
  endfacet
  facet normal 0 0 1
    outer loop
      vertex 8.6242645786248 11.064014761921582 2.4
      vertex 8.99559924368804 10.921472739041882 2.4
      vertex 8.6242645786248 83.53598523807841 2.4
    endloop
  endfacet
  facet normal 0 0 1
    outer loop
      vertex 8.99559924368804 10.921472739041882 2.4
      vertex 9.35 10.740896534380866 2.4
      vertex 8.99559924368804 83.6785272609581 2.4
    endloop
  endfacet
  facet normal 0 0 1
    outer loop
      vertex 9.683583958711397 10.524264578624798 2.4
      vertex 9.35 83.85910346561913 2.4
      vertex 9.35 10.740896534380866 2.4
    endloop
  endfacet
  facet normal 0 0 1
    outer loop
      vertex 10.740896534380866 9.35 2.4
      vertex 10.921472739041882 8.99559924368804 2.4
      vertex 9.99269630416366 84.3260496631859 2.4
    endloop
  endfacet
  facet normal 0 0 1
    outer loop
      vertex 10.740896534380866 9.35 2.4
      vertex 9.99269630416366 84.3260496631859 2.4
      vertex 10.524264578624798 9.683583958711397 2.4
    endloop
  endfacet
  facet normal 0 0 1
    outer loop
      vertex 10.524264578624798 9.683583958711397 2.4
      vertex 9.99269630416366 84.3260496631859 2.4
      vertex 10.273950336814098 9.99269630416366 2.4
    endloop
  endfacet
  facet normal 0 0 1
    outer loop
      vertex 9.99269630416366 10.273950336814098 2.4
      vertex 9.683583958711397 84.07573542137519 2.4
      vertex 9.683583958711397 10.524264578624798 2.4
    endloop
  endfacet
  facet normal 0 0 1
    outer loop
      vertex 9.99269630416366 10.273950336814098 2.4
      vertex 10.273950336814098 9.99269630416366 2.4
      vertex 9.99269630416366 84.3260496631859 2.4
    endloop
  endfacet
  facet normal 1 0 0
    outer loop
      vertex 3 3.6 2.4
      vertex 3 91 2.4
      vertex 3 3.6 8
    endloop
  endfacet
  facet normal 0 0 1
    outer loop
      vertex 3.4145898033750317 3.029366090222908 2.4
      vertex 135.28 3.6 2.4
      vertex 7.449999999999999 3.6499999999999995 2.4
    endloop
  endfacet
  facet normal 0 0 1
    outer loop
      vertex 7.8472081604170825 3.670816797600561 2.4
      vertex 130.03993557489252 3.733039117211538 2.4
      vertex 8.240064425107485 3.733039117211538 2.4
    endloop
  endfacet
  facet normal 0 0 1
    outer loop
      vertex 8.240064425107485 3.733039117211538 2.4
      vertex 129.65573542137523 3.835985238078416 2.4
      vertex 8.6242645786248 3.835985238078416 2.4
    endloop
  endfacet
  facet normal 0 0 1
    outer loop
      vertex 8.6242645786248 3.835985238078416 2.4
      vertex 129.28440075631198 3.978527260958116 2.4
      vertex 8.99559924368804 3.978527260958116 2.4
    endloop
  endfacet
  facet normal 0 0 1
    outer loop
      vertex 8.99559924368804 3.978527260958116 2.4
      vertex 128.93 4.159103465619133 2.4
      vertex 9.35 4.159103465619133 2.4
    endloop
  endfacet
  facet normal 0 0 1
    outer loop
      vertex 9.35 4.159103465619133 2.4
      vertex 128.59641604128862 4.375735421375199 2.4
      vertex 9.683583958711397 4.375735421375199 2.4
    endloop
  endfacet
  facet normal 0 0 1
    outer loop
      vertex 9.683583958711397 4.375735421375199 2.4
      vertex 128.28730369583636 4.626049663185901 2.4
      vertex 9.99269630416366 4.626049663185901 2.4
    endloop
  endfacet
  facet normal 0 0 1
    outer loop
      vertex 9.99269630416366 4.626049663185901 2.4
      vertex 128.0060496631859 4.9073036958363385 2.4
      vertex 10.273950336814098 4.9073036958363385 2.4
    endloop
  endfacet
  facet normal 0 0 1
    outer loop
      vertex 10.273950336814098 4.9073036958363385 2.4
      vertex 127.7557354213752 5.216416041288602 2.4
      vertex 10.524264578624798 5.216416041288602 2.4
    endloop
  endfacet
  facet normal 0 0 1
    outer loop
      vertex 10.524264578624798 5.216416041288602 2.4
      vertex 127.53910346561915 5.549999999999999 2.4
      vertex 10.740896534380866 5.549999999999999 2.4
    endloop
  endfacet
  facet normal 0 0 1
    outer loop
      vertex 10.740896534380866 5.549999999999999 2.4
      vertex 127.35852726095813 5.904400756311959 2.4
      vertex 10.921472739041882 5.904400756311959 2.4
    endloop
  endfacet
  facet normal 0 0 1
    outer loop
      vertex 7.449999999999999 3.6499999999999995 2.4
      vertex 135.28 3.6 2.4
      vertex 7.8472081604170825 3.670816797600561 2.4
    endloop
  endfacet
  facet normal 0 0 1
    outer loop
      vertex 10.921472739041882 5.904400756311959 2.4
      vertex 127.21598523807843 6.275735421375199 2.4
      vertex 11.064014761921582 6.275735421375199 2.4
    endloop
  endfacet
  facet normal 0 0 1
    outer loop
      vertex 11.064014761921582 6.275735421375199 2.4
      vertex 127.11303911721156 6.659935574892514 2.4
      vertex 11.16696088278846 6.659935574892514 2.4
    endloop
  endfacet
  facet normal 0 0 1
    outer loop
      vertex 11.16696088278846 6.659935574892514 2.4
      vertex 127.05081679760058 7.052791839582916 2.4
      vertex 11.229183202399437 7.052791839582916 2.4
    endloop
  endfacet
  facet normal 0 0 1
    outer loop
      vertex 11.229183202399437 7.052791839582916 2.4
      vertex 127.03000000000002 7.449999999999999 2.4
      vertex 11.25 7.449999999999999 2.4
    endloop
  endfacet
  facet normal 0 0 1
    outer loop
      vertex 11.25 7.449999999999999 2.4
      vertex 127.05081679760058 7.8472081604170825 2.4
      vertex 11.229183202399437 7.8472081604170825 2.4
    endloop
  endfacet
  facet normal 0 0 1
    outer loop
      vertex 11.229183202399437 7.8472081604170825 2.4
      vertex 127.11303911721156 8.240064425107485 2.4
      vertex 11.16696088278846 8.240064425107485 2.4
    endloop
  endfacet
  facet normal 0 0 1
    outer loop
      vertex 11.16696088278846 8.240064425107485 2.4
      vertex 127.21598523807843 8.6242645786248 2.4
      vertex 9.99269630416366 84.3260496631859 2.4
    endloop
  endfacet
  facet normal 0.5877852522924726 0.8090169943749479 0
    outer loop
      vertex 3.1145898033750314 3.247328848624516 2.4
      vertex 3.1145898033750314 3.247328848624516 8
      vertex 3.4145898033750317 3.029366090222908 8
    endloop
  endfacet
  facet normal 0.9510565162951536 0.309016994374947 0
    outer loop
      vertex 3 3.6 2.4
      vertex 3 3.6 8
      vertex 3.1145898033750314 3.247328848624516 8
    endloop
  endfacet
  facet normal 1 0 0
    outer loop
      vertex 3 3.6 8
      vertex 3 35.51 7.2
      vertex 3 35.51 8
    endloop
  endfacet
  facet normal 1 0 0
    outer loop
      vertex 3 3.6 8
      vertex 3 91 2.4
      vertex 3 35.51 7.2
    endloop
  endfacet
  facet normal 0 1 0
    outer loop
      vertex 3.4145898033750317 3.029366090222908 2.4
      vertex 3.4145898033750317 3.029366090222908 8
      vertex 134.86541019662496 3.029366090222908 8
    endloop
  endfacet
  facet normal 0 0 1
    outer loop
      vertex 3.4145898033750317 3.029366090222908 2.4
      vertex 3.670816797600561 86.75279183958291 2.4
      vertex 3.6499999999999995 87.14999999999999 2.4
    endloop
  endfacet
  facet normal 0 0 1
    outer loop
      vertex 3.4145898033750317 3.029366090222908 2.4
      vertex 3.6499999999999995 87.14999999999999 2.4
      vertex 3.4145898033750317 91.57063390977709 2.4
    endloop
  endfacet
  facet normal 0 0 1
    outer loop
      vertex 3.733039117211538 8.240064425107485 2.4
      vertex 3.733039117211538 86.3599355748925 2.4
      vertex 3.670816797600561 86.75279183958291 2.4
    endloop
  endfacet
  facet normal 0 0 1
    outer loop
      vertex 3.978527260958116 8.99559924368804 2.4
      vertex 3.978527260958116 85.60440075631195 2.4
      vertex 3.835985238078416 85.97573542137519 2.4
    endloop
  endfacet
  facet normal 0 0 1
    outer loop
      vertex 4.375735421375199 9.683583958711397 2.4
      vertex 4.375735421375199 84.9164160412886 2.4
      vertex 4.159103465619133 85.24999999999999 2.4
    endloop
  endfacet
  facet normal 0 0 1
    outer loop
      vertex 4.159103465619133 9.35 2.4
      vertex 4.159103465619133 85.24999999999999 2.4
      vertex 3.978527260958116 85.60440075631195 2.4
    endloop
  endfacet
  facet normal 0 0 1
    outer loop
      vertex 3.835985238078416 8.6242645786248 2.4
      vertex 3.835985238078416 85.97573542137519 2.4
      vertex 3.733039117211538 86.3599355748925 2.4
    endloop
  endfacet
  facet normal 0 0 1
    outer loop
      vertex 3 3.6 2.4
      vertex 3.4145898033750317 91.57063390977709 2.4
      vertex 3 91 2.4
    endloop
  endfacet
  facet normal 0 0 1
    outer loop
      vertex 4.626049663185901 9.99269630416366 2.4
      vertex 4.626049663185901 84.60730369583634 2.4
      vertex 4.375735421375199 84.9164160412886 2.4
    endloop
  endfacet
  facet normal 0 0 1
    outer loop
      vertex 4.9073036958363385 10.273950336814098 2.4
      vertex 4.9073036958363385 84.3260496631859 2.4
      vertex 4.626049663185901 84.60730369583634 2.4
    endloop
  endfacet
  facet normal 0 0 1
    outer loop
      vertex 5.216416041288602 10.524264578624798 2.4
      vertex 5.216416041288602 84.07573542137519 2.4
      vertex 4.9073036958363385 84.3260496631859 2.4
    endloop
  endfacet
  facet normal 0 0 1
    outer loop
      vertex 5.904400756311959 10.921472739041882 2.4
      vertex 5.904400756311959 83.6785272609581 2.4
      vertex 5.549999999999999 83.85910346561913 2.4
    endloop
  endfacet
  facet normal 0 0 1
    outer loop
      vertex 5.549999999999999 10.740896534380866 2.4
      vertex 5.549999999999999 83.85910346561913 2.4
      vertex 5.216416041288602 84.07573542137519 2.4
    endloop
  endfacet
  facet normal 0 0 1
    outer loop
      vertex 6.275735421375199 11.064014761921582 2.4
      vertex 6.275735421375199 83.53598523807841 2.4
      vertex 5.904400756311959 83.6785272609581 2.4
    endloop
  endfacet
  facet normal 0 0 1
    outer loop
      vertex 6.659935574892514 11.16696088278846 2.4
      vertex 6.659935574892514 83.43303911721154 2.4
      vertex 6.275735421375199 83.53598523807841 2.4
    endloop
  endfacet
  facet normal 0 0 1
    outer loop
      vertex 7.052791839582916 11.229183202399437 2.4
      vertex 7.052791839582916 83.37081679760055 2.4
      vertex 6.659935574892514 83.43303911721154 2.4
    endloop
  endfacet
  facet normal 0 0 1
    outer loop
      vertex 7.449999999999999 11.25 2.4
      vertex 7.449999999999999 83.35 2.4
      vertex 7.052791839582916 83.37081679760055 2.4
    endloop
  endfacet
  facet normal 0 0 1
    outer loop
      vertex 7.8472081604170825 11.229183202399437 2.4
      vertex 7.8472081604170825 83.37081679760055 2.4
      vertex 7.449999999999999 83.35 2.4
    endloop
  endfacet
  facet normal 0 0 1
    outer loop
      vertex 8.240064425107485 11.16696088278846 2.4
      vertex 8.240064425107485 83.43303911721154 2.4
      vertex 7.8472081604170825 83.37081679760055 2.4
    endloop
  endfacet
  facet normal 0 0 1
    outer loop
      vertex 8.6242645786248 11.064014761921582 2.4
      vertex 8.6242645786248 83.53598523807841 2.4
      vertex 8.240064425107485 83.43303911721154 2.4
    endloop
  endfacet
  facet normal 0 0 1
    outer loop
      vertex 8.99559924368804 10.921472739041882 2.4
      vertex 8.99559924368804 83.6785272609581 2.4
      vertex 8.6242645786248 83.53598523807841 2.4
    endloop
  endfacet
  facet normal 0 0 1
    outer loop
      vertex 9.35 10.740896534380866 2.4
      vertex 9.35 83.85910346561913 2.4
      vertex 8.99559924368804 83.6785272609581 2.4
    endloop
  endfacet
  facet normal 0 0 1
    outer loop
      vertex 9.683583958711397 10.524264578624798 2.4
      vertex 9.683583958711397 84.07573542137519 2.4
      vertex 9.35 83.85910346561913 2.4
    endloop
  endfacet
  facet normal 0 0 1
    outer loop
      vertex 9.99269630416366 10.273950336814098 2.4
      vertex 9.99269630416366 84.3260496631859 2.4
      vertex 9.683583958711397 84.07573542137519 2.4
    endloop
  endfacet
  facet normal 0 0 1
    outer loop
      vertex 3.6499999999999995 87.14999999999999 2.4
      vertex 3.670816797600561 87.54720816041707 2.4
      vertex 3.4145898033750317 91.57063390977709 2.4
    endloop
  endfacet
  facet normal 0 0 1
    outer loop
      vertex 3.670816797600561 87.54720816041707 2.4
      vertex 3.733039117211538 87.94006442510748 2.4
      vertex 3.4145898033750317 91.57063390977709 2.4
    endloop
  endfacet
  facet normal 0 0 1
    outer loop
      vertex 3.733039117211538 87.94006442510748 2.4
      vertex 3.835985238078416 88.32426457862479 2.4
      vertex 3.4145898033750317 91.57063390977709 2.4
    endloop
  endfacet
  facet normal 0 0 1
    outer loop
      vertex 3.835985238078416 88.32426457862479 2.4
      vertex 3.978527260958116 88.69559924368804 2.4
      vertex 3.4145898033750317 91.57063390977709 2.4
    endloop
  endfacet
  facet normal 0 0 1
    outer loop
      vertex 3.978527260958116 88.69559924368804 2.4
      vertex 4.159103465619133 89.05 2.4
      vertex 3.4145898033750317 91.57063390977709 2.4
    endloop
  endfacet
  facet normal 0 0 1
    outer loop
      vertex 4.159103465619133 89.05 2.4
      vertex 4.375735421375199 89.38358395871138 2.4
      vertex 3.4145898033750317 91.57063390977709 2.4
    endloop
  endfacet
  facet normal 0 0 1
    outer loop
      vertex 3 91 2.4
      vertex 3.4145898033750317 91.57063390977709 2.4
      vertex 3.1145898033750314 91.35267115137549 2.4
    endloop
  endfacet
  facet normal 0 0 1
    outer loop
      vertex 3.4145898033750317 91.57063390977709 2.4
      vertex 4.375735421375199 89.38358395871138 2.4
      vertex 4.626049663185901 89.69269630416365 2.4
    endloop
  endfacet
  facet normal 0 0 1
    outer loop
      vertex 3.4145898033750317 91.57063390977709 2.4
      vertex 4.626049663185901 89.69269630416365 2.4
      vertex 4.9073036958363385 89.97395033681408 2.4
    endloop
  endfacet
  facet normal 0 0 1
    outer loop
      vertex 3.4145898033750317 91.57063390977709 2.4
      vertex 4.9073036958363385 89.97395033681408 2.4
      vertex 5.216416041288602 90.2242645786248 2.4
    endloop
  endfacet
  facet normal 0 0 1
    outer loop
      vertex 3.4145898033750317 91.57063390977709 2.4
      vertex 5.216416041288602 90.2242645786248 2.4
      vertex 5.549999999999999 90.44089653438085 2.4
    endloop
  endfacet
  facet normal 0 0 1
    outer loop
      vertex 3.4145898033750317 91.57063390977709 2.4
      vertex 5.549999999999999 90.44089653438085 2.4
      vertex 5.904400756311959 90.62147273904188 2.4
    endloop
  endfacet
  facet normal 0 0 1
    outer loop
      vertex 3.4145898033750317 91.57063390977709 2.4
      vertex 5.904400756311959 90.62147273904188 2.4
      vertex 6.275735421375199 90.76401476192157 2.4
    endloop
  endfacet
  facet normal 0 0 1
    outer loop
      vertex 3.4145898033750317 91.57063390977709 2.4
      vertex 6.275735421375199 90.76401476192157 2.4
      vertex 6.659935574892514 90.86696088278845 2.4
    endloop
  endfacet
  facet normal 0 0 1
    outer loop
      vertex 3.4145898033750317 91.57063390977709 2.4
      vertex 6.659935574892514 90.86696088278845 2.4
      vertex 7.052791839582916 90.92918320239943 2.4
    endloop
  endfacet
  facet normal 0 0 1
    outer loop
      vertex 3.4145898033750317 91.57063390977709 2.4
      vertex 7.052791839582916 90.92918320239943 2.4
      vertex 7.449999999999999 90.94999999999999 2.4
    endloop
  endfacet
  facet normal 0.951056516295155 -0.3090169943749432 0
    outer loop
      vertex 3 91 2.4
      vertex 3.1145898033750314 91.35267115137549 2.4
      vertex 3 91 8
    endloop
  endfacet
  facet normal 0.5877852522924539 -0.8090169943749616 0
    outer loop
      vertex 3.1145898033750314 91.35267115137549 2.4
      vertex 3.4145898033750317 91.57063390977709 2.4
      vertex 3.1145898033750314 91.35267115137549 8
    endloop
  endfacet
  facet normal 0 0 1
    outer loop
      vertex 9.99269630416366 84.3260496631859 2.4
      vertex 127.35852726095813 8.99559924368804 2.4
      vertex 10.273950336814098 84.60730369583634 2.4
    endloop
  endfacet
  facet normal 0 0 1
    outer loop
      vertex 10.273950336814098 84.60730369583634 2.4
      vertex 127.35852726095813 8.99559924368804 2.4
      vertex 10.524264578624798 84.9164160412886 2.4
    endloop
  endfacet
  facet normal 0 0 1
    outer loop
      vertex 10.524264578624798 84.9164160412886 2.4
      vertex 127.35852726095813 8.99559924368804 2.4
      vertex 10.740896534380866 85.24999999999999 2.4
    endloop
  endfacet
  facet normal 0 0 1
    outer loop
      vertex 10.740896534380866 85.24999999999999 2.4
      vertex 127.35852726095813 8.99559924368804 2.4
      vertex 10.921472739041882 85.60440075631195 2.4
    endloop
  endfacet
  facet normal 0 0 1
    outer loop
      vertex 10.921472739041882 85.60440075631195 2.4
      vertex 127.35852726095813 8.99559924368804 2.4
      vertex 11.064014761921582 85.97573542137519 2.4
    endloop
  endfacet
  facet normal 0 0 1
    outer loop
      vertex 11.064014761921582 85.97573542137519 2.4
      vertex 127.35852726095813 8.99559924368804 2.4
      vertex 11.16696088278846 86.3599355748925 2.4
    endloop
  endfacet
  facet normal 0 0 1
    outer loop
      vertex 11.16696088278846 86.3599355748925 2.4
      vertex 128.93 10.740896534380866 2.4
      vertex 11.229183202399437 86.75279183958291 2.4
    endloop
  endfacet
  facet normal 0 0 1
    outer loop
      vertex 11.229183202399437 86.75279183958291 2.4
      vertex 128.93 10.740896534380866 2.4
      vertex 11.25 87.14999999999999 2.4
    endloop
  endfacet
  facet normal 0 0 1
    outer loop
      vertex 11.25 87.14999999999999 2.4
      vertex 129.28440075631198 10.921472739041882 2.4
      vertex 11.229183202399437 87.54720816041707 2.4
    endloop
  endfacet
  facet normal 0 0 1
    outer loop
      vertex 11.229183202399437 87.54720816041707 2.4
      vertex 129.65573542137523 11.064014761921582 2.4
      vertex 11.16696088278846 87.94006442510748 2.4
    endloop
  endfacet
  facet normal 0 0 1
    outer loop
      vertex 11.16696088278846 87.94006442510748 2.4
      vertex 130.03993557489252 11.16696088278846 2.4
      vertex 11.064014761921582 88.32426457862479 2.4
    endloop
  endfacet
  facet normal 0 0 1
    outer loop
      vertex 11.064014761921582 88.32426457862479 2.4
      vertex 130.43279183958293 11.229183202399437 2.4
      vertex 10.921472739041882 88.69559924368804 2.4
    endloop
  endfacet
  facet normal 0 0 1
    outer loop
      vertex 10.740896534380866 89.05 2.4
      vertex 10.921472739041882 88.69559924368804 2.4
      vertex 130.83 11.25 2.4
    endloop
  endfacet
  facet normal 0 0 1
    outer loop
      vertex 10.740896534380866 89.05 2.4
      vertex 131.2272081604171 11.229183202399437 2.4
      vertex 10.524264578624798 89.38358395871138 2.4
    endloop
  endfacet
  facet normal 0 0 1
    outer loop
      vertex 10.524264578624798 89.38358395871138 2.4
      vertex 131.6200644251075 11.16696088278846 2.4
      vertex 10.273950336814098 89.69269630416365 2.4
    endloop
  endfacet
  facet normal 0 0 1
    outer loop
      vertex 9.99269630416366 89.97395033681408 2.4
      vertex 10.273950336814098 89.69269630416365 2.4
      vertex 132.0042645786248 11.064014761921582 2.4
    endloop
  endfacet
  facet normal 0 0 1
    outer loop
      vertex 3.4145898033750317 91.57063390977709 2.4
      vertex 7.449999999999999 90.94999999999999 2.4
      vertex 127.21598523807843 85.97573542137519 2.4
    endloop
  endfacet
  facet normal 0 0 1
    outer loop
      vertex 7.449999999999999 90.94999999999999 2.4
      vertex 7.8472081604170825 90.92918320239943 2.4
      vertex 127.21598523807843 85.97573542137519 2.4
    endloop
  endfacet
  facet normal 0 0 1
    outer loop
      vertex 8.240064425107485 90.86696088278845 2.4
      vertex 127.21598523807843 85.97573542137519 2.4
      vertex 7.8472081604170825 90.92918320239943 2.4
    endloop
  endfacet
  facet normal 0 0 1
    outer loop
      vertex 8.240064425107485 90.86696088278845 2.4
      vertex 8.6242645786248 90.76401476192157 2.4
      vertex 127.21598523807843 85.97573542137519 2.4
    endloop
  endfacet
  facet normal 0 0 1
    outer loop
      vertex 8.99559924368804 90.62147273904188 2.4
      vertex 9.35 90.44089653438085 2.4
      vertex 127.21598523807843 85.97573542137519 2.4
    endloop
  endfacet
  facet normal 0 0 1
    outer loop
      vertex 8.6242645786248 90.76401476192157 2.4
      vertex 8.99559924368804 90.62147273904188 2.4
      vertex 127.21598523807843 85.97573542137519 2.4
    endloop
  endfacet
  facet normal 0 0 1
    outer loop
      vertex 9.35 90.44089653438085 2.4
      vertex 9.683583958711397 90.2242645786248 2.4
      vertex 127.21598523807843 85.97573542137519 2.4
    endloop
  endfacet
  facet normal 0 0 1
    outer loop
      vertex 9.99269630416366 89.97395033681408 2.4
      vertex 127.21598523807843 85.97573542137519 2.4
      vertex 9.683583958711397 90.2242645786248 2.4
    endloop
  endfacet
  facet normal 0 -1 0
    outer loop
      vertex 3.4145898033750317 91.57063390977709 2.4
      vertex 134.86541019662496 91.57063390977709 2.4
      vertex 3.4145898033750317 91.57063390977709 8
    endloop
  endfacet
  facet normal 1 0 0
    outer loop
      vertex 3 91 2.4
      vertex 3 50.11 7.2
      vertex 3 35.51 7.2
    endloop
  endfacet
  facet normal 1 0 0
    outer loop
      vertex 3 50.11 8
      vertex 3 50.11 7.2
      vertex 3 56.54 7.4
    endloop
  endfacet
  facet normal 1 0 0
    outer loop
      vertex 3 50.11 8
      vertex 3 56.54 7.4
      vertex 3 56.54 8
    endloop
  endfacet
  facet normal 1 0 0
    outer loop
      vertex 3 91 2.4
      vertex 3 56.54 7.4
      vertex 3 50.11 7.2
    endloop
  endfacet
  facet normal 1 0 0
    outer loop
      vertex 3 91 2.4
      vertex 3 67.53999999999999 7.4
      vertex 3 56.54 7.4
    endloop
  endfacet
  facet normal 1 0 0
    outer loop
      vertex 3 91 8
      vertex 3 67.53999999999999 8
      vertex 3 67.53999999999999 7.4
    endloop
  endfacet
  facet normal 1 0 0
    outer loop
      vertex 3 91 2.4
      vertex 3 91 8
      vertex 3 67.53999999999999 7.4
    endloop
  endfacet
  facet normal 0.951056516295155 -0.3090169943749432 0
    outer loop
      vertex 3.1145898033750314 91.35267115137549 2.4
      vertex 3.1145898033750314 91.35267115137549 8
      vertex 3 91 8
    endloop
  endfacet
  facet normal 0.5877852522924539 -0.8090169943749616 0
    outer loop
      vertex 3.4145898033750317 91.57063390977709 2.4
      vertex 3.4145898033750317 91.57063390977709 8
      vertex 3.1145898033750314 91.35267115137549 8
    endloop
  endfacet
  facet normal 0 0 1
    outer loop
      vertex 10.740896534380866 5.549999999999999 2.4
      vertex 127.53910346561915 5.549999999999999 2.4
      vertex 127.35852726095813 5.904400756311959 2.4
    endloop
  endfacet
  facet normal 0 0 1
    outer loop
      vertex 7.8472081604170825 3.670816797600561 2.4
      vertex 130.43279183958293 3.670816797600561 2.4
      vertex 130.03993557489252 3.733039117211538 2.4
    endloop
  endfacet
  facet normal 0 0 1
    outer loop
      vertex 8.99559924368804 3.978527260958116 2.4
      vertex 129.28440075631198 3.978527260958116 2.4
      vertex 128.93 4.159103465619133 2.4
    endloop
  endfacet
  facet normal 0 0 1
    outer loop
      vertex 9.35 4.159103465619133 2.4
      vertex 128.93 4.159103465619133 2.4
      vertex 128.59641604128862 4.375735421375199 2.4
    endloop
  endfacet
  facet normal 0 0 1
    outer loop
      vertex 8.240064425107485 3.733039117211538 2.4
      vertex 130.03993557489252 3.733039117211538 2.4
      vertex 129.65573542137523 3.835985238078416 2.4
    endloop
  endfacet
  facet normal 0 0 1
    outer loop
      vertex 8.6242645786248 3.835985238078416 2.4
      vertex 129.65573542137523 3.835985238078416 2.4
      vertex 129.28440075631198 3.978527260958116 2.4
    endloop
  endfacet
  facet normal 0 0 1
    outer loop
      vertex 7.8472081604170825 3.670816797600561 2.4
      vertex 130.83 3.6499999999999995 2.4
      vertex 130.43279183958293 3.670816797600561 2.4
    endloop
  endfacet
  facet normal 0 0 1
    outer loop
      vertex 9.99269630416366 4.626049663185901 2.4
      vertex 128.28730369583636 4.626049663185901 2.4
      vertex 128.0060496631859 4.9073036958363385 2.4
    endloop
  endfacet
  facet normal 0 0 1
    outer loop
      vertex 9.683583958711397 4.375735421375199 2.4
      vertex 128.59641604128862 4.375735421375199 2.4
      vertex 128.28730369583636 4.626049663185901 2.4
    endloop
  endfacet
  facet normal 0 0 1
    outer loop
      vertex 10.273950336814098 4.9073036958363385 2.4
      vertex 128.0060496631859 4.9073036958363385 2.4
      vertex 127.7557354213752 5.216416041288602 2.4
    endloop
  endfacet
  facet normal 0 0 1
    outer loop
      vertex 10.524264578624798 5.216416041288602 2.4
      vertex 127.7557354213752 5.216416041288602 2.4
      vertex 127.53910346561915 5.549999999999999 2.4
    endloop
  endfacet
  facet normal 0 0 1
    outer loop
      vertex 3.4145898033750317 3.029366090222908 2.4
      vertex 134.86541019662496 3.029366090222908 2.4
      vertex 135.28 3.6 2.4
    endloop
  endfacet
  facet normal 0 0 1
    outer loop
      vertex 7.8472081604170825 3.670816797600561 2.4
      vertex 135.28 3.6 2.4
      vertex 130.83 3.6499999999999995 2.4
    endloop
  endfacet
  facet normal 0 0 1
    outer loop
      vertex 10.921472739041882 5.904400756311959 2.4
      vertex 127.35852726095813 5.904400756311959 2.4
      vertex 127.21598523807843 6.275735421375199 2.4
    endloop
  endfacet
  facet normal 0 0 1
    outer loop
      vertex 11.064014761921582 6.275735421375199 2.4
      vertex 127.21598523807843 6.275735421375199 2.4
      vertex 127.11303911721156 6.659935574892514 2.4
    endloop
  endfacet
  facet normal 0 0 1
    outer loop
      vertex 11.16696088278846 6.659935574892514 2.4
      vertex 127.11303911721156 6.659935574892514 2.4
      vertex 127.05081679760058 7.052791839582916 2.4
    endloop
  endfacet
  facet normal 0 0 1
    outer loop
      vertex 11.229183202399437 7.052791839582916 2.4
      vertex 127.05081679760058 7.052791839582916 2.4
      vertex 127.03000000000002 7.449999999999999 2.4
    endloop
  endfacet
  facet normal 0 0 1
    outer loop
      vertex 11.25 7.449999999999999 2.4
      vertex 127.03000000000002 7.449999999999999 2.4
      vertex 127.05081679760058 7.8472081604170825 2.4
    endloop
  endfacet
  facet normal 0 0 1
    outer loop
      vertex 11.229183202399437 7.8472081604170825 2.4
      vertex 127.05081679760058 7.8472081604170825 2.4
      vertex 127.11303911721156 8.240064425107485 2.4
    endloop
  endfacet
  facet normal 0 0 1
    outer loop
      vertex 11.16696088278846 8.240064425107485 2.4
      vertex 127.11303911721156 8.240064425107485 2.4
      vertex 127.21598523807843 8.6242645786248 2.4
    endloop
  endfacet
  facet normal 0 1 0
    outer loop
      vertex 3.4145898033750317 3.029366090222908 2.4
      vertex 134.86541019662496 3.029366090222908 8
      vertex 134.86541019662496 3.029366090222908 2.4
    endloop
  endfacet
  facet normal 0 0 1
    outer loop
      vertex 9.99269630416366 84.3260496631859 2.4
      vertex 127.21598523807843 8.6242645786248 2.4
      vertex 127.35852726095813 8.99559924368804 2.4
    endloop
  endfacet
  facet normal 0 0 1
    outer loop
      vertex 11.16696088278846 86.3599355748925 2.4
      vertex 127.35852726095813 8.99559924368804 2.4
      vertex 127.53910346561915 9.35 2.4
    endloop
  endfacet
  facet normal 0 0 1
    outer loop
      vertex 11.16696088278846 86.3599355748925 2.4
      vertex 127.53910346561915 9.35 2.4
      vertex 127.7557354213752 9.683583958711397 2.4
    endloop
  endfacet
  facet normal 0 0 1
    outer loop
      vertex 11.16696088278846 86.3599355748925 2.4
      vertex 127.7557354213752 9.683583958711397 2.4
      vertex 128.0060496631859 9.99269630416366 2.4
    endloop
  endfacet
  facet normal 0 0 1
    outer loop
      vertex 11.16696088278846 86.3599355748925 2.4
      vertex 128.0060496631859 9.99269630416366 2.4
      vertex 128.28730369583636 10.273950336814098 2.4
    endloop
  endfacet
  facet normal 0 0 1
    outer loop
      vertex 11.16696088278846 86.3599355748925 2.4
      vertex 128.28730369583636 10.273950336814098 2.4
      vertex 128.59641604128862 10.524264578624798 2.4
    endloop
  endfacet
  facet normal 0 0 1
    outer loop
      vertex 11.16696088278846 86.3599355748925 2.4
      vertex 128.59641604128862 10.524264578624798 2.4
      vertex 128.93 10.740896534380866 2.4
    endloop
  endfacet
  facet normal 0 0 1
    outer loop
      vertex 11.25 87.14999999999999 2.4
      vertex 128.93 10.740896534380866 2.4
      vertex 129.28440075631198 10.921472739041882 2.4
    endloop
  endfacet
  facet normal 0 0 1
    outer loop
      vertex 11.229183202399437 87.54720816041707 2.4
      vertex 129.28440075631198 10.921472739041882 2.4
      vertex 129.65573542137523 11.064014761921582 2.4
    endloop
  endfacet
  facet normal 0 0 1
    outer loop
      vertex 11.16696088278846 87.94006442510748 2.4
      vertex 129.65573542137523 11.064014761921582 2.4
      vertex 130.03993557489252 11.16696088278846 2.4
    endloop
  endfacet
  facet normal 0 0 1
    outer loop
      vertex 11.064014761921582 88.32426457862479 2.4
      vertex 130.03993557489252 11.16696088278846 2.4
      vertex 130.43279183958293 11.229183202399437 2.4
    endloop
  endfacet
  facet normal 0 0 1
    outer loop
      vertex 10.921472739041882 88.69559924368804 2.4
      vertex 130.43279183958293 11.229183202399437 2.4
      vertex 130.83 11.25 2.4
    endloop
  endfacet
  facet normal 0 0 1
    outer loop
      vertex 10.740896534380866 89.05 2.4
      vertex 130.83 11.25 2.4
      vertex 131.2272081604171 11.229183202399437 2.4
    endloop
  endfacet
  facet normal 0 0 1
    outer loop
      vertex 10.524264578624798 89.38358395871138 2.4
      vertex 131.2272081604171 11.229183202399437 2.4
      vertex 131.6200644251075 11.16696088278846 2.4
    endloop
  endfacet
  facet normal 0 0 1
    outer loop
      vertex 10.273950336814098 89.69269630416365 2.4
      vertex 131.6200644251075 11.16696088278846 2.4
      vertex 132.0042645786248 11.064014761921582 2.4
    endloop
  endfacet
  facet normal 0 0 1
    outer loop
      vertex 9.99269630416366 89.97395033681408 2.4
      vertex 132.0042645786248 11.064014761921582 2.4
      vertex 132.37559924368804 10.921472739041882 2.4
    endloop
  endfacet
  facet normal 0 0 1
    outer loop
      vertex 130.83 3.6499999999999995 2.4
      vertex 135.28 3.6 2.4
      vertex 131.2272081604171 3.670816797600561 2.4
    endloop
  endfacet
  facet normal 0 0 1
    outer loop
      vertex 131.2272081604171 3.670816797600561 2.4
      vertex 135.28 3.6 2.4
      vertex 131.6200644251075 3.733039117211538 2.4
    endloop
  endfacet
  facet normal 0 0 1
    outer loop
      vertex 131.6200644251075 3.733039117211538 2.4
      vertex 135.28 3.6 2.4
      vertex 132.0042645786248 3.835985238078416 2.4
    endloop
  endfacet
  facet normal 0 0 1
    outer loop
      vertex 132.0042645786248 3.835985238078416 2.4
      vertex 135.28 3.6 2.4
      vertex 132.37559924368804 3.978527260958116 2.4
    endloop
  endfacet
  facet normal 0 0 1
    outer loop
      vertex 132.37559924368804 3.978527260958116 2.4
      vertex 135.28 3.6 2.4
      vertex 132.73000000000002 4.159103465619133 2.4
    endloop
  endfacet
  facet normal 0 0 1
    outer loop
      vertex 132.73000000000002 4.159103465619133 2.4
      vertex 135.28 3.6 2.4
      vertex 133.0635839587114 4.375735421375199 2.4
    endloop
  endfacet
  facet normal 0 0 1
    outer loop
      vertex 133.0635839587114 4.375735421375199 2.4
      vertex 135.28 3.6 2.4
      vertex 133.37269630416367 4.626049663185901 2.4
    endloop
  endfacet
  facet normal 0 0 1
    outer loop
      vertex 133.37269630416367 4.626049663185901 2.4
      vertex 135.28 3.6 2.4
      vertex 133.65395033681412 4.9073036958363385 2.4
    endloop
  endfacet
  facet normal 0 0 1
    outer loop
      vertex 134.86541019662496 3.029366090222908 2.4
      vertex 135.16541019662498 3.247328848624516 2.4
      vertex 135.28 3.6 2.4
    endloop
  endfacet
  facet normal 0 0 1
    outer loop
      vertex 133.65395033681412 4.9073036958363385 2.4
      vertex 135.28 3.6 2.4
      vertex 133.9042645786248 5.216416041288602 2.4
    endloop
  endfacet
  facet normal 0 0 1
    outer loop
      vertex 133.9042645786248 5.216416041288602 2.4
      vertex 135.28 3.6 2.4
      vertex 134.12089653438088 5.549999999999999 2.4
    endloop
  endfacet
  facet normal 0 0 1
    outer loop
      vertex 135.28 3.6 2.4
      vertex 134.30147273904188 5.904400756311959 2.4
      vertex 134.12089653438088 5.549999999999999 2.4
    endloop
  endfacet
  facet normal 0 0 1
    outer loop
      vertex 135.28 3.6 2.4
      vertex 134.4440147619216 6.275735421375199 2.4
      vertex 134.30147273904188 5.904400756311959 2.4
    endloop
  endfacet
  facet normal 0 0 1
    outer loop
      vertex 135.28 3.6 2.4
      vertex 134.54696088278848 6.659935574892514 2.4
      vertex 134.4440147619216 6.275735421375199 2.4
    endloop
  endfacet
  facet normal 0 0 1
    outer loop
      vertex 135.28 3.6 2.4
      vertex 134.60918320239946 7.052791839582916 2.4
      vertex 134.54696088278848 6.659935574892514 2.4
    endloop
  endfacet
  facet normal 0 0 1
    outer loop
      vertex 135.28 3.6 2.4
      vertex 134.63000000000002 7.449999999999999 2.4
      vertex 134.60918320239946 7.052791839582916 2.4
    endloop
  endfacet
  facet normal 0 0 1
    outer loop
      vertex 135.28 3.6 2.4
      vertex 134.60918320239946 7.8472081604170825 2.4
      vertex 134.63000000000002 7.449999999999999 2.4
    endloop
  endfacet
  facet normal -0.5877852522924583 0.8090169943749581 -3.001203119313891e-19
    outer loop
      vertex 134.86541019662496 3.029366090222908 2.4
      vertex 135.16541019662498 3.247328848624516 8
      vertex 135.16541019662498 3.247328848624516 2.4
    endloop
  endfacet
  facet normal -0.9510565162951583 0.3090169943749329 -1.2460282420659928e-18
    outer loop
      vertex 135.16541019662498 3.247328848624516 2.4
      vertex 135.28 3.6 8
      vertex 135.28 3.6 2.4
    endloop
  endfacet
  facet normal -1 0 0
    outer loop
      vertex 135.28 3.6 2.4
      vertex 135.28 22.30681731690394 3.304706902409194
      vertex 135.28 22.683155547135648 3.1779037887640724
    endloop
  endfacet
  facet normal -1 0 0
    outer loop
      vertex 135.28 3.6 2.4
      vertex 135.28 21.940609941418543 3.458335191809736
      vertex 135.28 22.30681731690394 3.304706902409194
    endloop
  endfacet
  facet normal -1 0 0
    outer loop
      vertex 135.28 3.6 2.4
      vertex 135.28 23.458333770392343 3.0072741589439937
      vertex 135.28 23.853132343096615 2.964337226651275
    endloop
  endfacet
  facet normal -1 0 0
    outer loop
      vertex 135.28 3.6 2.4
      vertex 135.28 23.067662578839368 3.078586943594522
      vertex 135.28 23.458333770392343 3.0072741589439937
    endloop
  endfacet
  facet normal -1 0 0
    outer loop
      vertex 135.28 3.6 2.4
      vertex 135.28 22.683155547135648 3.1779037887640724
      vertex 135.28 23.067662578839368 3.078586943594522
    endloop
  endfacet
  facet normal -1 0 0
    outer loop
      vertex 135.28 3.6 2.4
      vertex 135.28 23.853132343096615 2.964337226651275
      vertex 135.28 24.25 2.9499999999999993
    endloop
  endfacet
  facet normal -1 0 0
    outer loop
      vertex 135.28 3.6 2.4
      vertex 135.28 21.586442656368092 3.637987710200176
      vertex 135.28 21.940609941418543 3.458335191809736
    endloop
  endfacet
  facet normal -1 0 0
    outer loop
      vertex 135.28 3.6 2.4
      vertex 135.28 21.246161925984666 3.8427278325351946
      vertex 135.28 21.586442656368092 3.637987710200176
    endloop
  endfacet
  facet normal -1 0 0
    outer loop
      vertex 135.28 3.6 2.4
      vertex 135.28 20.058108696798 4.8893754336999455
      vertex 135.28 20.32596266488012 4.5961796885966155
    endloop
  endfacet
  facet normal -1 0 0
    outer loop
      vertex 135.28 3.6 2.4
      vertex 135.28 20.921541816434292 4.0714881386189585
      vertex 135.28 21.246161925984666 3.8427278325351946
    endloop
  endfacet
  facet normal -1 0 0
    outer loop
      vertex 135.28 3.6 2.4
      vertex 135.28 20.6142747466574 4.3230759781397845
      vertex 135.28 20.921541816434292 4.0714881386189585
    endloop
  endfacet
  facet normal -1 0 0
    outer loop
      vertex 135.28 3.6 2.4
      vertex 135.28 20.32596266488012 4.5961796885966155
      vertex 135.28 20.6142747466574 4.3230759781397845
    endloop
  endfacet
  facet normal -1 0 0
    outer loop
      vertex 135.28 3.6 2.4
      vertex 135.28 19.812109308974613 5.2011346265949685
      vertex 135.28 20.058108696798 4.8893754336999455
    endloop
  endfacet
  facet normal -1 0 0
    outer loop
      vertex 135.28 3.6 2.4
      vertex 135.28 19.589247028311526 5.529831899205621
      vertex 135.28 19.812109308974613 5.2011346265949685
    endloop
  endfacet
  facet normal -1 0 0
    outer loop
      vertex 135.28 3.6 2.4
      vertex 135.28 19.390683755546874 5.873753576151154
      vertex 135.28 19.589247028311526 5.529831899205621
    endloop
  endfacet
  facet normal -1 0 0
    outer loop
      vertex 135.28 3.6 2.4
      vertex 135.28 19.217454707642933 6.231106609056051
      vertex 135.28 19.390683755546874 5.873753576151154
    endloop
  endfacet
  facet normal -1 0 0
    outer loop
      vertex 135.28 3.6 2.4
      vertex 135.28 19.070463020644205 6.600027924674038
      vertex 135.28 19.217454707642933 6.231106609056051
    endloop
  endfacet
  facet normal -1 0 0
    outer loop
      vertex 135.28 3.6 2.4
      vertex 135.28 18.950475041144273 6.978594138089285
      vertex 135.28 19.070463020644205 6.600027924674038
    endloop
  endfacet
  facet normal 0 0 1
    outer loop
      vertex 135.28 3.6 2.4
      vertex 127.21598523807843 85.97573542137519 2.4
      vertex 134.60918320239946 7.8472081604170825 2.4
    endloop
  endfacet
  facet normal 0 0 1
    outer loop
      vertex 133.9042645786248 9.683583958711397 2.4
      vertex 134.12089653438088 9.35 2.4
      vertex 127.21598523807843 85.97573542137519 2.4
    endloop
  endfacet
  facet normal 0 0 1
    outer loop
      vertex 133.37269630416367 10.273950336814098 2.4
      vertex 133.65395033681412 9.99269630416366 2.4
      vertex 127.21598523807843 85.97573542137519 2.4
    endloop
  endfacet
  facet normal 0 0 1
    outer loop
      vertex 133.9042645786248 9.683583958711397 2.4
      vertex 127.21598523807843 85.97573542137519 2.4
      vertex 133.65395033681412 9.99269630416366 2.4
    endloop
  endfacet
  facet normal 0 0 1
    outer loop
      vertex 134.60918320239946 7.8472081604170825 2.4
      vertex 127.21598523807843 85.97573542137519 2.4
      vertex 134.54696088278848 8.240064425107485 2.4
    endloop
  endfacet
  facet normal 0 0 1
    outer loop
      vertex 134.4440147619216 8.6242645786248 2.4
      vertex 134.54696088278848 8.240064425107485 2.4
      vertex 127.21598523807843 85.97573542137519 2.4
    endloop
  endfacet
  facet normal 0 0 1
    outer loop
      vertex 134.4440147619216 8.6242645786248 2.4
      vertex 127.21598523807843 85.97573542137519 2.4
      vertex 134.30147273904188 8.99559924368804 2.4
    endloop
  endfacet
  facet normal 0 0 1
    outer loop
      vertex 134.30147273904188 8.99559924368804 2.4
      vertex 127.21598523807843 85.97573542137519 2.4
      vertex 134.12089653438088 9.35 2.4
    endloop
  endfacet
  facet normal 0 0 1
    outer loop
      vertex 133.37269630416367 10.273950336814098 2.4
      vertex 127.21598523807843 85.97573542137519 2.4
      vertex 133.0635839587114 10.524264578624798 2.4
    endloop
  endfacet
  facet normal 0 0 1
    outer loop
      vertex 132.73000000000002 10.740896534380866 2.4
      vertex 133.0635839587114 10.524264578624798 2.4
      vertex 127.21598523807843 85.97573542137519 2.4
    endloop
  endfacet
  facet normal 0 0 1
    outer loop
      vertex 132.37559924368804 10.921472739041882 2.4
      vertex 132.73000000000002 10.740896534380866 2.4
      vertex 127.21598523807843 85.97573542137519 2.4
    endloop
  endfacet
  facet normal -1 0 0
    outer loop
      vertex 135.28 3.6 2.4
      vertex 135.28 24.25 2.9499999999999993
      vertex 135.28 91 2.4
    endloop
  endfacet
  facet normal -1 0 0
    outer loop
      vertex 135.28 24.64686765690339 2.964337226651275
      vertex 135.28 25.041666229607657 3.0072741589439937
      vertex 135.28 63.73313234309661 2.964337226651275
    endloop
  endfacet
  facet normal -1 0 0
    outer loop
      vertex 135.28 25.041666229607657 3.0072741589439937
      vertex 135.28 25.432337421160632 3.078586943594523
      vertex 135.28 63.33833377039234 3.0072741589439937
    endloop
  endfacet
  facet normal -1 0 0
    outer loop
      vertex 135.28 25.432337421160632 3.078586943594523
      vertex 135.28 25.81684445286435 3.1779037887640724
      vertex 135.28 62.94766257883936 3.078586943594522
    endloop
  endfacet
  facet normal -1 0 0
    outer loop
      vertex 135.28 25.81684445286435 3.1779037887640724
      vertex 135.28 26.19318268309606 3.304706902409194
      vertex 135.28 62.56315554713564 3.1779037887640724
    endloop
  endfacet
  facet normal -1 0 0
    outer loop
      vertex 135.28 26.19318268309606 3.304706902409194
      vertex 135.28 26.559390058581457 3.458335191809736
      vertex 135.28 62.186817316903934 3.304706902409194
    endloop
  endfacet
  facet normal -1 0 0
    outer loop
      vertex 135.28 26.559390058581457 3.458335191809736
      vertex 135.28 26.913557343631908 3.637987710200176
      vertex 135.28 61.82060994141854 3.458335191809736
    endloop
  endfacet
  facet normal -1 0 0
    outer loop
      vertex 135.28 26.913557343631908 3.637987710200176
      vertex 135.28 27.253838074015334 3.842727832535193
      vertex 135.28 61.46644265636809 3.637987710200176
    endloop
  endfacet
  facet normal -1 0 0
    outer loop
      vertex 135.28 27.578458183565708 4.0714881386189585
      vertex 135.28 61.12616192598466 3.8427278325351946
      vertex 135.28 27.253838074015334 3.842727832535193
    endloop
  endfacet
  facet normal -1 0 0
    outer loop
      vertex 135.28 91 2.4
      vertex 135.28 24.25 2.9499999999999993
      vertex 135.28 24.64686765690339 2.964337226651275
    endloop
  endfacet
  facet normal -1 0 0
    outer loop
      vertex 135.28 59.27068375554687 5.873753576151154
      vertex 135.28 27.578458183565708 4.0714881386189585
      vertex 135.28 27.885725253342603 4.323075978139786
    endloop
  endfacet
  facet normal -1 0 0
    outer loop
      vertex 135.28 59.27068375554687 5.873753576151154
      vertex 135.28 27.885725253342603 4.323075978139786
      vertex 135.28 28.17403733511988 4.5961796885966155
    endloop
  endfacet
  facet normal -1 0 0
    outer loop
      vertex 135.28 59.27068375554687 5.873753576151154
      vertex 135.28 28.17403733511988 4.5961796885966155
      vertex 135.28 28.441891303202 4.889375433699948
    endloop
  endfacet
  facet normal -1 0 0
    outer loop
      vertex 135.28 59.27068375554687 5.873753576151154
      vertex 135.28 28.441891303202 4.889375433699948
      vertex 135.28 28.687890691025387 5.201134626594968
    endloop
  endfacet
  facet normal -0.5877852522924583 0.8090169943749581 0
    outer loop
      vertex 134.86541019662496 3.029366090222908 2.4
      vertex 134.86541019662496 3.029366090222908 8
      vertex 135.16541019662498 3.247328848624516 8
    endloop
  endfacet
  facet normal -0.9510565162951583 0.3090169943749329 0
    outer loop
      vertex 135.16541019662498 3.247328848624516 2.4
      vertex 135.16541019662498 3.247328848624516 8
      vertex 135.28 3.6 8
    endloop
  endfacet
  facet normal -1 0 0
    outer loop
      vertex 135.28 3.6 2.4
      vertex 135.28 3.6 8
      vertex 135.28 18.77184688447739 8
    endloop
  endfacet
  facet normal -1 0 0
    outer loop
      vertex 135.28 3.6 2.4
      vertex 135.28 18.85811633090951 7.364831580354801
      vertex 135.28 18.950475041144273 6.978594138089285
    endloop
  endfacet
  facet normal -1 0 0
    outer loop
      vertex 135.28 3.6 2.4
      vertex 135.28 18.793868405489675 7.756726588288408
      vertex 135.28 18.85811633090951 7.364831580354801
    endloop
  endfacet
  facet normal -1 0 0
    outer loop
      vertex 135.28 3.6 2.4
      vertex 135.28 18.77184688447739 8
      vertex 135.28 18.793868405489675 7.756726588288408
    endloop
  endfacet
  facet normal -1 0 0
    outer loop
      vertex 135.28 59.27068375554687 5.873753576151154
      vertex 135.28 28.687890691025387 5.201134626594968
      vertex 135.28 28.910752971688474 5.529831899205622
    endloop
  endfacet
  facet normal -1 0 0
    outer loop
      vertex 135.28 59.27068375554687 5.873753576151154
      vertex 135.28 28.910752971688474 5.529831899205622
      vertex 135.28 29.109316244453126 5.873753576151154
    endloop
  endfacet
  facet normal -1 0 0
    outer loop
      vertex 135.28 59.27068375554687 5.873753576151154
      vertex 135.28 29.109316244453126 5.873753576151154
      vertex 135.28 29.282545292357067 6.231106609056053
    endloop
  endfacet
  facet normal -1 0 0
    outer loop
      vertex 135.28 29.429536979355795 6.600027924674036
      vertex 135.28 59.09745470764293 6.231106609056051
      vertex 135.28 29.282545292357067 6.231106609056053
    endloop
  endfacet
  facet normal -1 0 0
    outer loop
      vertex 135.28 29.549524958855727 6.978594138089285
      vertex 135.28 58.9504630206442 6.600027924674038
      vertex 135.28 29.429536979355795 6.600027924674036
    endloop
  endfacet
  facet normal -1 0 0
    outer loop
      vertex 135.28 29.549524958855727 6.978594138089285
      vertex 135.28 29.64188366909049 7.3648315803547995
      vertex 135.28 58.83047504114427 6.978594138089285
    endloop
  endfacet
  facet normal -1 0 0
    outer loop
      vertex 135.28 29.706131594510325 7.756726588288408
      vertex 135.28 58.738116330909506 7.364831580354801
      vertex 135.28 29.64188366909049 7.3648315803547995
    endloop
  endfacet
  facet normal -1 0 0
    outer loop
      vertex 135.28 29.72815311552261 8
      vertex 135.28 58.67386840548967 7.756726588288408
      vertex 135.28 29.706131594510325 7.756726588288408
    endloop
  endfacet
  facet normal 0 0 1
    outer loop
      vertex 9.99269630416366 89.97395033681408 2.4
      vertex 132.37559924368804 10.921472739041882 2.4
      vertex 127.21598523807843 85.97573542137519 2.4
    endloop
  endfacet
  facet normal 0 0 1
    outer loop
      vertex 3.4145898033750317 91.57063390977709 2.4
      vertex 127.11303911721156 86.3599355748925 2.4
      vertex 127.05081679760058 86.75279183958291 2.4
    endloop
  endfacet
  facet normal 0 0 1
    outer loop
      vertex 3.4145898033750317 91.57063390977709 2.4
      vertex 127.05081679760058 86.75279183958291 2.4
      vertex 127.03000000000002 87.14999999999999 2.4
    endloop
  endfacet
  facet normal 0 0 1
    outer loop
      vertex 3.4145898033750317 91.57063390977709 2.4
      vertex 127.21598523807843 85.97573542137519 2.4
      vertex 127.11303911721156 86.3599355748925 2.4
    endloop
  endfacet
  facet normal 0 0 1
    outer loop
      vertex 3.4145898033750317 91.57063390977709 2.4
      vertex 127.03000000000002 87.14999999999999 2.4
      vertex 127.05081679760058 87.54720816041707 2.4
    endloop
  endfacet
  facet normal 0 0 1
    outer loop
      vertex 3.4145898033750317 91.57063390977709 2.4
      vertex 127.05081679760058 87.54720816041707 2.4
      vertex 127.11303911721156 87.94006442510748 2.4
    endloop
  endfacet
  facet normal 0 0 1
    outer loop
      vertex 3.4145898033750317 91.57063390977709 2.4
      vertex 127.11303911721156 87.94006442510748 2.4
      vertex 127.21598523807843 88.32426457862479 2.4
    endloop
  endfacet
  facet normal 0 0 1
    outer loop
      vertex 3.4145898033750317 91.57063390977709 2.4
      vertex 127.21598523807843 88.32426457862479 2.4
      vertex 127.35852726095813 88.69559924368804 2.4
    endloop
  endfacet
  facet normal 0 0 1
    outer loop
      vertex 3.4145898033750317 91.57063390977709 2.4
      vertex 127.35852726095813 88.69559924368804 2.4
      vertex 127.53910346561915 89.05 2.4
    endloop
  endfacet
  facet normal 0 0 1
    outer loop
      vertex 3.4145898033750317 91.57063390977709 2.4
      vertex 127.53910346561915 89.05 2.4
      vertex 127.7557354213752 89.38358395871138 2.4
    endloop
  endfacet
  facet normal 0 0 1
    outer loop
      vertex 3.4145898033750317 91.57063390977709 2.4
      vertex 127.7557354213752 89.38358395871138 2.4
      vertex 128.0060496631859 89.69269630416365 2.4
    endloop
  endfacet
  facet normal 0 0 1
    outer loop
      vertex 3.4145898033750317 91.57063390977709 2.4
      vertex 128.0060496631859 89.69269630416365 2.4
      vertex 128.28730369583636 89.97395033681408 2.4
    endloop
  endfacet
  facet normal 0 0 1
    outer loop
      vertex 3.4145898033750317 91.57063390977709 2.4
      vertex 128.28730369583636 89.97395033681408 2.4
      vertex 128.59641604128862 90.2242645786248 2.4
    endloop
  endfacet
  facet normal 0 0 1
    outer loop
      vertex 3.4145898033750317 91.57063390977709 2.4
      vertex 128.59641604128862 90.2242645786248 2.4
      vertex 128.93 90.44089653438085 2.4
    endloop
  endfacet
  facet normal 0 0 1
    outer loop
      vertex 3.4145898033750317 91.57063390977709 2.4
      vertex 128.93 90.44089653438085 2.4
      vertex 129.28440075631198 90.62147273904188 2.4
    endloop
  endfacet
  facet normal 0 0 1
    outer loop
      vertex 3.4145898033750317 91.57063390977709 2.4
      vertex 129.28440075631198 90.62147273904188 2.4
      vertex 129.65573542137523 90.76401476192157 2.4
    endloop
  endfacet
  facet normal 0 0 1
    outer loop
      vertex 3.4145898033750317 91.57063390977709 2.4
      vertex 129.65573542137523 90.76401476192157 2.4
      vertex 130.03993557489252 90.86696088278845 2.4
    endloop
  endfacet
  facet normal 0 0 1
    outer loop
      vertex 3.4145898033750317 91.57063390977709 2.4
      vertex 130.03993557489252 90.86696088278845 2.4
      vertex 130.43279183958293 90.92918320239943 2.4
    endloop
  endfacet
  facet normal 0 0 1
    outer loop
      vertex 3.4145898033750317 91.57063390977709 2.4
      vertex 130.43279183958293 90.92918320239943 2.4
      vertex 130.83 90.94999999999999 2.4
    endloop
  endfacet
  facet normal 0 0 1
    outer loop
      vertex 3.4145898033750317 91.57063390977709 2.4
      vertex 130.83 90.94999999999999 2.4
      vertex 134.86541019662496 91.57063390977709 2.4
    endloop
  endfacet
  facet normal 0 0 1
    outer loop
      vertex 135.28 3.6 2.4
      vertex 128.28730369583636 84.3260496631859 2.4
      vertex 128.0060496631859 84.60730369583634 2.4
    endloop
  endfacet
  facet normal 0 0 1
    outer loop
      vertex 135.28 3.6 2.4
      vertex 130.03993557489252 83.43303911721154 2.4
      vertex 129.65573542137523 83.53598523807841 2.4
    endloop
  endfacet
  facet normal 0 0 1
    outer loop
      vertex 135.28 3.6 2.4
      vertex 128.93 83.85910346561913 2.4
      vertex 128.59641604128862 84.07573542137519 2.4
    endloop
  endfacet
  facet normal 0 0 1
    outer loop
      vertex 135.28 3.6 2.4
      vertex 129.28440075631198 83.6785272609581 2.4
      vertex 128.93 83.85910346561913 2.4
    endloop
  endfacet
  facet normal 0 0 1
    outer loop
      vertex 135.28 3.6 2.4
      vertex 128.59641604128862 84.07573542137519 2.4
      vertex 128.28730369583636 84.3260496631859 2.4
    endloop
  endfacet
  facet normal 0 0 1
    outer loop
      vertex 135.28 3.6 2.4
      vertex 129.65573542137523 83.53598523807841 2.4
      vertex 129.28440075631198 83.6785272609581 2.4
    endloop
  endfacet
  facet normal 0 0 1
    outer loop
      vertex 135.28 3.6 2.4
      vertex 127.53910346561915 85.24999999999999 2.4
      vertex 127.35852726095813 85.60440075631195 2.4
    endloop
  endfacet
  facet normal 0 0 1
    outer loop
      vertex 135.28 3.6 2.4
      vertex 128.0060496631859 84.60730369583634 2.4
      vertex 127.7557354213752 84.9164160412886 2.4
    endloop
  endfacet
  facet normal 0 0 1
    outer loop
      vertex 135.28 3.6 2.4
      vertex 127.7557354213752 84.9164160412886 2.4
      vertex 127.53910346561915 85.24999999999999 2.4
    endloop
  endfacet
  facet normal 0 0 1
    outer loop
      vertex 135.28 3.6 2.4
      vertex 127.35852726095813 85.60440075631195 2.4
      vertex 127.21598523807843 85.97573542137519 2.4
    endloop
  endfacet
  facet normal 0 0 1
    outer loop
      vertex 135.28 3.6 2.4
      vertex 130.43279183958293 83.37081679760055 2.4
      vertex 130.03993557489252 83.43303911721154 2.4
    endloop
  endfacet
  facet normal 0 0 1
    outer loop
      vertex 135.28 3.6 2.4
      vertex 130.83 83.35 2.4
      vertex 130.43279183958293 83.37081679760055 2.4
    endloop
  endfacet
  facet normal 0 0 1
    outer loop
      vertex 135.28 3.6 2.4
      vertex 131.2272081604171 83.37081679760055 2.4
      vertex 130.83 83.35 2.4
    endloop
  endfacet
  facet normal 0 0 1
    outer loop
      vertex 135.28 3.6 2.4
      vertex 131.6200644251075 83.43303911721154 2.4
      vertex 131.2272081604171 83.37081679760055 2.4
    endloop
  endfacet
  facet normal 0 0 1
    outer loop
      vertex 135.28 3.6 2.4
      vertex 132.0042645786248 83.53598523807841 2.4
      vertex 131.6200644251075 83.43303911721154 2.4
    endloop
  endfacet
  facet normal 0 0 1
    outer loop
      vertex 135.28 3.6 2.4
      vertex 132.37559924368804 83.6785272609581 2.4
      vertex 132.0042645786248 83.53598523807841 2.4
    endloop
  endfacet
  facet normal 0 0 1
    outer loop
      vertex 135.28 3.6 2.4
      vertex 132.73000000000002 83.85910346561913 2.4
      vertex 132.37559924368804 83.6785272609581 2.4
    endloop
  endfacet
  facet normal 0 0 1
    outer loop
      vertex 135.28 3.6 2.4
      vertex 133.0635839587114 84.07573542137519 2.4
      vertex 132.73000000000002 83.85910346561913 2.4
    endloop
  endfacet
  facet normal 0 0 1
    outer loop
      vertex 135.28 3.6 2.4
      vertex 133.37269630416367 84.3260496631859 2.4
      vertex 133.0635839587114 84.07573542137519 2.4
    endloop
  endfacet
  facet normal 0 0 1
    outer loop
      vertex 135.28 3.6 2.4
      vertex 133.65395033681412 84.60730369583634 2.4
      vertex 133.37269630416367 84.3260496631859 2.4
    endloop
  endfacet
  facet normal 0 0 1
    outer loop
      vertex 135.28 3.6 2.4
      vertex 133.9042645786248 84.9164160412886 2.4
      vertex 133.65395033681412 84.60730369583634 2.4
    endloop
  endfacet
  facet normal 0 0 1
    outer loop
      vertex 135.28 3.6 2.4
      vertex 134.12089653438088 85.24999999999999 2.4
      vertex 133.9042645786248 84.9164160412886 2.4
    endloop
  endfacet
  facet normal 0 0 1
    outer loop
      vertex 135.28 3.6 2.4
      vertex 134.30147273904188 85.60440075631195 2.4
      vertex 134.12089653438088 85.24999999999999 2.4
    endloop
  endfacet
  facet normal 0 0 1
    outer loop
      vertex 135.28 3.6 2.4
      vertex 134.4440147619216 85.97573542137519 2.4
      vertex 134.30147273904188 85.60440075631195 2.4
    endloop
  endfacet
  facet normal 0 0 1
    outer loop
      vertex 135.28 3.6 2.4
      vertex 134.54696088278848 86.3599355748925 2.4
      vertex 134.4440147619216 85.97573542137519 2.4
    endloop
  endfacet
  facet normal 0 0 1
    outer loop
      vertex 135.28 3.6 2.4
      vertex 134.60918320239946 86.75279183958291 2.4
      vertex 134.54696088278848 86.3599355748925 2.4
    endloop
  endfacet
  facet normal 0 0 1
    outer loop
      vertex 135.28 3.6 2.4
      vertex 134.63000000000002 87.14999999999999 2.4
      vertex 134.60918320239946 86.75279183958291 2.4
    endloop
  endfacet
  facet normal 0 0 1
    outer loop
      vertex 135.28 3.6 2.4
      vertex 134.86541019662496 91.57063390977709 2.4
      vertex 134.63000000000002 87.14999999999999 2.4
    endloop
  endfacet
  facet normal 0 0 1
    outer loop
      vertex 135.28 3.6 2.4
      vertex 135.28 91 2.4
      vertex 134.86541019662496 91.57063390977709 2.4
    endloop
  endfacet
  facet normal -1 0 0
    outer loop
      vertex 135.28 26.559390058581457 3.458335191809736
      vertex 135.28 61.82060994141854 3.458335191809736
      vertex 135.28 62.186817316903934 3.304706902409194
    endloop
  endfacet
  facet normal -1 0 0
    outer loop
      vertex 135.28 24.64686765690339 2.964337226651275
      vertex 135.28 63.73313234309661 2.964337226651275
      vertex 135.28 64.13 2.9499999999999993
    endloop
  endfacet
  facet normal -1 0 0
    outer loop
      vertex 135.28 25.041666229607657 3.0072741589439937
      vertex 135.28 63.33833377039234 3.0072741589439937
      vertex 135.28 63.73313234309661 2.964337226651275
    endloop
  endfacet
  facet normal -1 0 0
    outer loop
      vertex 135.28 25.432337421160632 3.078586943594523
      vertex 135.28 62.94766257883936 3.078586943594522
      vertex 135.28 63.33833377039234 3.0072741589439937
    endloop
  endfacet
  facet normal -1 0 0
    outer loop
      vertex 135.28 25.81684445286435 3.1779037887640724
      vertex 135.28 62.56315554713564 3.1779037887640724
      vertex 135.28 62.94766257883936 3.078586943594522
    endloop
  endfacet
  facet normal -1 0 0
    outer loop
      vertex 135.28 26.19318268309606 3.304706902409194
      vertex 135.28 62.186817316903934 3.304706902409194
      vertex 135.28 62.56315554713564 3.1779037887640724
    endloop
  endfacet
  facet normal -1 0 0
    outer loop
      vertex 135.28 26.913557343631908 3.637987710200176
      vertex 135.28 61.46644265636809 3.637987710200176
      vertex 135.28 61.82060994141854 3.458335191809736
    endloop
  endfacet
  facet normal -1 0 0
    outer loop
      vertex 135.28 27.253838074015334 3.842727832535193
      vertex 135.28 61.12616192598466 3.8427278325351946
      vertex 135.28 61.46644265636809 3.637987710200176
    endloop
  endfacet
  facet normal -1 0 0
    outer loop
      vertex 135.28 27.578458183565708 4.0714881386189585
      vertex 135.28 60.80154181643429 4.0714881386189585
      vertex 135.28 61.12616192598466 3.8427278325351946
    endloop
  endfacet
  facet normal -1 0 0
    outer loop
      vertex 135.28 27.578458183565708 4.0714881386189585
      vertex 135.28 60.494274746657396 4.3230759781397845
      vertex 135.28 60.80154181643429 4.0714881386189585
    endloop
  endfacet
  facet normal -1 0 0
    outer loop
      vertex 135.28 27.578458183565708 4.0714881386189585
      vertex 135.28 60.20596266488012 4.5961796885966155
      vertex 135.28 60.494274746657396 4.3230759781397845
    endloop
  endfacet
  facet normal -1 0 0
    outer loop
      vertex 135.28 27.578458183565708 4.0714881386189585
      vertex 135.28 59.938108696798 4.8893754336999455
      vertex 135.28 60.20596266488012 4.5961796885966155
    endloop
  endfacet
  facet normal -1 0 0
    outer loop
      vertex 135.28 27.578458183565708 4.0714881386189585
      vertex 135.28 59.69210930897461 5.2011346265949685
      vertex 135.28 59.938108696798 4.8893754336999455
    endloop
  endfacet
  facet normal -1 0 0
    outer loop
      vertex 135.28 27.578458183565708 4.0714881386189585
      vertex 135.28 59.46924702831152 5.529831899205621
      vertex 135.28 59.69210930897461 5.2011346265949685
    endloop
  endfacet
  facet normal -1 0 0
    outer loop
      vertex 135.28 27.578458183565708 4.0714881386189585
      vertex 135.28 59.27068375554687 5.873753576151154
      vertex 135.28 59.46924702831152 5.529831899205621
    endloop
  endfacet
  facet normal -1 0 0
    outer loop
      vertex 135.28 91 2.4
      vertex 135.28 24.64686765690339 2.964337226651275
      vertex 135.28 64.13 2.9499999999999993
    endloop
  endfacet
  facet normal 0 0 1
    outer loop
      vertex 130.83 90.94999999999999 2.4
      vertex 131.2272081604171 90.92918320239943 2.4
      vertex 134.86541019662496 91.57063390977709 2.4
    endloop
  endfacet
  facet normal 0 0 1
    outer loop
      vertex 131.6200644251075 90.86696088278845 2.4
      vertex 134.86541019662496 91.57063390977709 2.4
      vertex 131.2272081604171 90.92918320239943 2.4
    endloop
  endfacet
  facet normal 0 0 1
    outer loop
      vertex 131.6200644251075 90.86696088278845 2.4
      vertex 132.0042645786248 90.76401476192157 2.4
      vertex 134.86541019662496 91.57063390977709 2.4
    endloop
  endfacet
  facet normal 0 0 1
    outer loop
      vertex 132.73000000000002 90.44089653438085 2.4
      vertex 134.86541019662496 91.57063390977709 2.4
      vertex 132.37559924368804 90.62147273904188 2.4
    endloop
  endfacet
  facet normal 0 0 1
    outer loop
      vertex 132.73000000000002 90.44089653438085 2.4
      vertex 133.0635839587114 90.2242645786248 2.4
      vertex 134.86541019662496 91.57063390977709 2.4
    endloop
  endfacet
  facet normal 0 0 1
    outer loop
      vertex 133.37269630416367 89.97395033681408 2.4
      vertex 134.86541019662496 91.57063390977709 2.4
      vertex 133.0635839587114 90.2242645786248 2.4
    endloop
  endfacet
  facet normal 0 0 1
    outer loop
      vertex 132.0042645786248 90.76401476192157 2.4
      vertex 132.37559924368804 90.62147273904188 2.4
      vertex 134.86541019662496 91.57063390977709 2.4
    endloop
  endfacet
  facet normal 0 0 1
    outer loop
      vertex 134.63000000000002 87.14999999999999 2.4
      vertex 134.86541019662496 91.57063390977709 2.4
      vertex 134.60918320239946 87.54720816041707 2.4
    endloop
  endfacet
  facet normal 0 0 1
    outer loop
      vertex 134.60918320239946 87.54720816041707 2.4
      vertex 134.86541019662496 91.57063390977709 2.4
      vertex 134.54696088278848 87.94006442510748 2.4
    endloop
  endfacet
  facet normal 0 0 1
    outer loop
      vertex 134.54696088278848 87.94006442510748 2.4
      vertex 134.86541019662496 91.57063390977709 2.4
      vertex 134.4440147619216 88.32426457862479 2.4
    endloop
  endfacet
  facet normal 0 0 1
    outer loop
      vertex 134.12089653438088 89.05 2.4
      vertex 134.30147273904188 88.69559924368804 2.4
      vertex 134.86541019662496 91.57063390977709 2.4
    endloop
  endfacet
  facet normal 0 0 1
    outer loop
      vertex 133.9042645786248 89.38358395871138 2.4
      vertex 134.12089653438088 89.05 2.4
      vertex 134.86541019662496 91.57063390977709 2.4
    endloop
  endfacet
  facet normal 0 0 1
    outer loop
      vertex 134.4440147619216 88.32426457862479 2.4
      vertex 134.86541019662496 91.57063390977709 2.4
      vertex 134.30147273904188 88.69559924368804 2.4
    endloop
  endfacet
  facet normal 0 0 1
    outer loop
      vertex 133.9042645786248 89.38358395871138 2.4
      vertex 134.86541019662496 91.57063390977709 2.4
      vertex 133.65395033681412 89.69269630416365 2.4
    endloop
  endfacet
  facet normal 0 0 1
    outer loop
      vertex 133.37269630416367 89.97395033681408 2.4
      vertex 133.65395033681412 89.69269630416365 2.4
      vertex 134.86541019662496 91.57063390977709 2.4
    endloop
  endfacet
  facet normal 0 0 1
    outer loop
      vertex 134.86541019662496 91.57063390977709 2.4
      vertex 135.28 91 2.4
      vertex 135.16541019662498 91.35267115137549 2.4
    endloop
  endfacet
  facet normal -1 0 0
    outer loop
      vertex 135.28 91 2.4
      vertex 135.28 64.13 2.9499999999999993
      vertex 135.28 64.52686765690338 2.964337226651275
    endloop
  endfacet
  facet normal -1 0 0
    outer loop
      vertex 135.28 91 2.4
      vertex 135.28 64.52686765690338 2.964337226651275
      vertex 135.28 64.92166622960765 3.0072741589439937
    endloop
  endfacet
  facet normal -1 0 0
    outer loop
      vertex 135.28 91 2.4
      vertex 135.28 64.92166622960765 3.0072741589439937
      vertex 135.28 65.31233742116063 3.078586943594523
    endloop
  endfacet
  facet normal -1 0 0
    outer loop
      vertex 135.28 91 2.4
      vertex 135.28 65.31233742116063 3.078586943594523
      vertex 135.28 65.69684445286434 3.1779037887640724
    endloop
  endfacet
  facet normal -1 0 0
    outer loop
      vertex 135.28 91 2.4
      vertex 135.28 65.69684445286434 3.1779037887640724
      vertex 135.28 66.07318268309606 3.304706902409194
    endloop
  endfacet
  facet normal -1 0 0
    outer loop
      vertex 135.28 91 2.4
      vertex 135.28 66.07318268309606 3.304706902409194
      vertex 135.28 66.43939005858145 3.458335191809736
    endloop
  endfacet
  facet normal -1 0 0
    outer loop
      vertex 135.28 91 2.4
      vertex 135.28 66.43939005858145 3.458335191809736
      vertex 135.28 66.7935573436319 3.637987710200176
    endloop
  endfacet
  facet normal -1 0 0
    outer loop
      vertex 135.28 91 2.4
      vertex 135.28 66.7935573436319 3.637987710200176
      vertex 135.28 67.13383807401533 3.842727832535193
    endloop
  endfacet
  facet normal -1 0 0
    outer loop
      vertex 135.28 91 2.4
      vertex 135.28 67.13383807401533 3.842727832535193
      vertex 135.28 67.45845818356571 4.0714881386189585
    endloop
  endfacet
  facet normal -1 0 0
    outer loop
      vertex 135.28 91 2.4
      vertex 135.28 67.45845818356571 4.0714881386189585
      vertex 135.28 67.7657252533426 4.323075978139786
    endloop
  endfacet
  facet normal -1 0 0
    outer loop
      vertex 135.28 91 2.4
      vertex 135.28 67.7657252533426 4.323075978139786
      vertex 135.28 68.05403733511987 4.5961796885966155
    endloop
  endfacet
  facet normal -1 0 0
    outer loop
      vertex 135.28 91 2.4
      vertex 135.28 68.05403733511987 4.5961796885966155
      vertex 135.28 68.321891303202 4.889375433699948
    endloop
  endfacet
  facet normal -1 0 0
    outer loop
      vertex 135.28 91 2.4
      vertex 135.28 68.321891303202 4.889375433699948
      vertex 135.28 68.56789069102538 5.201134626594968
    endloop
  endfacet
  facet normal -1 0 0
    outer loop
      vertex 135.28 91 2.4
      vertex 135.28 68.56789069102538 5.201134626594968
      vertex 135.28 68.79075297168848 5.529831899205622
    endloop
  endfacet
  facet normal -1 0 0
    outer loop
      vertex 135.28 91 2.4
      vertex 135.28 68.79075297168848 5.529831899205622
      vertex 135.28 68.98931624445312 5.873753576151154
    endloop
  endfacet
  facet normal -1 0 0
    outer loop
      vertex 135.28 91 2.4
      vertex 135.28 68.98931624445312 5.873753576151154
      vertex 135.28 69.16254529235707 6.231106609056053
    endloop
  endfacet
  facet normal -1 0 0
    outer loop
      vertex 135.28 91 2.4
      vertex 135.28 69.16254529235707 6.231106609056053
      vertex 135.28 69.30953697935578 6.600027924674036
    endloop
  endfacet
  facet normal -1 0 0
    outer loop
      vertex 135.28 91 2.4
      vertex 135.28 69.30953697935578 6.600027924674036
      vertex 135.28 69.42952495885572 6.978594138089285
    endloop
  endfacet
  facet normal -0.5877852522924396 -0.8090169943749718 0
    outer loop
      vertex 134.86541019662496 91.57063390977709 2.4
      vertex 135.16541019662498 91.35267115137549 2.4
      vertex 134.86541019662496 91.57063390977709 8
    endloop
  endfacet
  facet normal -0.9510565162951595 -0.30901699437492897 -9.96843907470616e-19
    outer loop
      vertex 135.28 91 2.4
      vertex 135.16541019662498 91.35267115137549 8
      vertex 135.16541019662498 91.35267115137549 2.4
    endloop
  endfacet
  facet normal 0 -1 0
    outer loop
      vertex 3.4145898033750317 91.57063390977709 8
      vertex 134.86541019662496 91.57063390977709 2.4
      vertex 134.86541019662496 91.57063390977709 8
    endloop
  endfacet
  facet normal -1 0 0
    outer loop
      vertex 135.28 29.282545292357067 6.231106609056053
      vertex 135.28 59.09745470764293 6.231106609056051
      vertex 135.28 59.27068375554687 5.873753576151154
    endloop
  endfacet
  facet normal -1 0 0
    outer loop
      vertex 135.28 29.429536979355795 6.600027924674036
      vertex 135.28 58.9504630206442 6.600027924674038
      vertex 135.28 59.09745470764293 6.231106609056051
    endloop
  endfacet
  facet normal -1 0 0
    outer loop
      vertex 135.28 29.549524958855727 6.978594138089285
      vertex 135.28 58.83047504114427 6.978594138089285
      vertex 135.28 58.9504630206442 6.600027924674038
    endloop
  endfacet
  facet normal -1 0 0
    outer loop
      vertex 135.28 29.64188366909049 7.3648315803547995
      vertex 135.28 58.738116330909506 7.364831580354801
      vertex 135.28 58.83047504114427 6.978594138089285
    endloop
  endfacet
  facet normal -1 0 0
    outer loop
      vertex 135.28 29.706131594510325 7.756726588288408
      vertex 135.28 58.67386840548967 7.756726588288408
      vertex 135.28 58.738116330909506 7.364831580354801
    endloop
  endfacet
  facet normal -1 0 0
    outer loop
      vertex 135.28 29.72815311552261 8
      vertex 135.28 58.651846884477386 8
      vertex 135.28 58.67386840548967 7.756726588288408
    endloop
  endfacet
  facet normal -1 0 0
    outer loop
      vertex 135.28 91 8
      vertex 135.28 69.42952495885572 6.978594138089285
      vertex 135.28 69.52188366909049 7.3648315803547995
    endloop
  endfacet
  facet normal -1 0 0
    outer loop
      vertex 135.28 91 8
      vertex 135.28 69.52188366909049 7.3648315803547995
      vertex 135.28 69.58613159451032 7.756726588288408
    endloop
  endfacet
  facet normal -1 0 0
    outer loop
      vertex 135.28 91 8
      vertex 135.28 69.58613159451032 7.756726588288408
      vertex 135.28 69.6081531155226 8
    endloop
  endfacet
  facet normal -1 0 0
    outer loop
      vertex 135.28 91 2.4
      vertex 135.28 69.42952495885572 6.978594138089285
      vertex 135.28 91 8
    endloop
  endfacet
  facet normal -0.9510565162951595 -0.30901699437492897 0
    outer loop
      vertex 135.28 91 2.4
      vertex 135.28 91 8
      vertex 135.16541019662498 91.35267115137549 8
    endloop
  endfacet
  facet normal -0.5877852522924396 -0.8090169943749718 0
    outer loop
      vertex 135.16541019662498 91.35267115137549 2.4
      vertex 135.16541019662498 91.35267115137549 8
      vertex 134.86541019662496 91.57063390977709 8
    endloop
  endfacet
  facet normal 0 0 1
    outer loop
      vertex 1.903403179206867 1.9739436579027667 8
      vertex 2.2026120356849264 1.7106067436376897 8
      vertex 1.6530023242769711 2.2840592525766508 8
    endloop
  endfacet
  facet normal 0 0 1
    outer loop
      vertex 1.4586130475878814 2.6320320666266177 8
      vertex 1.6530023242769711 2.2840592525766508 8
      vertex 1.3258275747062775 3.0078515557449563 8
    endloop
  endfacet
  facet normal 0 0 1
    outer loop
      vertex 1.6530023242769711 2.2840592525766508 8
      vertex 1.2584659019250628 3.4007060774825533 8
      vertex 1.3258275747062775 3.0078515557449563 8
    endloop
  endfacet
  facet normal 0 0 1
    outer loop
      vertex 1.6530023242769711 2.2840592525766508 8
      vertex 2.2026120356849264 1.7106067436376897 8
      vertex 1.2584659019250628 3.4007060774825533 8
    endloop
  endfacet
  facet normal 0 0 1
    outer loop
      vertex 2.911866487500107 1.3530081733627601 8
      vertex 3.6997368275109492 1.2521174294189987 8
      vertex 2.2026120356849264 1.7106067436376897 8
    endloop
  endfacet
  facet normal 0 0 1
    outer loop
      vertex 2.911866487500107 1.3530081733627601 8
      vertex 3.3015081235948354 1.269033977141639 8
      vertex 3.6997368275109492 1.2521174294189987 8
    endloop
  endfacet
  facet normal 0 0 1
    outer loop
      vertex 2.911866487500107 1.3530081733627601 8
      vertex 2.2026120356849264 1.7106067436376897 8
      vertex 2.5420211996784685 1.501624233348514 8
    endloop
  endfacet
  facet normal 0 0 1
    outer loop
      vertex 2.2026120356849264 1.7106067436376897 8
      vertex 3.4145898033750317 3.029366090222908 8
      vertex 3.1145898033750314 3.247328848624516 8
    endloop
  endfacet
  facet normal 0 0 1
    outer loop
      vertex 2.2026120356849264 1.7106067436376897 8
      vertex 3.1145898033750314 3.247328848624516 8
      vertex 3 3.6 8
    endloop
  endfacet
  facet normal 0 0 1
    outer loop
      vertex 2.2026120356849264 1.7106067436376897 8
      vertex 1.2584659019250628 33.50999999999999 8
      vertex 1.2584659019250628 3.4007060774825533 8
    endloop
  endfacet
  facet normal 0 0 1
    outer loop
      vertex 2.2026120356849264 1.7106067436376897 8
      vertex 3 3.6 8
      vertex 1.2584659019250628 33.50999999999999 8
    endloop
  endfacet
  facet normal 0 0 1
    outer loop
      vertex 3 3.6 8
      vertex 2 33.50999999999999 8
      vertex 1.2584659019250628 33.50999999999999 8
    endloop
  endfacet
  facet normal 0.7780357543184397 0.6282199972956418 5.510796034562123e-18
    outer loop
      vertex 1.903403179206867 1.9739436579027667 8
      vertex 1.6530023242769711 2.2840592525766508 8
      vertex 1.6530023242769711 2.2840592525766508 11
    endloop
  endfacet
  facet normal 0.6606747233900814 0.7506723052527244 0
    outer loop
      vertex 1.903403179206867 1.9739436579027667 8
      vertex 1.903403179206867 1.9739436579027667 11
      vertex 2.2026120356849264 1.7106067436376897 8
    endloop
  endfacet
  facet normal 0.8730141131611886 0.4876949438136337 0
    outer loop
      vertex 1.4586130475878814 2.6320320666266177 8
      vertex 1.4586130475878814 2.6320320666266177 11
      vertex 1.6530023242769711 2.2840592525766508 8
    endloop
  endfacet
  facet normal 0.9428774454610838 0.33313979474205846 1.5902864556914889e-18
    outer loop
      vertex 1.4586130475878814 2.6320320666266177 8
      vertex 1.3258275747062775 3.0078515557449563 8
      vertex 1.3258275747062775 3.0078515557449563 11
    endloop
  endfacet
  facet normal 0.37285647778030917 0.9278890272965091 1.5026582012530224e-18
    outer loop
      vertex 2.911866487500107 1.3530081733627601 8
      vertex 2.5420211996784685 1.501624233348514 8
      vertex 2.5420211996784685 1.501624233348514 11
    endloop
  endfacet
  facet normal 0.2106792699957265 0.977555238947686 0
    outer loop
      vertex 2.911866487500107 1.3530081733627601 8
      vertex 2.911866487500107 1.3530081733627601 11
      vertex 3.3015081235948354 1.269033977141639 8
    endloop
  endfacet
  facet normal 0.04244120319614705 0.9990989662046815 0
    outer loop
      vertex 3.3015081235948354 1.269033977141639 8
      vertex 3.3015081235948354 1.269033977141639 11
      vertex 3.6997368275109492 1.2521174294189987 8
    endloop
  endfacet
  facet normal 0.524307283557231 0.8515291377333116 0
    outer loop
      vertex 2.2026120356849264 1.7106067436376897 8
      vertex 2.2026120356849264 1.7106067436376897 11
      vertex 2.5420211996784685 1.501624233348514 8
    endloop
  endfacet
  facet normal 0.9856159103477086 0.16900082032184874 -6.013570181800551e-19
    outer loop
      vertex 1.3258275747062775 3.0078515557449563 8
      vertex 1.2584659019250628 3.4007060774825533 8
      vertex 1.2584659019250628 3.4007060774825533 11
    endloop
  endfacet
  facet normal 0.6606747233900814 0.7506723052527244 0
    outer loop
      vertex 2.2026120356849264 1.7106067436376897 8
      vertex 1.903403179206867 1.9739436579027667 11
      vertex 2.2026120356849264 1.7106067436376897 11
    endloop
  endfacet
  facet normal 0.7780357543184397 0.6282199972956418 0
    outer loop
      vertex 1.903403179206867 1.9739436579027667 8
      vertex 1.6530023242769711 2.2840592525766508 11
      vertex 1.903403179206867 1.9739436579027667 11
    endloop
  endfacet
  facet normal 0.8730141131611886 0.4876949438136337 0
    outer loop
      vertex 1.6530023242769711 2.2840592525766508 8
      vertex 1.4586130475878814 2.6320320666266177 11
      vertex 1.6530023242769711 2.2840592525766508 11
    endloop
  endfacet
  facet normal 0.9428774454610838 0.33313979474205846 0
    outer loop
      vertex 1.4586130475878814 2.6320320666266177 8
      vertex 1.3258275747062775 3.0078515557449563 11
      vertex 1.4586130475878814 2.6320320666266177 11
    endloop
  endfacet
  facet normal 0.37285647778030917 0.9278890272965091 0
    outer loop
      vertex 2.911866487500107 1.3530081733627601 8
      vertex 2.5420211996784685 1.501624233348514 11
      vertex 2.911866487500107 1.3530081733627601 11
    endloop
  endfacet
  facet normal 0.2106792699957265 0.977555238947686 0
    outer loop
      vertex 3.3015081235948354 1.269033977141639 8
      vertex 2.911866487500107 1.3530081733627601 11
      vertex 3.3015081235948354 1.269033977141639 11
    endloop
  endfacet
  facet normal 0.04244120319614705 0.9990989662046815 0
    outer loop
      vertex 3.6997368275109492 1.2521174294189987 8
      vertex 3.3015081235948354 1.269033977141639 11
      vertex 3.6997368275109492 1.2521174294189987 11
    endloop
  endfacet
  facet normal 0.524307283557231 0.8515291377333116 0
    outer loop
      vertex 2.5420211996784685 1.501624233348514 8
      vertex 2.2026120356849264 1.7106067436376897 11
      vertex 2.5420211996784685 1.501624233348514 11
    endloop
  endfacet
  facet normal 0.9856159103477086 0.16900082032184874 0
    outer loop
      vertex 1.3258275747062775 3.0078515557449563 8
      vertex 1.2584659019250628 3.4007060774825533 11
      vertex 1.3258275747062775 3.0078515557449563 11
    endloop
  endfacet
  facet normal 1 0 0
    outer loop
      vertex 1.2584659019250628 3.4007060774825533 8
      vertex 1.2584659019250628 33.50999999999999 8
      vertex 1.2584659019250628 33.50999999999999 11
    endloop
  endfacet
  facet normal 1 0 0
    outer loop
      vertex 1.2584659019250628 3.4007060774825533 8
      vertex 1.2584659019250628 33.50999999999999 11
      vertex 1.2584659019250628 3.4007060774825533 11
    endloop
  endfacet
  facet normal 0 0 1
    outer loop
      vertex 3 3.6 8
      vertex 2 35.51 8
      vertex 2 33.50999999999999 8
    endloop
  endfacet
  facet normal 0 0 1
    outer loop
      vertex 3 3.6 8
      vertex 3 35.51 8
      vertex 2 35.51 8
    endloop
  endfacet
  facet normal 0 0 1
    outer loop
      vertex 3.6997368275109492 1.2521174294189987 8
      vertex 135.9121221163595 1.5989065263267181 8
      vertex 2.2026120356849264 1.7106067436376897 8
    endloop
  endfacet
  facet normal 0 0 1
    outer loop
      vertex 2.2026120356849264 1.7106067436376897 8
      vertex 134.86541019662496 3.029366090222908 8
      vertex 3.4145898033750317 3.029366090222908 8
    endloop
  endfacet
  facet normal 0 1 0
    outer loop
      vertex 3.6997368275109492 1.2521174294189987 8
      vertex 3.6997368275109492 1.2521174294189987 11
      vertex 134.77973682751096 1.2521174294189987 8
    endloop
  endfacet
  facet normal 0 0 1
    outer loop
      vertex 1.2584659019250628 54.54 8
      vertex 1.2584659019250628 52.10999999999999 8
      vertex 2 52.10999999999999 8
    endloop
  endfacet
  facet normal 0 0 1
    outer loop
      vertex 3 50.11 8
      vertex 2 52.10999999999999 8
      vertex 2 50.11 8
    endloop
  endfacet
  facet normal 0 0 1
    outer loop
      vertex 3 50.11 8
      vertex 2 54.54 8
      vertex 2 52.10999999999999 8
    endloop
  endfacet
  facet normal 0 0 1
    outer loop
      vertex 1.2584659019250628 54.54 8
      vertex 2 52.10999999999999 8
      vertex 2 54.54 8
    endloop
  endfacet
  facet normal 0 0 1
    outer loop
      vertex 3 50.11 8
      vertex 3 56.54 8
      vertex 2 54.54 8
    endloop
  endfacet
  facet normal 0 0 1
    outer loop
      vertex 3 56.54 8
      vertex 2 56.54 8
      vertex 2 54.54 8
    endloop
  endfacet
  facet normal 1 0 0
    outer loop
      vertex 1.2584659019250628 52.10999999999999 8
      vertex 1.2584659019250628 54.54 8
      vertex 1.2584659019250628 54.54 11
    endloop
  endfacet
  facet normal 1 0 0
    outer loop
      vertex 1.2584659019250628 54.54 11
      vertex 1.2584659019250628 52.10999999999999 11
      vertex 1.2584659019250628 52.10999999999999 8
    endloop
  endfacet
  facet normal 0 0 1
    outer loop
      vertex 1.2584659019250628 91.19929392251744 8
      vertex 1.2584659019250628 69.53999999999999 8
      vertex 2 69.53999999999999 8
    endloop
  endfacet
  facet normal 0 0 1
    outer loop
      vertex 3 91 8
      vertex 2 67.53999999999999 8
      vertex 3 67.53999999999999 8
    endloop
  endfacet
  facet normal 0 0 1
    outer loop
      vertex 3 91 8
      vertex 2 69.53999999999999 8
      vertex 2 67.53999999999999 8
    endloop
  endfacet
  facet normal 0 0 1
    outer loop
      vertex 1.2584659019250628 91.19929392251744 8
      vertex 2 69.53999999999999 8
      vertex 3 91 8
    endloop
  endfacet
  facet normal 0 0 1
    outer loop
      vertex 1.2584659019250628 91.19929392251744 8
      vertex 1.4586130475878814 91.96796793337339 8
      vertex 1.3258275747062775 91.59214844425505 8
    endloop
  endfacet
  facet normal 0 0 1
    outer loop
      vertex 1.2584659019250628 91.19929392251744 8
      vertex 3 91 8
      vertex 3.1145898033750314 91.35267115137549 8
    endloop
  endfacet
  facet normal 0 0 1
    outer loop
      vertex 1.2584659019250628 91.19929392251744 8
      vertex 1.903403179206867 92.62605634209723 8
      vertex 1.4586130475878814 91.96796793337339 8
    endloop
  endfacet
  facet normal 0 0 1
    outer loop
      vertex 1.4586130475878814 91.96796793337339 8
      vertex 1.903403179206867 92.62605634209723 8
      vertex 1.6530023242769711 92.31594074742335 8
    endloop
  endfacet
  facet normal 0 0 1
    outer loop
      vertex 1.2584659019250628 91.19929392251744 8
      vertex 3.1145898033750314 91.35267115137549 8
      vertex 3.699736827510949 93.347882570581 8
    endloop
  endfacet
  facet normal 0 0 1
    outer loop
      vertex 1.2584659019250628 91.19929392251744 8
      vertex 3.699736827510949 93.347882570581 8
      vertex 1.903403179206867 92.62605634209723 8
    endloop
  endfacet
  facet normal 0 0 1
    outer loop
      vertex 1.903403179206867 92.62605634209723 8
      vertex 2.5420211996784676 93.09837576665149 8
      vertex 2.2026120356849264 92.88939325636231 8
    endloop
  endfacet
  facet normal 0 0 1
    outer loop
      vertex 1.903403179206867 92.62605634209723 8
      vertex 3.699736827510949 93.347882570581 8
      vertex 2.5420211996784676 93.09837576665149 8
    endloop
  endfacet
  facet normal 0 0 1
    outer loop
      vertex 3.1145898033750314 91.35267115137549 8
      vertex 3.4145898033750317 91.57063390977709 8
      vertex 3.699736827510949 93.347882570581 8
    endloop
  endfacet
  facet normal 0 0 1
    outer loop
      vertex 2.5420211996784676 93.09837576665149 8
      vertex 3.699736827510949 93.347882570581 8
      vertex 2.911866487500107 93.24699182663724 8
    endloop
  endfacet
  facet normal 0 0 1
    outer loop
      vertex 2.911866487500107 93.24699182663724 8
      vertex 3.699736827510949 93.347882570581 8
      vertex 3.3015081235948354 93.33096602285836 8
    endloop
  endfacet
  facet normal 1 0 0
    outer loop
      vertex 1.2584659019250628 91.19929392251744 11
      vertex 1.2584659019250628 69.53999999999999 11
      vertex 1.2584659019250628 69.53999999999999 8
    endloop
  endfacet
  facet normal 1 0 0
    outer loop
      vertex 1.2584659019250628 91.19929392251744 8
      vertex 1.2584659019250628 91.19929392251744 11
      vertex 1.2584659019250628 69.53999999999999 8
    endloop
  endfacet
  facet normal 0.985615910347709 -0.16900082032184574 4.757412657515309e-19
    outer loop
      vertex 1.2584659019250628 91.19929392251744 8
      vertex 1.3258275747062775 91.59214844425505 8
      vertex 1.3258275747062775 91.59214844425505 11
    endloop
  endfacet
  facet normal 0.9428774454610848 -0.3331397947420557 -1.6705862895681746e-18
    outer loop
      vertex 1.3258275747062775 91.59214844425505 8
      vertex 1.4586130475878814 91.96796793337339 8
      vertex 1.4586130475878814 91.96796793337339 11
    endloop
  endfacet
  facet normal 0.8730141131611889 -0.4876949438136332 3.986949061578731e-19
    outer loop
      vertex 1.4586130475878814 91.96796793337339 8
      vertex 1.6530023242769711 92.31594074742335 8
      vertex 1.6530023242769711 92.31594074742335 11
    endloop
  endfacet
  facet normal 0.7780357543184302 -0.6282199972956539 2.819822717027978e-18
    outer loop
      vertex 1.6530023242769711 92.31594074742335 8
      vertex 1.903403179206867 92.62605634209723 8
      vertex 1.903403179206867 92.62605634209723 11
    endloop
  endfacet
  facet normal 0.6606747233900886 -0.750672305252718 -2.7369735962032302e-18
    outer loop
      vertex 1.903403179206867 92.62605634209723 8
      vertex 2.2026120356849264 92.88939325636231 8
      vertex 2.2026120356849264 92.88939325636231 11
    endloop
  endfacet
  facet normal 0.5243072835572308 -0.8515291377333118 4.334687697355405e-18
    outer loop
      vertex 2.2026120356849264 92.88939325636231 8
      vertex 2.5420211996784676 93.09837576665149 8
      vertex 2.5420211996784676 93.09837576665149 11
    endloop
  endfacet
  facet normal 0.3728564777803122 -0.9278890272965079 2.578226152010608e-18
    outer loop
      vertex 2.5420211996784676 93.09837576665149 8
      vertex 2.911866487500107 93.24699182663724 8
      vertex 2.911866487500107 93.24699182663724 11
    endloop
  endfacet
  facet normal 0.21067926999572542 -0.9775552389476863 2.2779171074088012e-18
    outer loop
      vertex 2.911866487500107 93.24699182663724 8
      vertex 3.3015081235948354 93.33096602285836 8
      vertex 3.3015081235948354 93.33096602285836 11
    endloop
  endfacet
  facet normal 0.0424412031961571 -0.9990989662046811 1.8610092924849249e-19
    outer loop
      vertex 3.3015081235948354 93.33096602285836 8
      vertex 3.699736827510949 93.347882570581 8
      vertex 3.699736827510949 93.347882570581 11
    endloop
  endfacet
  facet normal 0.985615910347709 -0.16900082032184574 0
    outer loop
      vertex 1.2584659019250628 91.19929392251744 8
      vertex 1.3258275747062775 91.59214844425505 11
      vertex 1.2584659019250628 91.19929392251744 11
    endloop
  endfacet
  facet normal 0.9428774454610848 -0.3331397947420557 0
    outer loop
      vertex 1.3258275747062775 91.59214844425505 8
      vertex 1.4586130475878814 91.96796793337339 11
      vertex 1.3258275747062775 91.59214844425505 11
    endloop
  endfacet
  facet normal 0.8730141131611889 -0.4876949438136332 0
    outer loop
      vertex 1.4586130475878814 91.96796793337339 8
      vertex 1.6530023242769711 92.31594074742335 11
      vertex 1.4586130475878814 91.96796793337339 11
    endloop
  endfacet
  facet normal 0.7780357543184302 -0.6282199972956539 0
    outer loop
      vertex 1.6530023242769711 92.31594074742335 8
      vertex 1.903403179206867 92.62605634209723 11
      vertex 1.6530023242769711 92.31594074742335 11
    endloop
  endfacet
  facet normal 0.6606747233900886 -0.750672305252718 0
    outer loop
      vertex 1.903403179206867 92.62605634209723 8
      vertex 2.2026120356849264 92.88939325636231 11
      vertex 1.903403179206867 92.62605634209723 11
    endloop
  endfacet
  facet normal 0.5243072835572308 -0.8515291377333118 0
    outer loop
      vertex 2.2026120356849264 92.88939325636231 8
      vertex 2.5420211996784676 93.09837576665149 11
      vertex 2.2026120356849264 92.88939325636231 11
    endloop
  endfacet
  facet normal 0.3728564777803122 -0.9278890272965079 0
    outer loop
      vertex 2.5420211996784676 93.09837576665149 8
      vertex 2.911866487500107 93.24699182663724 11
      vertex 2.5420211996784676 93.09837576665149 11
    endloop
  endfacet
  facet normal 0.21067926999572542 -0.9775552389476863 0
    outer loop
      vertex 2.911866487500107 93.24699182663724 8
      vertex 3.3015081235948354 93.33096602285836 11
      vertex 2.911866487500107 93.24699182663724 11
    endloop
  endfacet
  facet normal 0.0424412031961571 -0.9990989662046811 0
    outer loop
      vertex 3.3015081235948354 93.33096602285836 8
      vertex 3.699736827510949 93.347882570581 11
      vertex 3.3015081235948354 93.33096602285836 11
    endloop
  endfacet
  facet normal 0 -1 0
    outer loop
      vertex 3.699736827510949 93.347882570581 8
      vertex 90.47119199405739 93.347882570581 11
      vertex 3.699736827510949 93.347882570581 11
    endloop
  endfacet
  facet normal 0 0 1
    outer loop
      vertex 3.4145898033750317 91.57063390977709 8
      vertex 135.9121221163595 93.00109347367328 8
      vertex 3.699736827510949 93.347882570581 8
    endloop
  endfacet
  facet normal 0 -1 0
    outer loop
      vertex 3.699736827510949 93.347882570581 8
      vertex 94.5537310054597 93.347882570581 8.024689247387862
      vertex 94.16001052161225 93.347882570581 8.079845660107896
    endloop
  endfacet
  facet normal 0 -1 0
    outer loop
      vertex 3.699736827510949 93.347882570581 8
      vertex 94.95058906167465 93.347882570581 8.000988351149672
      vertex 94.5537310054597 93.347882570581 8.024689247387862
    endloop
  endfacet
  facet normal 0 -1 0
    outer loop
      vertex 3.699736827510949 93.347882570581 8
      vertex 93.77191683779762 93.347882570581 8.166108872709813
      vertex 93.39190360723966 93.347882570581 8.282933501389326
    endloop
  endfacet
  facet normal 0 -1 0
    outer loop
      vertex 3.699736827510949 93.347882570581 8
      vertex 93.39190360723966 93.347882570581 8.282933501389326
      vertex 93.02237339593503 93.347882570581 8.429580943229826
    endloop
  endfacet
  facet normal 0 -1 0
    outer loop
      vertex 3.699736827510949 93.347882570581 8
      vertex 94.16001052161225 93.347882570581 8.079845660107896
      vertex 93.77191683779762 93.347882570581 8.166108872709813
    endloop
  endfacet
  facet normal 0 -1 0
    outer loop
      vertex 3.699736827510949 93.347882570581 8
      vertex 93.02237339593503 93.347882570581 8.429580943229826
      vertex 92.66566249285746 93.347882570581 8.60512404588783
    endloop
  endfacet
  facet normal 0 -1 0
    outer loop
      vertex 3.699736827510949 93.347882570581 8
      vertex 92.66566249285746 93.347882570581 8.60512404588783
      vertex 92.32402613918666 93.347882570581 8.808452969348618
    endloop
  endfacet
  facet normal 0 -1 0
    outer loop
      vertex 3.699736827510949 93.347882570581 8
      vertex 91.99962426994738 93.347882570581 9.038282202692129
      vertex 91.69450785820482 93.347882570581 9.29315869150691
    endloop
  endfacet
  facet normal 0 -1 0
    outer loop
      vertex 3.699736827510949 93.347882570581 8
      vertex 92.32402613918666 93.347882570581 8.808452969348618
      vertex 91.99962426994738 93.347882570581 9.038282202692129
    endloop
  endfacet
  facet normal 0 -1 0
    outer loop
      vertex 3.699736827510949 93.347882570581 8
      vertex 91.69450785820482 93.347882570581 9.29315869150691
      vertex 91.41060594815252 93.347882570581 9.571471024567934
    endloop
  endfacet
  facet normal 0 -1 0
    outer loop
      vertex 3.699736827510949 93.347882570581 8
      vertex 91.41060594815252 93.347882570581 9.571471024567934
      vertex 91.14971345907394 93.347882570581 9.8714596216972
    endloop
  endfacet
  facet normal 0 -1 0
    outer loop
      vertex 3.699736827510949 93.347882570581 8
      vertex 91.14971345907394 93.347882570581 9.8714596216972
      vertex 90.91347983728471 93.347882570581 10.191227858396147
    endloop
  endfacet
  facet normal 0 -1 0
    outer loop
      vertex 3.699736827510949 93.347882570581 8
      vertex 90.91347983728471 93.347882570581 10.191227858396147
      vertex 90.70339862780209 93.347882570581 10.528754056916386
    endloop
  endfacet
  facet normal 0 -1 0
    outer loop
      vertex 3.699736827510949 93.347882570581 8
      vertex 90.52079803167238 93.347882570581 10.88190426795736
      vertex 90.47119199405739 93.347882570581 11
    endloop
  endfacet
  facet normal 0 -1 0
    outer loop
      vertex 3.699736827510949 93.347882570581 8
      vertex 90.70339862780209 93.347882570581 10.528754056916386
      vertex 90.52079803167238 93.347882570581 10.88190426795736
    endloop
  endfacet
  facet normal 0 0 1
    outer loop
      vertex 3.6997368275109492 1.2521174294189987 8
      vertex 134.77973682751096 1.2521174294189987 8
      vertex 135.9121221163595 1.5989065263267181 8
    endloop
  endfacet
  facet normal 0 0 1
    outer loop
      vertex 2.2026120356849264 1.7106067436376897 8
      vertex 135.9121221163595 1.5989065263267181 8
      vertex 134.86541019662496 3.029366090222908 8
    endloop
  endfacet
  facet normal 0 1 0
    outer loop
      vertex 3.6997368275109492 1.2521174294189987 11
      vertex 134.77973682751096 1.2521174294189987 11
      vertex 134.77973682751096 1.2521174294189987 8
    endloop
  endfacet
  facet normal 0 0 1
    outer loop
      vertex 134.77973682751096 1.2521174294189987 8
      vertex 135.17509628448997 1.3027451884729375 8
      vertex 135.9121221163595 1.5989065263267181 8
    endloop
  endfacet
  facet normal 0 0 1
    outer loop
      vertex 135.17509628448997 1.3027451884729375 8
      vertex 135.55621272278373 1.419460785853203 8
      vertex 135.9121221163595 1.5989065263267181 8
    endloop
  endfacet
  facet normal 0 0 1
    outer loop
      vertex 135.9121221163595 1.5989065263267181 8
      vertex 135.16541019662498 3.247328848624516 8
      vertex 134.86541019662496 3.029366090222908 8
    endloop
  endfacet
  facet normal 0 0 1
    outer loop
      vertex 135.9121221163595 1.5989065263267181 8
      vertex 137.03 3.6 8
      vertex 135.16541019662498 3.247328848624516 8
    endloop
  endfacet
  facet normal 0 0 1
    outer loop
      vertex 135.9121221163595 1.5989065263267181 8
      vertex 136.2325855999667 1.835920082656098 8
      vertex 136.7315831659288 2.4539168820379595 8
    endloop
  endfacet
  facet normal 0 0 1
    outer loop
      vertex 136.2325855999667 1.835920082656098 8
      vertex 136.50838402264833 2.123683006355241 8
      vertex 136.7315831659288 2.4539168820379595 8
    endloop
  endfacet
  facet normal 0 0 1
    outer loop
      vertex 135.9121221163595 1.5989065263267181 8
      vertex 136.7315831659288 2.4539168820379595 8
      vertex 137.03 3.6 8
    endloop
  endfacet
  facet normal 0 0 1
    outer loop
      vertex 136.7315831659288 2.4539168820379595 8
      vertex 136.89576199683356 2.817121482356164 8
      vertex 136.99619738931713 3.202848072243654 8
    endloop
  endfacet
  facet normal 0 0 1
    outer loop
      vertex 135.16541019662498 3.247328848624516 8
      vertex 137.03 3.6 8
      vertex 135.28 3.6 8
    endloop
  endfacet
  facet normal 0 0 1
    outer loop
      vertex 136.7315831659288 2.4539168820379595 8
      vertex 136.99619738931713 3.202848072243654 8
      vertex 137.03 3.6 8
    endloop
  endfacet
  facet normal 0 0 1
    outer loop
      vertex 135.28 3.6 8
      vertex 137.03 3.6 8
      vertex 135.28 18.77184688447739 8
    endloop
  endfacet
  facet normal 0 0 1
    outer loop
      vertex 137.03 3.6 8
      vertex 137.03 18.77184688447739 8
      vertex 135.28 18.77184688447739 8
    endloop
  endfacet
  facet normal -1 0 0
    outer loop
      vertex 137.03 3.6 8
      vertex 137.03 18.75806622381882 8.152236002780201
      vertex 137.03 18.77184688447739 8
    endloop
  endfacet
  facet normal -1 0 0
    outer loop
      vertex 137.03 3.6 8
      vertex 137.03 18.750896441894472 8.549297820878083
      vertex 137.03 18.75806622381882 8.152236002780201
    endloop
  endfacet
  facet normal -0.12701781974687845 0.991900435258877 0
    outer loop
      vertex 134.77973682751096 1.2521174294189987 8
      vertex 134.77973682751096 1.2521174294189987 11
      vertex 135.17509628448997 1.3027451884729375 8
    endloop
  endfacet
  facet normal -0.2928227712765563 0.9561667347392491 0
    outer loop
      vertex 135.17509628448997 1.3027451884729375 8
      vertex 135.17509628448997 1.3027451884729375 11
      vertex 135.55621272278373 1.419460785853203 8
    endloop
  endfacet
  facet normal -0.45020374481765635 0.892925858149577 0
    outer loop
      vertex 135.55621272278373 1.419460785853203 8
      vertex 135.55621272278373 1.419460785853203 11
      vertex 135.9121221163595 1.5989065263267181 8
    endloop
  endfacet
  facet normal -0.5946331763042851 0.8039971303669418 0
    outer loop
      vertex 135.9121221163595 1.5989065263267181 8
      vertex 135.9121221163595 1.5989065263267181 11
      vertex 136.2325855999667 1.835920082656098 8
    endloop
  endfacet
  facet normal -0.7219560939545545 0.6919388689775149 0
    outer loop
      vertex 136.2325855999667 1.835920082656098 8
      vertex 136.2325855999667 1.835920082656098 11
      vertex 136.50838402264833 2.123683006355241 8
    endloop
  endfacet
  facet normal -0.8285096492438161 0.5599747861376337 0
    outer loop
      vertex 136.50838402264833 2.123683006355241 8
      vertex 136.50838402264833 2.123683006355241 11
      vertex 136.7315831659288 2.4539168820379595 8
    endloop
  endfacet
  facet normal -0.9112284903881446 0.41190124824397306 0
    outer loop
      vertex 136.7315831659288 2.4539168820379595 8
      vertex 136.7315831659288 2.4539168820379595 11
      vertex 136.89576199683356 2.817121482356164 8
    endloop
  endfacet
  facet normal -0.9677329469334937 0.2519780613851449 0
    outer loop
      vertex 136.89576199683356 2.817121482356164 8
      vertex 136.89576199683356 2.817121482356164 11
      vertex 136.99619738931713 3.202848072243654 8
    endloop
  endfacet
  facet normal -0.9963974885425299 0.08480592447546959 0
    outer loop
      vertex 136.99619738931713 3.202848072243654 8
      vertex 136.99619738931713 3.202848072243654 11
      vertex 137.03 3.6 8
    endloop
  endfacet
  facet normal -1 0 0
    outer loop
      vertex 137.03 3.6 8
      vertex 137.03 3.6 11
      vertex 137.03 18.750896441894472 8.549297820878083
    endloop
  endfacet
  facet normal -0.12701781974687845 0.991900435258877 0
    outer loop
      vertex 135.17509628448997 1.3027451884729375 8
      vertex 134.77973682751096 1.2521174294189987 11
      vertex 135.17509628448997 1.3027451884729375 11
    endloop
  endfacet
  facet normal -0.2928227712765563 0.9561667347392491 0
    outer loop
      vertex 135.55621272278373 1.419460785853203 8
      vertex 135.17509628448997 1.3027451884729375 11
      vertex 135.55621272278373 1.419460785853203 11
    endloop
  endfacet
  facet normal -0.45020374481765635 0.892925858149577 0
    outer loop
      vertex 135.9121221163595 1.5989065263267181 8
      vertex 135.55621272278373 1.419460785853203 11
      vertex 135.9121221163595 1.5989065263267181 11
    endloop
  endfacet
  facet normal -0.5946331763042851 0.8039971303669418 0
    outer loop
      vertex 136.2325855999667 1.835920082656098 8
      vertex 135.9121221163595 1.5989065263267181 11
      vertex 136.2325855999667 1.835920082656098 11
    endloop
  endfacet
  facet normal -0.7219560939545545 0.6919388689775149 0
    outer loop
      vertex 136.50838402264833 2.123683006355241 8
      vertex 136.2325855999667 1.835920082656098 11
      vertex 136.50838402264833 2.123683006355241 11
    endloop
  endfacet
  facet normal -0.8285096492438161 0.5599747861376337 0
    outer loop
      vertex 136.7315831659288 2.4539168820379595 8
      vertex 136.50838402264833 2.123683006355241 11
      vertex 136.7315831659288 2.4539168820379595 11
    endloop
  endfacet
  facet normal -0.9112284903881446 0.41190124824397306 0
    outer loop
      vertex 136.89576199683356 2.817121482356164 8
      vertex 136.7315831659288 2.4539168820379595 11
      vertex 136.89576199683356 2.817121482356164 11
    endloop
  endfacet
  facet normal -0.9677329469334937 0.2519780613851449 0
    outer loop
      vertex 136.99619738931713 3.202848072243654 8
      vertex 136.89576199683356 2.817121482356164 11
      vertex 136.99619738931713 3.202848072243654 11
    endloop
  endfacet
  facet normal -0.9963974885425299 0.08480592447546959 0
    outer loop
      vertex 137.03 3.6 8
      vertex 136.99619738931713 3.202848072243654 11
      vertex 137.03 3.6 11
    endloop
  endfacet
  facet normal -1 0 0
    outer loop
      vertex 137.03 3.6 11
      vertex 137.03 18.772396439639728 8.945841946116357
      vertex 137.03 18.750896441894472 8.549297820878083
    endloop
  endfacet
  facet normal -1 0 0
    outer loop
      vertex 137.03 3.6 11
      vertex 137.03 18.822454126021604 9.339800981040206
      vertex 137.03 18.772396439639728 8.945841946116357
    endloop
  endfacet
  facet normal -1 0 0
    outer loop
      vertex 137.03 3.6 11
      vertex 137.03 18.90080852344182 9.729121005658705
      vertex 137.03 18.822454126021604 9.339800981040206
    endloop
  endfacet
  facet normal -1 0 0
    outer loop
      vertex 137.03 3.6 11
      vertex 137.03 19.007051128353126 10.111772285632648
      vertex 137.03 18.90080852344182 9.729121005658705
    endloop
  endfacet
  facet normal -1 0 0
    outer loop
      vertex 137.03 3.6 11
      vertex 137.03 19.140628041007645 10.485759854369528
      vertex 137.03 19.007051128353126 10.111772285632648
    endloop
  endfacet
  facet normal -1 0 0
    outer loop
      vertex 137.03 3.6 11
      vertex 137.03 19.300842853233714 10.84913391385562
      vertex 137.03 19.140628041007645 10.485759854369528
    endloop
  endfacet
  facet normal -1 0 0
    outer loop
      vertex 137.03 3.6 11
      vertex 137.03 19.380826989963484 11
      vertex 137.03 19.300842853233714 10.84913391385562
    endloop
  endfacet
  facet normal 0 0 1
    outer loop
      vertex 135.28 29.72815311552261 8
      vertex 137.03 29.72815311552261 8
      vertex 135.28 58.651846884477386 8
    endloop
  endfacet
  facet normal -1 0 0
    outer loop
      vertex 137.03 29.72815311552261 8
      vertex 137.03 29.74193377618118 8.152236002780203
      vertex 137.03 58.651846884477386 8
    endloop
  endfacet
  facet normal -1 0 0
    outer loop
      vertex 137.03 29.74193377618118 8.152236002780203
      vertex 137.03 29.749103558105528 8.549297820878081
      vertex 137.03 58.63806622381881 8.152236002780201
    endloop
  endfacet
  facet normal -1 0 0
    outer loop
      vertex 137.03 29.727603560360272 8.945841946116358
      vertex 137.03 58.63089644189447 8.549297820878083
      vertex 137.03 29.749103558105528 8.549297820878081
    endloop
  endfacet
  facet normal -1 0 0
    outer loop
      vertex 137.03 29.677545873978396 9.339800981040206
      vertex 137.03 58.65239643963972 8.945841946116357
      vertex 137.03 29.727603560360272 8.945841946116358
    endloop
  endfacet
  facet normal -1 0 0
    outer loop
      vertex 137.03 58.65239643963972 8.945841946116357
      vertex 137.03 29.677545873978396 9.339800981040206
      vertex 137.03 29.59919147655818 9.729121005658707
    endloop
  endfacet
  facet normal -1 0 0
    outer loop
      vertex 137.03 58.65239643963972 8.945841946116357
      vertex 137.03 29.59919147655818 9.729121005658707
      vertex 137.03 29.492948871646874 10.11177228563265
    endloop
  endfacet
  facet normal -1 0 0
    outer loop
      vertex 137.03 29.359371958992355 10.485759854369528
      vertex 137.03 58.7024541260216 9.339800981040206
      vertex 137.03 29.492948871646874 10.11177228563265
    endloop
  endfacet
  facet normal -1 0 0
    outer loop
      vertex 137.03 29.359371958992355 10.485759854369528
      vertex 137.03 29.199157146766286 10.84913391385562
      vertex 137.03 58.88705112835312 10.111772285632648
    endloop
  endfacet
  facet normal -1 0 0
    outer loop
      vertex 137.03 29.199157146766286 10.84913391385562
      vertex 137.03 29.119173010036516 11
      vertex 137.03 59.02062804100764 10.485759854369528
    endloop
  endfacet
  facet normal 0 -1 0
    outer loop
      vertex 3.699736827510949 93.347882570581 8
      vertex 134.77973682751096 93.347882570581 8
      vertex 94.95058906167465 93.347882570581 8.000988351149672
    endloop
  endfacet
  facet normal 0 0 1
    outer loop
      vertex 3.4145898033750317 91.57063390977709 8
      vertex 134.86541019662496 91.57063390977709 8
      vertex 135.9121221163595 93.00109347367328 8
    endloop
  endfacet
  facet normal 0 0 1
    outer loop
      vertex 3.699736827510949 93.347882570581 8
      vertex 135.9121221163595 93.00109347367328 8
      vertex 134.77973682751096 93.347882570581 8
    endloop
  endfacet
  facet normal 0 0 1
    outer loop
      vertex 137.03 29.72815311552261 8
      vertex 137.03 58.651846884477386 8
      vertex 135.28 58.651846884477386 8
    endloop
  endfacet
  facet normal -1 0 0
    outer loop
      vertex 137.03 29.74193377618118 8.152236002780203
      vertex 137.03 58.63806622381881 8.152236002780201
      vertex 137.03 58.651846884477386 8
    endloop
  endfacet
  facet normal -1 0 0
    outer loop
      vertex 137.03 29.749103558105528 8.549297820878081
      vertex 137.03 58.63089644189447 8.549297820878083
      vertex 137.03 58.63806622381881 8.152236002780201
    endloop
  endfacet
  facet normal -1 0 0
    outer loop
      vertex 137.03 29.727603560360272 8.945841946116358
      vertex 137.03 58.65239643963972 8.945841946116357
      vertex 137.03 58.63089644189447 8.549297820878083
    endloop
  endfacet
  facet normal -1 0 0
    outer loop
      vertex 137.03 29.492948871646874 10.11177228563265
      vertex 137.03 58.7024541260216 9.339800981040206
      vertex 137.03 58.65239643963972 8.945841946116357
    endloop
  endfacet
  facet normal -1 0 0
    outer loop
      vertex 137.03 29.359371958992355 10.485759854369528
      vertex 137.03 58.78080852344182 9.729121005658705
      vertex 137.03 58.7024541260216 9.339800981040206
    endloop
  endfacet
  facet normal -1 0 0
    outer loop
      vertex 137.03 29.359371958992355 10.485759854369528
      vertex 137.03 58.88705112835312 10.111772285632648
      vertex 137.03 58.78080852344182 9.729121005658705
    endloop
  endfacet
  facet normal -1 0 0
    outer loop
      vertex 137.03 29.199157146766286 10.84913391385562
      vertex 137.03 59.02062804100764 10.485759854369528
      vertex 137.03 58.88705112835312 10.111772285632648
    endloop
  endfacet
  facet normal -1 0 0
    outer loop
      vertex 137.03 29.119173010036516 11
      vertex 137.03 59.180842853233706 10.84913391385562
      vertex 137.03 59.02062804100764 10.485759854369528
    endloop
  endfacet
  facet normal -1 0 0
    outer loop
      vertex 137.03 29.119173010036516 11
      vertex 137.03 59.260826989963476 11
      vertex 137.03 59.180842853233706 10.84913391385562
    endloop
  endfacet
  facet normal 0 -1 0
    outer loop
      vertex 134.77973682751096 93.347882570581 8
      vertex 95.34807562584909 93.347882570581 8.008892816090334
      vertex 94.95058906167465 93.347882570581 8.000988351149672
    endloop
  endfacet
  facet normal 0 -1 0
    outer loop
      vertex 134.77973682751096 93.347882570581 8
      vertex 95.74367765994533 93.347882570581 8.048352667637491
      vertex 95.34807562584909 93.347882570581 8.008892816090334
    endloop
  endfacet
  facet normal 0 -1 0
    outer loop
      vertex 134.77973682751096 93.347882570581 8
      vertex 96.13489404053159 93.347882570581 8.119118427904745
      vertex 95.74367765994533 93.347882570581 8.048352667637491
    endloop
  endfacet
  facet normal 0 -1 0
    outer loop
      vertex 134.77973682751096 93.347882570581 8
      vertex 96.5192513716896 93.347882570581 8.220742692971196
      vertex 96.13489404053159 93.347882570581 8.119118427904745
    endloop
  endfacet
  facet normal 0 -1 0
    outer loop
      vertex 134.77973682751096 93.347882570581 8
      vertex 96.89431962262003 93.347882570581 8.352582961513065
      vertex 96.5192513716896 93.347882570581 8.220742692971196
    endloop
  endfacet
  facet normal 0 0 1
    outer loop
      vertex 135.28 91 8
      vertex 135.28 69.6081531155226 8
      vertex 137.03 69.6081531155226 8
    endloop
  endfacet
  facet normal -1 0 0
    outer loop
      vertex 137.03 91 8
      vertex 137.03 69.6081531155226 8
      vertex 137.03 69.62193377618118 8.152236002780203
    endloop
  endfacet
  facet normal -1 0 0
    outer loop
      vertex 137.03 91 8
      vertex 137.03 69.62193377618118 8.152236002780203
      vertex 137.03 69.62910355810553 8.549297820878081
    endloop
  endfacet
  facet normal 0 0 1
    outer loop
      vertex 135.28 91 8
      vertex 137.03 69.6081531155226 8
      vertex 135.9121221163595 93.00109347367328 8
    endloop
  endfacet
  facet normal 0 0 1
    outer loop
      vertex 137.03 91 8
      vertex 135.9121221163595 93.00109347367328 8
      vertex 137.03 69.6081531155226 8
    endloop
  endfacet
  facet normal 0 0 1
    outer loop
      vertex 137.03 91 8
      vertex 136.99619738931713 91.39715192775634 8
      vertex 136.7315831659288 92.14608311796204 8
    endloop
  endfacet
  facet normal 0 0 1
    outer loop
      vertex 135.28 91 8
      vertex 135.9121221163595 93.00109347367328 8
      vertex 135.16541019662498 91.35267115137549 8
    endloop
  endfacet
  facet normal 0 0 1
    outer loop
      vertex 134.86541019662496 91.57063390977709 8
      vertex 135.16541019662498 91.35267115137549 8
      vertex 135.9121221163595 93.00109347367328 8
    endloop
  endfacet
  facet normal 0 0 1
    outer loop
      vertex 135.9121221163595 93.00109347367328 8
      vertex 135.17509628448997 93.29725481152707 8
      vertex 134.77973682751096 93.347882570581 8
    endloop
  endfacet
  facet normal 0 0 1
    outer loop
      vertex 135.9121221163595 93.00109347367328 8
      vertex 135.55621272278373 93.18053921414679 8
      vertex 135.17509628448997 93.29725481152707 8
    endloop
  endfacet
  facet normal 0 0 1
    outer loop
      vertex 137.03 91 8
      vertex 136.7315831659288 92.14608311796204 8
      vertex 135.9121221163595 93.00109347367328 8
    endloop
  endfacet
  facet normal 0 0 1
    outer loop
      vertex 136.99619738931713 91.39715192775634 8
      vertex 136.89576199683356 91.78287851764384 8
      vertex 136.7315831659288 92.14608311796204 8
    endloop
  endfacet
  facet normal 0 0 1
    outer loop
      vertex 135.9121221163595 93.00109347367328 8
      vertex 136.7315831659288 92.14608311796204 8
      vertex 136.2325855999667 92.7640799173439 8
    endloop
  endfacet
  facet normal 0 0 1
    outer loop
      vertex 136.7315831659288 92.14608311796204 8
      vertex 136.50838402264833 92.47631699364476 8
      vertex 136.2325855999667 92.7640799173439 8
    endloop
  endfacet
  facet normal 0 -1 0
    outer loop
      vertex 134.77973682751096 93.347882570581 8
      vertex 97.25772749107955 93.347882570581 8.513805696903939
      vertex 96.89431962262003 93.347882570581 8.352582961513065
    endloop
  endfacet
  facet normal 0 -1 0
    outer loop
      vertex 134.77973682751096 93.347882570581 8
      vertex 97.60717739551711 93.347882570581 8.703391597101694
      vertex 97.25772749107955 93.347882570581 8.513805696903939
    endloop
  endfacet
  facet normal 0 -1 0
    outer loop
      vertex 134.77973682751096 93.347882570581 8
      vertex 97.94046000112424 93.347882570581 8.920142039004194
      vertex 97.60717739551711 93.347882570581 8.703391597101694
    endloop
  endfacet
  facet normal 0 -1 0
    outer loop
      vertex 134.77973682751096 93.347882570581 8
      vertex 98.2554681879611 93.347882570581 9.162686656530461
      vertex 97.94046000112424 93.347882570581 8.920142039004194
    endloop
  endfacet
  facet normal 0 -1 0
    outer loop
      vertex 134.77973682751096 93.347882570581 8
      vertex 98.55021037284712 93.347882570581 9.429492004516252
      vertex 98.2554681879611 93.347882570581 9.162686656530461
    endloop
  endfacet
  facet normal 0 -1 0
    outer loop
      vertex 134.77973682751096 93.347882570581 8
      vertex 98.82282310079114 93.347882570581 9.718871253648121
      vertex 98.55021037284712 93.347882570581 9.429492004516252
    endloop
  endfacet
  facet normal 0 -1 0
    outer loop
      vertex 134.77973682751096 93.347882570581 8
      vertex 99.07158282635382 93.347882570581 10.028994855141448
      vertex 98.82282310079114 93.347882570581 9.718871253648121
    endloop
  endfacet
  facet normal 0 -1 0
    outer loop
      vertex 134.77973682751096 93.347882570581 11
      vertex 99.29491681045681 93.347882570581 10.357902107736903
      vertex 99.07158282635382 93.347882570581 10.028994855141448
    endloop
  endfacet
  facet normal 0 -1 0
    outer loop
      vertex 134.77973682751096 93.347882570581 11
      vertex 99.49141306374565 93.347882570581 10.70351355388511
      vertex 99.29491681045681 93.347882570581 10.357902107736903
    endloop
  endfacet
  facet normal 0 -1 0
    outer loop
      vertex 134.77973682751096 93.347882570581 11
      vertex 99.6300658949764 93.347882570581 11
      vertex 99.49141306374565 93.347882570581 10.70351355388511
    endloop
  endfacet
  facet normal -1 0 0
    outer loop
      vertex 137.03 91 8
      vertex 137.03 69.62910355810553 8.549297820878081
      vertex 137.03 69.60760356036027 8.945841946116358
    endloop
  endfacet
  facet normal -1 0 0
    outer loop
      vertex 137.03 91 11
      vertex 137.03 69.60760356036027 8.945841946116358
      vertex 137.03 69.55754587397838 9.339800981040206
    endloop
  endfacet
  facet normal -1 0 0
    outer loop
      vertex 137.03 91 11
      vertex 137.03 69.55754587397838 9.339800981040206
      vertex 137.03 69.47919147655817 9.729121005658707
    endloop
  endfacet
  facet normal -1 0 0
    outer loop
      vertex 137.03 91 11
      vertex 137.03 69.47919147655817 9.729121005658707
      vertex 137.03 69.37294887164687 10.11177228563265
    endloop
  endfacet
  facet normal -1 0 0
    outer loop
      vertex 137.03 91 11
      vertex 137.03 69.37294887164687 10.11177228563265
      vertex 137.03 69.23937195899235 10.485759854369528
    endloop
  endfacet
  facet normal -1 0 0
    outer loop
      vertex 137.03 91 11
      vertex 137.03 69.23937195899235 10.485759854369528
      vertex 137.03 69.07915714676628 10.84913391385562
    endloop
  endfacet
  facet normal -1 0 0
    outer loop
      vertex 137.03 91 11
      vertex 137.03 69.07915714676628 10.84913391385562
      vertex 137.03 68.9991730100365 11
    endloop
  endfacet
  facet normal -1 0 0
    outer loop
      vertex 137.03 91 8
      vertex 137.03 69.60760356036027 8.945841946116358
      vertex 137.03 91 11
    endloop
  endfacet
  facet normal -0.9963974885425299 -0.08480592447547082 0
    outer loop
      vertex 137.03 91 8
      vertex 137.03 91 11
      vertex 136.99619738931713 91.39715192775634 8
    endloop
  endfacet
  facet normal -0.9677329469334948 -0.2519780613851405 0
    outer loop
      vertex 136.99619738931713 91.39715192775634 8
      vertex 136.99619738931713 91.39715192775634 11
      vertex 136.89576199683356 91.78287851764384 8
    endloop
  endfacet
  facet normal -0.45020374481764835 -0.8929258581495809 0
    outer loop
      vertex 135.9121221163595 93.00109347367328 8
      vertex 135.9121221163595 93.00109347367328 11
      vertex 135.55621272278373 93.18053921414679 8
    endloop
  endfacet
  facet normal -0.12701781974687734 -0.9919004352588772 -1.8332153498729756e-19
    outer loop
      vertex 134.77973682751096 93.347882570581 8
      vertex 135.17509628448997 93.29725481152707 8
      vertex 135.17509628448997 93.29725481152707 11
    endloop
  endfacet
  facet normal -0.29282277127658485 -0.9561667347392404 2.37232290929303e-18
    outer loop
      vertex 135.17509628448997 93.29725481152707 8
      vertex 135.55621272278373 93.18053921414679 8
      vertex 135.55621272278373 93.18053921414679 11
    endloop
  endfacet
  facet normal -0.8285096492438193 -0.5599747861376292 0
    outer loop
      vertex 136.7315831659288 92.14608311796204 8
      vertex 136.7315831659288 92.14608311796204 11
      vertex 136.50838402264833 92.47631699364476 8
    endloop
  endfacet
  facet normal -0.9112284903881418 -0.4119012482439789 0
    outer loop
      vertex 136.89576199683356 91.78287851764384 8
      vertex 136.89576199683356 91.78287851764384 11
      vertex 136.7315831659288 92.14608311796204 8
    endloop
  endfacet
  facet normal -0.7219560939545606 -0.6919388689775084 0
    outer loop
      vertex 136.50838402264833 92.47631699364476 8
      vertex 136.50838402264833 92.47631699364476 11
      vertex 136.2325855999667 92.7640799173439 8
    endloop
  endfacet
  facet normal -0.5946331763042739 -0.80399713036695 -2.580772348868885e-18
    outer loop
      vertex 135.9121221163595 93.00109347367328 8
      vertex 136.2325855999667 92.7640799173439 8
      vertex 136.2325855999667 92.7640799173439 11
    endloop
  endfacet
  facet normal 0 -1 0
    outer loop
      vertex 134.77973682751096 93.347882570581 8
      vertex 134.77973682751096 93.347882570581 11
      vertex 99.07158282635382 93.347882570581 10.028994855141448
    endloop
  endfacet
  facet normal -0.9963974885425299 -0.08480592447547082 0
    outer loop
      vertex 136.99619738931713 91.39715192775634 8
      vertex 137.03 91 11
      vertex 136.99619738931713 91.39715192775634 11
    endloop
  endfacet
  facet normal -0.45020374481764835 -0.8929258581495809 0
    outer loop
      vertex 135.55621272278373 93.18053921414679 8
      vertex 135.9121221163595 93.00109347367328 11
      vertex 135.55621272278373 93.18053921414679 11
    endloop
  endfacet
  facet normal -0.5946331763042739 -0.80399713036695 0
    outer loop
      vertex 135.9121221163595 93.00109347367328 8
      vertex 136.2325855999667 92.7640799173439 11
      vertex 135.9121221163595 93.00109347367328 11
    endloop
  endfacet
  facet normal -0.12701781974687734 -0.9919004352588772 0
    outer loop
      vertex 134.77973682751096 93.347882570581 8
      vertex 135.17509628448997 93.29725481152707 11
      vertex 134.77973682751096 93.347882570581 11
    endloop
  endfacet
  facet normal -0.29282277127658485 -0.9561667347392404 0
    outer loop
      vertex 135.17509628448997 93.29725481152707 8
      vertex 135.55621272278373 93.18053921414679 11
      vertex 135.17509628448997 93.29725481152707 11
    endloop
  endfacet
  facet normal -0.8285096492438193 -0.5599747861376292 0
    outer loop
      vertex 136.50838402264833 92.47631699364476 8
      vertex 136.7315831659288 92.14608311796204 11
      vertex 136.50838402264833 92.47631699364476 11
    endloop
  endfacet
  facet normal -0.9677329469334948 -0.2519780613851405 0
    outer loop
      vertex 136.89576199683356 91.78287851764384 8
      vertex 136.99619738931713 91.39715192775634 11
      vertex 136.89576199683356 91.78287851764384 11
    endloop
  endfacet
  facet normal -0.9112284903881418 -0.4119012482439789 0
    outer loop
      vertex 136.7315831659288 92.14608311796204 8
      vertex 136.89576199683356 91.78287851764384 11
      vertex 136.7315831659288 92.14608311796204 11
    endloop
  endfacet
  facet normal -0.7219560939545606 -0.6919388689775084 0
    outer loop
      vertex 136.2325855999667 92.7640799173439 8
      vertex 136.50838402264833 92.47631699364476 11
      vertex 136.2325855999667 92.7640799173439 11
    endloop
  endfacet
  facet normal -0.8386705679454235 -0.5446390350150279 -1.3568577329790915e-18
    outer loop
      vertex 4.159103465619133 5.549999999999999 2.4
      vertex 4.375735421375199 5.216416041288602 2.4
      vertex 4.375735421375199 5.216416041288602 6.4
    endloop
  endfacet
  facet normal -0.8910065241883683 -0.45399049973954597 -3.784333271014796e-18
    outer loop
      vertex 3.978527260958116 5.904400756311959 2.4
      vertex 4.159103465619133 5.549999999999999 2.4
      vertex 4.159103465619133 5.549999999999999 6.4
    endloop
  endfacet
  facet normal -0.45399049973954597 -0.8910065241883683 0
    outer loop
      vertex 5.904400756311959 3.978527260958116 2.4
      vertex 5.904400756311959 3.978527260958116 6.4
      vertex 5.549999999999999 4.159103465619133 2.4
    endloop
  endfacet
  facet normal -0.5446390350150279 -0.8386705679454235 -1.3568577329790915e-18
    outer loop
      vertex 5.216416041288602 4.375735421375199 2.4
      vertex 5.549999999999999 4.159103465619133 2.4
      vertex 5.549999999999999 4.159103465619133 6.4
    endloop
  endfacet
  facet normal -0.3583679495453005 -0.9335804264972017 5.629869692918232e-19
    outer loop
      vertex 5.904400756311959 3.978527260958116 2.4
      vertex 6.275735421375199 3.835985238078416 2.4
      vertex 6.275735421375199 3.835985238078416 6.4
    endloop
  endfacet
  facet normal -0.7071067811865475 -0.7071067811865475 -1.52581823575227e-19
    outer loop
      vertex 4.626049663185901 4.9073036958363385 2.4
      vertex 4.9073036958363385 4.626049663185901 2.4
      vertex 4.9073036958363385 4.626049663185901 6.4
    endloop
  endfacet
  facet normal -0.7771459614569712 -0.629320391049837 0
    outer loop
      vertex 4.626049663185901 4.9073036958363385 2.4
      vertex 4.626049663185901 4.9073036958363385 6.4
      vertex 4.375735421375199 5.216416041288602 2.4
    endloop
  endfacet
  facet normal -0.629320391049837 -0.7771459614569712 0
    outer loop
      vertex 5.216416041288602 4.375735421375199 2.4
      vertex 5.216416041288602 4.375735421375199 6.4
      vertex 4.9073036958363385 4.626049663185901 2.4
    endloop
  endfacet
  facet normal -0.15643446504023034 -0.9876883405951378 0
    outer loop
      vertex 7.052791839582916 3.670816797600561 2.4
      vertex 7.052791839582916 3.670816797600561 6.4
      vertex 6.659935574892514 3.733039117211538 2.4
    endloop
  endfacet
  facet normal -0.0523359562429444 -0.9986295347545738 -1.5233913282376912e-19
    outer loop
      vertex 7.052791839582916 3.670816797600561 2.4
      vertex 7.449999999999999 3.6499999999999995 2.4
      vertex 7.449999999999999 3.6499999999999995 6.4
    endloop
  endfacet
  facet normal -0.25881904510252096 -0.9659258262890683 -2.0658223729131118e-19
    outer loop
      vertex 6.275735421375199 3.835985238078416 2.4
      vertex 6.659935574892514 3.733039117211538 2.4
      vertex 6.659935574892514 3.733039117211538 6.4
    endloop
  endfacet
  facet normal 0.0523359562429444 -0.9986295347545738 1.5233913282376912e-19
    outer loop
      vertex 7.449999999999999 3.6499999999999995 2.4
      vertex 7.8472081604170825 3.670816797600561 2.4
      vertex 7.8472081604170825 3.670816797600561 6.4
    endloop
  endfacet
  facet normal 0.15643446504022998 -0.9876883405951378 5.790197613942913e-19
    outer loop
      vertex 7.8472081604170825 3.670816797600561 2.4
      vertex 8.240064425107485 3.733039117211538 2.4
      vertex 8.240064425107485 3.733039117211538 6.4
    endloop
  endfacet
  facet normal 0.2588190451025215 -0.9659258262890681 -5.658200882116118e-19
    outer loop
      vertex 8.240064425107485 3.733039117211538 2.4
      vertex 8.6242645786248 3.835985238078416 2.4
      vertex 8.6242645786248 3.835985238078416 6.4
    endloop
  endfacet
  facet normal -0.9335804264972017 -0.3583679495453005 0
    outer loop
      vertex 3.978527260958116 5.904400756311959 2.4
      vertex 3.978527260958116 5.904400756311959 6.4
      vertex 3.835985238078416 6.275735421375199 2.4
    endloop
  endfacet
  facet normal -0.9659258262890683 -0.25881904510252096 0
    outer loop
      vertex 3.835985238078416 6.275735421375199 2.4
      vertex 3.835985238078416 6.275735421375199 6.4
      vertex 3.733039117211538 6.659935574892514 2.4
    endloop
  endfacet
  facet normal -0.9876883405951378 -0.15643446504023034 0
    outer loop
      vertex 3.733039117211538 6.659935574892514 2.4
      vertex 3.733039117211538 6.659935574892514 6.4
      vertex 3.670816797600561 7.052791839582916 2.4
    endloop
  endfacet
  facet normal -0.9986295347545738 -0.0523359562429444 0
    outer loop
      vertex 3.670816797600561 7.052791839582916 2.4
      vertex 3.670816797600561 7.052791839582916 6.4
      vertex 3.6499999999999995 7.449999999999999 2.4
    endloop
  endfacet
  facet normal -0.9986295347545738 0.0523359562429444 0
    outer loop
      vertex 3.6499999999999995 7.449999999999999 2.4
      vertex 3.6499999999999995 7.449999999999999 6.4
      vertex 3.670816797600561 7.8472081604170825 2.4
    endloop
  endfacet
  facet normal -0.9876883405951378 0.15643446504022998 0
    outer loop
      vertex 3.670816797600561 7.8472081604170825 2.4
      vertex 3.670816797600561 7.8472081604170825 6.4
      vertex 3.733039117211538 8.240064425107485 2.4
    endloop
  endfacet
  facet normal -0.9659258262890681 0.2588190451025215 0
    outer loop
      vertex 3.733039117211538 8.240064425107485 2.4
      vertex 3.733039117211538 8.240064425107485 6.4
      vertex 3.835985238078416 8.6242645786248 2.4
    endloop
  endfacet
  facet normal -0.933580426497202 0.35836794954529977 0
    outer loop
      vertex 3.835985238078416 8.6242645786248 2.4
      vertex 3.835985238078416 8.6242645786248 6.4
      vertex 3.978527260958116 8.99559924368804 2.4
    endloop
  endfacet
  facet normal -0.8910065241883678 0.45399049973954686 0
    outer loop
      vertex 3.978527260958116 8.99559924368804 2.4
      vertex 3.978527260958116 8.99559924368804 6.4
      vertex 4.159103465619133 9.35 2.4
    endloop
  endfacet
  facet normal -0.8386705679454235 0.5446390350150279 0
    outer loop
      vertex 4.159103465619133 9.35 2.4
      vertex 4.159103465619133 9.35 6.4
      vertex 4.375735421375199 9.683583958711397 2.4
    endloop
  endfacet
  facet normal -0.7771459614569712 0.629320391049837 0
    outer loop
      vertex 4.375735421375199 9.683583958711397 2.4
      vertex 4.375735421375199 9.683583958711397 6.4
      vertex 4.626049663185901 9.99269630416366 2.4
    endloop
  endfacet
  facet normal -0.7071067811865475 0.7071067811865475 0
    outer loop
      vertex 4.626049663185901 9.99269630416366 2.4
      vertex 4.626049663185901 9.99269630416366 6.4
      vertex 4.9073036958363385 10.273950336814098 2.4
    endloop
  endfacet
  facet normal -0.6293203910498356 0.7771459614569723 0
    outer loop
      vertex 4.9073036958363385 10.273950336814098 2.4
      vertex 4.9073036958363385 10.273950336814098 6.4
      vertex 5.216416041288602 10.524264578624798 2.4
    endloop
  endfacet
  facet normal -0.5446390350150294 0.8386705679454224 0
    outer loop
      vertex 5.216416041288602 10.524264578624798 2.4
      vertex 5.216416041288602 10.524264578624798 6.4
      vertex 5.549999999999999 10.740896534380866 2.4
    endloop
  endfacet
  facet normal -0.4539904997395442 0.8910065241883691 0
    outer loop
      vertex 5.549999999999999 10.740896534380866 2.4
      vertex 5.549999999999999 10.740896534380866 6.4
      vertex 5.904400756311959 10.921472739041882 2.4
    endloop
  endfacet
  facet normal -0.3583679495453015 0.9335804264972013 0
    outer loop
      vertex 5.904400756311959 10.921472739041882 2.4
      vertex 5.904400756311959 10.921472739041882 6.4
      vertex 6.275735421375199 11.064014761921582 2.4
    endloop
  endfacet
  facet normal -0.25881904510252196 0.965925826289068 0
    outer loop
      vertex 6.275735421375199 11.064014761921582 2.4
      vertex 6.275735421375199 11.064014761921582 6.4
      vertex 6.659935574892514 11.16696088278846 2.4
    endloop
  endfacet
  facet normal -0.15643446504022815 0.987688340595138 0
    outer loop
      vertex 6.659935574892514 11.16696088278846 2.4
      vertex 6.659935574892514 11.16696088278846 6.4
      vertex 7.052791839582916 11.229183202399437 2.4
    endloop
  endfacet
  facet normal -0.052335956242948845 0.9986295347545736 0
    outer loop
      vertex 7.052791839582916 11.229183202399437 2.4
      vertex 7.052791839582916 11.229183202399437 6.4
      vertex 7.449999999999999 11.25 2.4
    endloop
  endfacet
  facet normal 0.052335956242948845 0.9986295347545736 0
    outer loop
      vertex 7.449999999999999 11.25 2.4
      vertex 7.449999999999999 11.25 6.4
      vertex 7.8472081604170825 11.229183202399437 2.4
    endloop
  endfacet
  facet normal 0.15643446504022782 0.9876883405951382 0
    outer loop
      vertex 7.8472081604170825 11.229183202399437 2.4
      vertex 7.8472081604170825 11.229183202399437 6.4
      vertex 8.240064425107485 11.16696088278846 2.4
    endloop
  endfacet
  facet normal 0.2588190451025225 0.9659258262890678 -2.0021593857434524e-18
    outer loop
      vertex 8.6242645786248 11.064014761921582 2.4
      vertex 8.240064425107485 11.16696088278846 2.4
      vertex 8.240064425107485 11.16696088278846 6.4
    endloop
  endfacet
  facet normal 0.35836794954529977 -0.933580426497202 5.071854787890475e-19
    outer loop
      vertex 8.6242645786248 3.835985238078416 2.4
      vertex 8.99559924368804 3.978527260958116 2.4
      vertex 8.99559924368804 3.978527260958116 6.4
    endloop
  endfacet
  facet normal 0.45399049973954686 -0.8910065241883678 -1.0730889287606474e-18
    outer loop
      vertex 8.99559924368804 3.978527260958116 2.4
      vertex 9.35 4.159103465619133 2.4
      vertex 9.35 4.159103465619133 6.4
    endloop
  endfacet
  facet normal 0.5446390350150279 -0.8386705679454235 1.3568577329790915e-18
    outer loop
      vertex 9.35 4.159103465619133 2.4
      vertex 9.683583958711397 4.375735421375199 2.4
      vertex 9.683583958711397 4.375735421375199 6.4
    endloop
  endfacet
  facet normal 0.629320391049837 -0.7771459614569712 2.7818073190983536e-18
    outer loop
      vertex 9.683583958711397 4.375735421375199 2.4
      vertex 9.99269630416366 4.626049663185901 2.4
      vertex 9.99269630416366 4.626049663185901 6.4
    endloop
  endfacet
  facet normal 0.7071067811865475 -0.7071067811865475 1.52581823575227e-19
    outer loop
      vertex 9.99269630416366 4.626049663185901 2.4
      vertex 10.273950336814098 4.9073036958363385 2.4
      vertex 10.273950336814098 4.9073036958363385 6.4
    endloop
  endfacet
  facet normal 0.7771459614569723 -0.6293203910498356 -4.049655194645139e-18
    outer loop
      vertex 10.273950336814098 4.9073036958363385 2.4
      vertex 10.524264578624798 5.216416041288602 2.4
      vertex 10.524264578624798 5.216416041288602 6.4
    endloop
  endfacet
  facet normal 0.8386705679454224 -0.5446390350150294 -4.318305254547276e-18
    outer loop
      vertex 10.524264578624798 5.216416041288602 2.4
      vertex 10.740896534380866 5.549999999999999 2.4
      vertex 10.740896534380866 5.549999999999999 6.4
    endloop
  endfacet
  facet normal 0.8910065241883691 -0.4539904997395442 -2.1614204687976422e-18
    outer loop
      vertex 10.740896534380866 5.549999999999999 2.4
      vertex 10.921472739041882 5.904400756311959 2.4
      vertex 10.921472739041882 5.904400756311959 6.4
    endloop
  endfacet
  facet normal 0.9335804264972013 -0.3583679495453015 -1.5860682543003732e-18
    outer loop
      vertex 10.921472739041882 5.904400756311959 2.4
      vertex 11.064014761921582 6.275735421375199 2.4
      vertex 11.064014761921582 6.275735421375199 6.4
    endloop
  endfacet
  facet normal 0.965925826289068 -0.25881904510252196 -1.5867436957810889e-18
    outer loop
      vertex 11.064014761921582 6.275735421375199 2.4
      vertex 11.16696088278846 6.659935574892514 2.4
      vertex 11.16696088278846 6.659935574892514 6.4
    endloop
  endfacet
  facet normal 0.987688340595138 -0.15643446504022815 -5.115629940219452e-19
    outer loop
      vertex 11.16696088278846 6.659935574892514 2.4
      vertex 11.229183202399437 7.052791839582916 2.4
      vertex 11.229183202399437 7.052791839582916 6.4
    endloop
  endfacet
  facet normal 0.9986295347545736 -0.052335956242948845 -1.2988501015167477e-19
    outer loop
      vertex 11.229183202399437 7.052791839582916 2.4
      vertex 11.25 7.449999999999999 2.4
      vertex 11.25 7.449999999999999 6.4
    endloop
  endfacet
  facet normal 0.9986295347545736 0.052335956242948845 1.2988501015167477e-19
    outer loop
      vertex 11.25 7.449999999999999 2.4
      vertex 11.229183202399437 7.8472081604170825 2.4
      vertex 11.229183202399437 7.8472081604170825 6.4
    endloop
  endfacet
  facet normal 0.9876883405951382 0.15643446504022782 6.66577263727591e-19
    outer loop
      vertex 11.229183202399437 7.8472081604170825 2.4
      vertex 11.16696088278846 8.240064425107485 2.4
      vertex 11.16696088278846 8.240064425107485 6.4
    endloop
  endfacet
  facet normal 0.9659258262890678 0.2588190451025225 -2.0021593857434524e-18
    outer loop
      vertex 11.16696088278846 8.240064425107485 2.4
      vertex 11.064014761921582 8.6242645786248 2.4
      vertex 11.064014761921582 8.6242645786248 6.4
    endloop
  endfacet
  facet normal 0.8910065241883688 0.45399049973954514 0
    outer loop
      vertex 10.740896534380866 9.35 2.4
      vertex 10.740896534380866 9.35 6.4
      vertex 10.921472739041882 8.99559924368804 2.4
    endloop
  endfacet
  facet normal 0.8386705679454224 0.5446390350150294 4.318305254547276e-18
    outer loop
      vertex 10.740896534380866 9.35 2.4
      vertex 10.524264578624798 9.683583958711397 2.4
      vertex 10.524264578624798 9.683583958711397 6.4
    endloop
  endfacet
  facet normal 0.7071067811865475 0.7071067811865475 0
    outer loop
      vertex 9.99269630416366 10.273950336814098 2.4
      vertex 9.99269630416366 10.273950336814098 6.4
      vertex 10.273950336814098 9.99269630416366 2.4
    endloop
  endfacet
  facet normal 0.7771459614569723 0.6293203910498356 4.049655194645139e-18
    outer loop
      vertex 10.524264578624798 9.683583958711397 2.4
      vertex 10.273950336814098 9.99269630416366 2.4
      vertex 10.273950336814098 9.99269630416366 6.4
    endloop
  endfacet
  facet normal 0.3583679495453007 0.9335804264972016 0
    outer loop
      vertex 8.6242645786248 11.064014761921582 2.4
      vertex 8.6242645786248 11.064014761921582 6.4
      vertex 8.99559924368804 10.921472739041882 2.4
    endloop
  endfacet
  facet normal 0.45399049973954514 0.8910065241883688 0
    outer loop
      vertex 8.99559924368804 10.921472739041882 2.4
      vertex 8.99559924368804 10.921472739041882 6.4
      vertex 9.35 10.740896534380866 2.4
    endloop
  endfacet
  facet normal 0.5446390350150294 0.8386705679454224 4.318305254547276e-18
    outer loop
      vertex 9.683583958711397 10.524264578624798 2.4
      vertex 9.35 10.740896534380866 2.4
      vertex 9.35 10.740896534380866 6.4
    endloop
  endfacet
  facet normal 0.6293203910498356 0.7771459614569723 4.049655194645139e-18
    outer loop
      vertex 9.99269630416366 10.273950336814098 2.4
      vertex 9.683583958711397 10.524264578624798 2.4
      vertex 9.683583958711397 10.524264578624798 6.4
    endloop
  endfacet
  facet normal 0.9335804264972016 0.3583679495453007 5.158958062192529e-19
    outer loop
      vertex 11.064014761921582 8.6242645786248 2.4
      vertex 10.921472739041882 8.99559924368804 2.4
      vertex 10.921472739041882 8.99559924368804 6.4
    endloop
  endfacet
  facet normal -0.8386705679454235 -0.5446390350150279 0
    outer loop
      vertex 4.159103465619133 5.549999999999999 2.4
      vertex 4.375735421375199 5.216416041288602 6.4
      vertex 4.159103465619133 5.549999999999999 6.4
    endloop
  endfacet
  facet normal -0.8910065241883683 -0.45399049973954597 0
    outer loop
      vertex 3.978527260958116 5.904400756311959 2.4
      vertex 4.159103465619133 5.549999999999999 6.4
      vertex 3.978527260958116 5.904400756311959 6.4
    endloop
  endfacet
  facet normal -0.5446390350150279 -0.8386705679454235 0
    outer loop
      vertex 5.216416041288602 4.375735421375199 2.4
      vertex 5.549999999999999 4.159103465619133 6.4
      vertex 5.216416041288602 4.375735421375199 6.4
    endloop
  endfacet
  facet normal -0.45399049973954597 -0.8910065241883683 0
    outer loop
      vertex 5.549999999999999 4.159103465619133 2.4
      vertex 5.904400756311959 3.978527260958116 6.4
      vertex 5.549999999999999 4.159103465619133 6.4
    endloop
  endfacet
  facet normal -0.3583679495453005 -0.9335804264972017 0
    outer loop
      vertex 5.904400756311959 3.978527260958116 2.4
      vertex 6.275735421375199 3.835985238078416 6.4
      vertex 5.904400756311959 3.978527260958116 6.4
    endloop
  endfacet
  facet normal -0.25881904510252096 -0.9659258262890683 0
    outer loop
      vertex 6.275735421375199 3.835985238078416 2.4
      vertex 6.659935574892514 3.733039117211538 6.4
      vertex 6.275735421375199 3.835985238078416 6.4
    endloop
  endfacet
  facet normal -0.7771459614569712 -0.629320391049837 0
    outer loop
      vertex 4.375735421375199 5.216416041288602 2.4
      vertex 4.626049663185901 4.9073036958363385 6.4
      vertex 4.375735421375199 5.216416041288602 6.4
    endloop
  endfacet
  facet normal -0.7071067811865475 -0.7071067811865475 0
    outer loop
      vertex 4.626049663185901 4.9073036958363385 2.4
      vertex 4.9073036958363385 4.626049663185901 6.4
      vertex 4.626049663185901 4.9073036958363385 6.4
    endloop
  endfacet
  facet normal -0.629320391049837 -0.7771459614569712 0
    outer loop
      vertex 4.9073036958363385 4.626049663185901 2.4
      vertex 5.216416041288602 4.375735421375199 6.4
      vertex 4.9073036958363385 4.626049663185901 6.4
    endloop
  endfacet
  facet normal -0.0523359562429444 -0.9986295347545738 0
    outer loop
      vertex 7.052791839582916 3.670816797600561 2.4
      vertex 7.449999999999999 3.6499999999999995 6.4
      vertex 7.052791839582916 3.670816797600561 6.4
    endloop
  endfacet
  facet normal -0.15643446504023034 -0.9876883405951378 0
    outer loop
      vertex 6.659935574892514 3.733039117211538 2.4
      vertex 7.052791839582916 3.670816797600561 6.4
      vertex 6.659935574892514 3.733039117211538 6.4
    endloop
  endfacet
  facet normal 0.0523359562429444 -0.9986295347545738 0
    outer loop
      vertex 7.449999999999999 3.6499999999999995 2.4
      vertex 7.8472081604170825 3.670816797600561 6.4
      vertex 7.449999999999999 3.6499999999999995 6.4
    endloop
  endfacet
  facet normal 0.15643446504022998 -0.9876883405951378 0
    outer loop
      vertex 7.8472081604170825 3.670816797600561 2.4
      vertex 8.240064425107485 3.733039117211538 6.4
      vertex 7.8472081604170825 3.670816797600561 6.4
    endloop
  endfacet
  facet normal 0.2588190451025215 -0.9659258262890681 0
    outer loop
      vertex 8.240064425107485 3.733039117211538 2.4
      vertex 8.6242645786248 3.835985238078416 6.4
      vertex 8.240064425107485 3.733039117211538 6.4
    endloop
  endfacet
  facet normal -0.9659258262890683 -0.25881904510252096 0
    outer loop
      vertex 3.733039117211538 6.659935574892514 2.4
      vertex 3.835985238078416 6.275735421375199 6.4
      vertex 3.733039117211538 6.659935574892514 6.4
    endloop
  endfacet
  facet normal -0.9335804264972017 -0.3583679495453005 0
    outer loop
      vertex 3.835985238078416 6.275735421375199 2.4
      vertex 3.978527260958116 5.904400756311959 6.4
      vertex 3.835985238078416 6.275735421375199 6.4
    endloop
  endfacet
  facet normal -0.9876883405951378 -0.15643446504023034 0
    outer loop
      vertex 3.670816797600561 7.052791839582916 2.4
      vertex 3.733039117211538 6.659935574892514 6.4
      vertex 3.670816797600561 7.052791839582916 6.4
    endloop
  endfacet
  facet normal -0.9986295347545738 -0.0523359562429444 0
    outer loop
      vertex 3.6499999999999995 7.449999999999999 2.4
      vertex 3.670816797600561 7.052791839582916 6.4
      vertex 3.6499999999999995 7.449999999999999 6.4
    endloop
  endfacet
  facet normal -0.9986295347545738 0.0523359562429444 0
    outer loop
      vertex 3.670816797600561 7.8472081604170825 2.4
      vertex 3.6499999999999995 7.449999999999999 6.4
      vertex 3.670816797600561 7.8472081604170825 6.4
    endloop
  endfacet
  facet normal -0.9876883405951378 0.15643446504022998 0
    outer loop
      vertex 3.733039117211538 8.240064425107485 2.4
      vertex 3.670816797600561 7.8472081604170825 6.4
      vertex 3.733039117211538 8.240064425107485 6.4
    endloop
  endfacet
  facet normal -0.9659258262890681 0.2588190451025215 0
    outer loop
      vertex 3.835985238078416 8.6242645786248 2.4
      vertex 3.733039117211538 8.240064425107485 6.4
      vertex 3.835985238078416 8.6242645786248 6.4
    endloop
  endfacet
  facet normal -0.933580426497202 0.35836794954529977 0
    outer loop
      vertex 3.978527260958116 8.99559924368804 2.4
      vertex 3.835985238078416 8.6242645786248 6.4
      vertex 3.978527260958116 8.99559924368804 6.4
    endloop
  endfacet
  facet normal -0.8910065241883678 0.45399049973954686 0
    outer loop
      vertex 4.159103465619133 9.35 2.4
      vertex 3.978527260958116 8.99559924368804 6.4
      vertex 4.159103465619133 9.35 6.4
    endloop
  endfacet
  facet normal -0.8386705679454235 0.5446390350150279 0
    outer loop
      vertex 4.375735421375199 9.683583958711397 2.4
      vertex 4.159103465619133 9.35 6.4
      vertex 4.375735421375199 9.683583958711397 6.4
    endloop
  endfacet
  facet normal -0.7771459614569712 0.629320391049837 0
    outer loop
      vertex 4.626049663185901 9.99269630416366 2.4
      vertex 4.375735421375199 9.683583958711397 6.4
      vertex 4.626049663185901 9.99269630416366 6.4
    endloop
  endfacet
  facet normal -0.7071067811865475 0.7071067811865475 0
    outer loop
      vertex 4.9073036958363385 10.273950336814098 2.4
      vertex 4.626049663185901 9.99269630416366 6.4
      vertex 4.9073036958363385 10.273950336814098 6.4
    endloop
  endfacet
  facet normal -0.6293203910498356 0.7771459614569723 0
    outer loop
      vertex 5.216416041288602 10.524264578624798 2.4
      vertex 4.9073036958363385 10.273950336814098 6.4
      vertex 5.216416041288602 10.524264578624798 6.4
    endloop
  endfacet
  facet normal -0.5446390350150294 0.8386705679454224 0
    outer loop
      vertex 5.549999999999999 10.740896534380866 2.4
      vertex 5.216416041288602 10.524264578624798 6.4
      vertex 5.549999999999999 10.740896534380866 6.4
    endloop
  endfacet
  facet normal -0.4539904997395442 0.8910065241883691 0
    outer loop
      vertex 5.904400756311959 10.921472739041882 2.4
      vertex 5.549999999999999 10.740896534380866 6.4
      vertex 5.904400756311959 10.921472739041882 6.4
    endloop
  endfacet
  facet normal -0.3583679495453015 0.9335804264972013 0
    outer loop
      vertex 6.275735421375199 11.064014761921582 2.4
      vertex 5.904400756311959 10.921472739041882 6.4
      vertex 6.275735421375199 11.064014761921582 6.4
    endloop
  endfacet
  facet normal -0.25881904510252196 0.965925826289068 0
    outer loop
      vertex 6.659935574892514 11.16696088278846 2.4
      vertex 6.275735421375199 11.064014761921582 6.4
      vertex 6.659935574892514 11.16696088278846 6.4
    endloop
  endfacet
  facet normal -0.15643446504022815 0.987688340595138 0
    outer loop
      vertex 7.052791839582916 11.229183202399437 2.4
      vertex 6.659935574892514 11.16696088278846 6.4
      vertex 7.052791839582916 11.229183202399437 6.4
    endloop
  endfacet
  facet normal -0.052335956242948845 0.9986295347545736 0
    outer loop
      vertex 7.449999999999999 11.25 2.4
      vertex 7.052791839582916 11.229183202399437 6.4
      vertex 7.449999999999999 11.25 6.4
    endloop
  endfacet
  facet normal 0.052335956242948845 0.9986295347545736 0
    outer loop
      vertex 7.8472081604170825 11.229183202399437 2.4
      vertex 7.449999999999999 11.25 6.4
      vertex 7.8472081604170825 11.229183202399437 6.4
    endloop
  endfacet
  facet normal 0.15643446504022782 0.9876883405951382 0
    outer loop
      vertex 8.240064425107485 11.16696088278846 2.4
      vertex 7.8472081604170825 11.229183202399437 6.4
      vertex 8.240064425107485 11.16696088278846 6.4
    endloop
  endfacet
  facet normal 0.2588190451025225 0.9659258262890678 0
    outer loop
      vertex 8.6242645786248 11.064014761921582 2.4
      vertex 8.240064425107485 11.16696088278846 6.4
      vertex 8.6242645786248 11.064014761921582 6.4
    endloop
  endfacet
  facet normal 0.35836794954529977 -0.933580426497202 0
    outer loop
      vertex 8.6242645786248 3.835985238078416 2.4
      vertex 8.99559924368804 3.978527260958116 6.4
      vertex 8.6242645786248 3.835985238078416 6.4
    endloop
  endfacet
  facet normal 0.45399049973954686 -0.8910065241883678 0
    outer loop
      vertex 8.99559924368804 3.978527260958116 2.4
      vertex 9.35 4.159103465619133 6.4
      vertex 8.99559924368804 3.978527260958116 6.4
    endloop
  endfacet
  facet normal 0.5446390350150279 -0.8386705679454235 0
    outer loop
      vertex 9.35 4.159103465619133 2.4
      vertex 9.683583958711397 4.375735421375199 6.4
      vertex 9.35 4.159103465619133 6.4
    endloop
  endfacet
  facet normal 0.629320391049837 -0.7771459614569712 0
    outer loop
      vertex 9.683583958711397 4.375735421375199 2.4
      vertex 9.99269630416366 4.626049663185901 6.4
      vertex 9.683583958711397 4.375735421375199 6.4
    endloop
  endfacet
  facet normal 0.7071067811865475 -0.7071067811865475 0
    outer loop
      vertex 9.99269630416366 4.626049663185901 2.4
      vertex 10.273950336814098 4.9073036958363385 6.4
      vertex 9.99269630416366 4.626049663185901 6.4
    endloop
  endfacet
  facet normal 0.7771459614569723 -0.6293203910498356 0
    outer loop
      vertex 10.273950336814098 4.9073036958363385 2.4
      vertex 10.524264578624798 5.216416041288602 6.4
      vertex 10.273950336814098 4.9073036958363385 6.4
    endloop
  endfacet
  facet normal 0.8386705679454224 -0.5446390350150294 0
    outer loop
      vertex 10.524264578624798 5.216416041288602 2.4
      vertex 10.740896534380866 5.549999999999999 6.4
      vertex 10.524264578624798 5.216416041288602 6.4
    endloop
  endfacet
  facet normal 0.8910065241883691 -0.4539904997395442 0
    outer loop
      vertex 10.740896534380866 5.549999999999999 2.4
      vertex 10.921472739041882 5.904400756311959 6.4
      vertex 10.740896534380866 5.549999999999999 6.4
    endloop
  endfacet
  facet normal 0.9335804264972013 -0.3583679495453015 0
    outer loop
      vertex 10.921472739041882 5.904400756311959 2.4
      vertex 11.064014761921582 6.275735421375199 6.4
      vertex 10.921472739041882 5.904400756311959 6.4
    endloop
  endfacet
  facet normal 0.965925826289068 -0.25881904510252196 0
    outer loop
      vertex 11.064014761921582 6.275735421375199 2.4
      vertex 11.16696088278846 6.659935574892514 6.4
      vertex 11.064014761921582 6.275735421375199 6.4
    endloop
  endfacet
  facet normal 0.987688340595138 -0.15643446504022815 0
    outer loop
      vertex 11.16696088278846 6.659935574892514 2.4
      vertex 11.229183202399437 7.052791839582916 6.4
      vertex 11.16696088278846 6.659935574892514 6.4
    endloop
  endfacet
  facet normal 0.9986295347545736 -0.052335956242948845 0
    outer loop
      vertex 11.229183202399437 7.052791839582916 2.4
      vertex 11.25 7.449999999999999 6.4
      vertex 11.229183202399437 7.052791839582916 6.4
    endloop
  endfacet
  facet normal 0.9986295347545736 0.052335956242948845 0
    outer loop
      vertex 11.25 7.449999999999999 2.4
      vertex 11.229183202399437 7.8472081604170825 6.4
      vertex 11.25 7.449999999999999 6.4
    endloop
  endfacet
  facet normal 0.9876883405951382 0.15643446504022782 0
    outer loop
      vertex 11.229183202399437 7.8472081604170825 2.4
      vertex 11.16696088278846 8.240064425107485 6.4
      vertex 11.229183202399437 7.8472081604170825 6.4
    endloop
  endfacet
  facet normal 0.9659258262890678 0.2588190451025225 0
    outer loop
      vertex 11.16696088278846 8.240064425107485 2.4
      vertex 11.064014761921582 8.6242645786248 6.4
      vertex 11.16696088278846 8.240064425107485 6.4
    endloop
  endfacet
  facet normal 0.9335804264972016 0.3583679495453007 0
    outer loop
      vertex 11.064014761921582 8.6242645786248 2.4
      vertex 10.921472739041882 8.99559924368804 6.4
      vertex 11.064014761921582 8.6242645786248 6.4
    endloop
  endfacet
  facet normal 0.8386705679454224 0.5446390350150294 0
    outer loop
      vertex 10.740896534380866 9.35 2.4
      vertex 10.524264578624798 9.683583958711397 6.4
      vertex 10.740896534380866 9.35 6.4
    endloop
  endfacet
  facet normal 0.7071067811865475 0.7071067811865475 0
    outer loop
      vertex 10.273950336814098 9.99269630416366 2.4
      vertex 9.99269630416366 10.273950336814098 6.4
      vertex 10.273950336814098 9.99269630416366 6.4
    endloop
  endfacet
  facet normal 0.7771459614569723 0.6293203910498356 0
    outer loop
      vertex 10.524264578624798 9.683583958711397 2.4
      vertex 10.273950336814098 9.99269630416366 6.4
      vertex 10.524264578624798 9.683583958711397 6.4
    endloop
  endfacet
  facet normal 0.3583679495453007 0.9335804264972016 0
    outer loop
      vertex 8.99559924368804 10.921472739041882 2.4
      vertex 8.6242645786248 11.064014761921582 6.4
      vertex 8.99559924368804 10.921472739041882 6.4
    endloop
  endfacet
  facet normal 0.5446390350150294 0.8386705679454224 0
    outer loop
      vertex 9.683583958711397 10.524264578624798 2.4
      vertex 9.35 10.740896534380866 6.4
      vertex 9.683583958711397 10.524264578624798 6.4
    endloop
  endfacet
  facet normal 0.45399049973954514 0.8910065241883688 0
    outer loop
      vertex 9.35 10.740896534380866 2.4
      vertex 8.99559924368804 10.921472739041882 6.4
      vertex 9.35 10.740896534380866 6.4
    endloop
  endfacet
  facet normal 0.6293203910498356 0.7771459614569723 0
    outer loop
      vertex 9.99269630416366 10.273950336814098 2.4
      vertex 9.683583958711397 10.524264578624798 6.4
      vertex 9.99269630416366 10.273950336814098 6.4
    endloop
  endfacet
  facet normal 0.8910065241883688 0.45399049973954514 0
    outer loop
      vertex 10.921472739041882 8.99559924368804 2.4
      vertex 10.740896534380866 9.35 6.4
      vertex 10.921472739041882 8.99559924368804 6.4
    endloop
  endfacet
  facet normal 0 0 1
    outer loop
      vertex 6.275735421375199 3.835985238078416 6.4
      vertex 6.659935574892514 3.733039117211538 6.4
      vertex 6.252382802926237 6.389003746814726 6.4
    endloop
  endfacet
  facet normal 0 0 1
    outer loop
      vertex 5.904400756311959 3.978527260958116 6.4
      vertex 6.275735421375199 3.835985238078416 6.4
      vertex 6.033270358954863 6.70644292472997 6.4
    endloop
  endfacet
  facet normal 0 0 1
    outer loop
      vertex 6.275735421375199 3.835985238078416 6.4
      vertex 6.252382802926237 6.389003746814726 6.4
      vertex 6.033270358954863 6.70644292472997 6.4
    endloop
  endfacet
  facet normal 0 0 1
    outer loop
      vertex 7.052791839582916 3.670816797600561 6.4
      vertex 7.449999999999999 3.6499999999999995 6.4
      vertex 7.257141311591483 5.861665801443113 6.4
    endloop
  endfacet
  facet normal 0 0 1
    outer loop
      vertex 7.449999999999999 3.6499999999999995 6.4
      vertex 7.8472081604170825 3.670816797600561 6.4
      vertex 7.6428586884085155 5.861665801443113 6.4
    endloop
  endfacet
  facet normal 0 0 1
    outer loop
      vertex 7.8472081604170825 3.670816797600561 6.4
      vertex 8.240064425107485 3.733039117211538 6.4
      vertex 7.6428586884085155 5.861665801443113 6.4
    endloop
  endfacet
  facet normal 0 0 1
    outer loop
      vertex 7.052791839582916 3.670816797600561 6.4
      vertex 6.882632180731942 5.953974011703336 6.4
      vertex 6.659935574892514 3.733039117211538 6.4
    endloop
  endfacet
  facet normal 0 0 1
    outer loop
      vertex 7.052791839582916 3.670816797600561 6.4
      vertex 7.257141311591483 5.861665801443113 6.4
      vertex 6.882632180731942 5.953974011703336 6.4
    endloop
  endfacet
  facet normal 0 0 1
    outer loop
      vertex 7.449999999999999 3.6499999999999995 6.4
      vertex 7.6428586884085155 5.861665801443113 6.4
      vertex 7.257141311591483 5.861665801443113 6.4
    endloop
  endfacet
  facet normal 0 0 1
    outer loop
      vertex 6.659935574892514 3.733039117211538 6.4
      vertex 6.882632180731942 5.953974011703336 6.4
      vertex 6.54109640523015 6.133225814570149 6.4
    endloop
  endfacet
  facet normal 0 0 1
    outer loop
      vertex 6.659935574892514 3.733039117211538 6.4
      vertex 6.54109640523015 6.133225814570149 6.4
      vertex 6.252382802926237 6.389003746814726 6.4
    endloop
  endfacet
  facet normal 0 0 1
    outer loop
      vertex 8.240064425107485 3.733039117211538 6.4
      vertex 8.6242645786248 3.835985238078416 6.4
      vertex 8.017367819268056 5.953974011703336 6.4
    endloop
  endfacet
  facet normal 0 0 1
    outer loop
      vertex 8.240064425107485 3.733039117211538 6.4
      vertex 8.017367819268056 5.953974011703336 6.4
      vertex 7.6428586884085155 5.861665801443113 6.4
    endloop
  endfacet
  facet normal 0 0 1
    outer loop
      vertex 8.6242645786248 3.835985238078416 6.4
      vertex 8.35890359476985 6.1332258145701495 6.4
      vertex 8.017367819268056 5.953974011703336 6.4
    endloop
  endfacet
  facet normal 0 0 1
    outer loop
      vertex 3.835985238078416 6.275735421375199 6.4
      vertex 3.733039117211538 8.240064425107485 6.4
      vertex 3.733039117211538 6.659935574892514 6.4
    endloop
  endfacet
  facet normal 0 0 1
    outer loop
      vertex 3.733039117211538 6.659935574892514 6.4
      vertex 3.670816797600561 7.8472081604170825 6.4
      vertex 3.670816797600561 7.052791839582916 6.4
    endloop
  endfacet
  facet normal 0 0 1
    outer loop
      vertex 3.978527260958116 5.904400756311959 6.4
      vertex 4.159103465619133 5.549999999999999 6.4
      vertex 3.978527260958116 8.99559924368804 6.4
    endloop
  endfacet
  facet normal 0 0 1
    outer loop
      vertex 3.978527260958116 5.904400756311959 6.4
      vertex 3.835985238078416 8.6242645786248 6.4
      vertex 3.835985238078416 6.275735421375199 6.4
    endloop
  endfacet
  facet normal 0 0 1
    outer loop
      vertex 4.159103465619133 5.549999999999999 6.4
      vertex 4.375735421375199 5.216416041288602 6.4
      vertex 4.159103465619133 9.35 6.4
    endloop
  endfacet
  facet normal 0 0 1
    outer loop
      vertex 3.670816797600561 7.052791839582916 6.4
      vertex 3.670816797600561 7.8472081604170825 6.4
      vertex 3.6499999999999995 7.449999999999999 6.4
    endloop
  endfacet
  facet normal 0 0 1
    outer loop
      vertex 3.733039117211538 6.659935574892514 6.4
      vertex 3.733039117211538 8.240064425107485 6.4
      vertex 3.670816797600561 7.8472081604170825 6.4
    endloop
  endfacet
  facet normal 0 0 1
    outer loop
      vertex 3.835985238078416 6.275735421375199 6.4
      vertex 3.835985238078416 8.6242645786248 6.4
      vertex 3.733039117211538 8.240064425107485 6.4
    endloop
  endfacet
  facet normal 0 0 1
    outer loop
      vertex 3.978527260958116 5.904400756311959 6.4
      vertex 3.978527260958116 8.99559924368804 6.4
      vertex 3.835985238078416 8.6242645786248 6.4
    endloop
  endfacet
  facet normal 0 0 1
    outer loop
      vertex 4.159103465619133 5.549999999999999 6.4
      vertex 4.159103465619133 9.35 6.4
      vertex 3.978527260958116 8.99559924368804 6.4
    endloop
  endfacet
  facet normal 0 0 1
    outer loop
      vertex 4.375735421375199 5.216416041288602 6.4
      vertex 4.375735421375199 9.683583958711397 6.4
      vertex 4.159103465619133 9.35 6.4
    endloop
  endfacet
  facet normal 0 0 1
    outer loop
      vertex 4.626049663185901 4.9073036958363385 6.4
      vertex 4.375735421375199 9.683583958711397 6.4
      vertex 4.375735421375199 5.216416041288602 6.4
    endloop
  endfacet
  facet normal 0 0 1
    outer loop
      vertex 4.626049663185901 4.9073036958363385 6.4
      vertex 4.9073036958363385 4.626049663185901 6.4
      vertex 4.626049663185901 9.99269630416366 6.4
    endloop
  endfacet
  facet normal 0 0 1
    outer loop
      vertex 5.216416041288602 4.375735421375199 6.4
      vertex 4.9073036958363385 10.273950336814098 6.4
      vertex 4.9073036958363385 4.626049663185901 6.4
    endloop
  endfacet
  facet normal 0 0 1
    outer loop
      vertex 5.216416041288602 4.375735421375199 6.4
      vertex 5.549999999999999 4.159103465619133 6.4
      vertex 5.216416041288602 10.524264578624798 6.4
    endloop
  endfacet
  facet normal 0 0 1
    outer loop
      vertex 5.904400756311959 3.978527260958116 6.4
      vertex 5.896493092118316 7.067094937139907 6.4
      vertex 5.85 7.449999999999999 6.4
    endloop
  endfacet
  facet normal 0 0 1
    outer loop
      vertex 5.904400756311959 3.978527260958116 6.4
      vertex 5.549999999999999 10.740896534380866 6.4
      vertex 5.549999999999999 4.159103465619133 6.4
    endloop
  endfacet
  facet normal 0 0 1
    outer loop
      vertex 5.904400756311959 3.978527260958116 6.4
      vertex 6.033270358954863 6.70644292472997 6.4
      vertex 5.896493092118316 7.067094937139907 6.4
    endloop
  endfacet
  facet normal 0 0 1
    outer loop
      vertex 5.904400756311959 3.978527260958116 6.4
      vertex 5.85 7.449999999999999 6.4
      vertex 5.549999999999999 10.740896534380866 6.4
    endloop
  endfacet
  facet normal 0 0 1
    outer loop
      vertex 4.626049663185901 4.9073036958363385 6.4
      vertex 4.626049663185901 9.99269630416366 6.4
      vertex 4.375735421375199 9.683583958711397 6.4
    endloop
  endfacet
  facet normal 0 0 1
    outer loop
      vertex 4.9073036958363385 4.626049663185901 6.4
      vertex 4.9073036958363385 10.273950336814098 6.4
      vertex 4.626049663185901 9.99269630416366 6.4
    endloop
  endfacet
  facet normal 0 0 1
    outer loop
      vertex 5.216416041288602 4.375735421375199 6.4
      vertex 5.216416041288602 10.524264578624798 6.4
      vertex 4.9073036958363385 10.273950336814098 6.4
    endloop
  endfacet
  facet normal 0 0 1
    outer loop
      vertex 5.549999999999999 4.159103465619133 6.4
      vertex 5.549999999999999 10.740896534380866 6.4
      vertex 5.216416041288602 10.524264578624798 6.4
    endloop
  endfacet
  facet normal 0 0 1
    outer loop
      vertex 5.549999999999999 10.740896534380866 6.4
      vertex 5.85 7.449999999999999 6.4
      vertex 5.896493092118316 7.832905062860092 6.4
    endloop
  endfacet
  facet normal 0 0 1
    outer loop
      vertex 5.549999999999999 10.740896534380866 6.4
      vertex 5.896493092118316 7.832905062860092 6.4
      vertex 6.033270358954863 8.193557075270029 6.4
    endloop
  endfacet
  facet normal 0 0 1
    outer loop
      vertex 5.904400756311959 10.921472739041882 6.4
      vertex 6.033270358954863 8.193557075270029 6.4
      vertex 6.252382802926237 8.510996253185272 6.4
    endloop
  endfacet
  facet normal 0 0 1
    outer loop
      vertex 5.904400756311959 10.921472739041882 6.4
      vertex 6.252382802926237 8.510996253185272 6.4
      vertex 6.54109640523015 8.766774185429849 6.4
    endloop
  endfacet
  facet normal 0 0 1
    outer loop
      vertex 5.549999999999999 10.740896534380866 6.4
      vertex 6.033270358954863 8.193557075270029 6.4
      vertex 5.904400756311959 10.921472739041882 6.4
    endloop
  endfacet
  facet normal 0 0 1
    outer loop
      vertex 5.904400756311959 10.921472739041882 6.4
      vertex 6.54109640523015 8.766774185429849 6.4
      vertex 6.275735421375199 11.064014761921582 6.4
    endloop
  endfacet
  facet normal 0 0 1
    outer loop
      vertex 6.275735421375199 11.064014761921582 6.4
      vertex 6.54109640523015 8.766774185429849 6.4
      vertex 6.882632180731942 8.946025988296663 6.4
    endloop
  endfacet
  facet normal 0 0 1
    outer loop
      vertex 6.659935574892514 11.16696088278846 6.4
      vertex 6.882632180731942 8.946025988296663 6.4
      vertex 7.257141311591482 9.038334198556885 6.4
    endloop
  endfacet
  facet normal 0 0 1
    outer loop
      vertex 7.449999999999999 11.25 6.4
      vertex 7.257141311591482 9.038334198556885 6.4
      vertex 7.642858688408516 9.038334198556885 6.4
    endloop
  endfacet
  facet normal 0 0 1
    outer loop
      vertex 8.240064425107485 11.16696088278846 6.4
      vertex 8.35890359476985 8.766774185429849 6.4
      vertex 8.64761719707376 8.510996253185272 6.4
    endloop
  endfacet
  facet normal 0 0 1
    outer loop
      vertex 7.8472081604170825 11.229183202399437 6.4
      vertex 7.642858688408516 9.038334198556885 6.4
      vertex 8.017367819268056 8.946025988296663 6.4
    endloop
  endfacet
  facet normal 0 0 1
    outer loop
      vertex 8.240064425107485 11.16696088278846 6.4
      vertex 8.017367819268056 8.946025988296663 6.4
      vertex 8.35890359476985 8.766774185429849 6.4
    endloop
  endfacet
  facet normal 0 0 1
    outer loop
      vertex 8.6242645786248 11.064014761921582 6.4
      vertex 8.240064425107485 11.16696088278846 6.4
      vertex 8.64761719707376 8.510996253185272 6.4
    endloop
  endfacet
  facet normal 0 0 1
    outer loop
      vertex 6.275735421375199 11.064014761921582 6.4
      vertex 6.882632180731942 8.946025988296663 6.4
      vertex 6.659935574892514 11.16696088278846 6.4
    endloop
  endfacet
  facet normal 0 0 1
    outer loop
      vertex 6.659935574892514 11.16696088278846 6.4
      vertex 7.257141311591482 9.038334198556885 6.4
      vertex 7.052791839582916 11.229183202399437 6.4
    endloop
  endfacet
  facet normal 0 0 1
    outer loop
      vertex 7.052791839582916 11.229183202399437 6.4
      vertex 7.257141311591482 9.038334198556885 6.4
      vertex 7.449999999999999 11.25 6.4
    endloop
  endfacet
  facet normal 0 0 1
    outer loop
      vertex 7.449999999999999 11.25 6.4
      vertex 7.642858688408516 9.038334198556885 6.4
      vertex 7.8472081604170825 11.229183202399437 6.4
    endloop
  endfacet
  facet normal 0 0 1
    outer loop
      vertex 7.8472081604170825 11.229183202399437 6.4
      vertex 8.017367819268056 8.946025988296663 6.4
      vertex 8.240064425107485 11.16696088278846 6.4
    endloop
  endfacet
  facet normal 0 0 1
    outer loop
      vertex 8.6242645786248 3.835985238078416 6.4
      vertex 8.99559924368804 3.978527260958116 6.4
      vertex 8.35890359476985 6.1332258145701495 6.4
    endloop
  endfacet
  facet normal 0 0 1
    outer loop
      vertex 8.99559924368804 3.978527260958116 6.4
      vertex 9.35 4.159103465619133 6.4
      vertex 8.866729641045136 6.70644292472997 6.4
    endloop
  endfacet
  facet normal 0 0 1
    outer loop
      vertex 8.99559924368804 3.978527260958116 6.4
      vertex 8.64761719707376 6.389003746814726 6.4
      vertex 8.35890359476985 6.1332258145701495 6.4
    endloop
  endfacet
  facet normal 0 0 1
    outer loop
      vertex 8.99559924368804 3.978527260958116 6.4
      vertex 8.866729641045136 6.70644292472997 6.4
      vertex 8.64761719707376 6.389003746814726 6.4
    endloop
  endfacet
  facet normal 0 0 1
    outer loop
      vertex 9.35 4.159103465619133 6.4
      vertex 9.003506907881683 7.067094937139906 6.4
      vertex 8.866729641045136 6.70644292472997 6.4
    endloop
  endfacet
  facet normal 0 0 1
    outer loop
      vertex 9.35 4.159103465619133 6.4
      vertex 9.049999999999999 7.449999999999999 6.4
      vertex 9.003506907881683 7.067094937139906 6.4
    endloop
  endfacet
  facet normal 0 0 1
    outer loop
      vertex 9.35 4.159103465619133 6.4
      vertex 9.683583958711397 4.375735421375199 6.4
      vertex 9.35 10.740896534380866 6.4
    endloop
  endfacet
  facet normal 0 0 1
    outer loop
      vertex 9.683583958711397 4.375735421375199 6.4
      vertex 9.99269630416366 4.626049663185901 6.4
      vertex 9.683583958711397 10.524264578624798 6.4
    endloop
  endfacet
  facet normal 0 0 1
    outer loop
      vertex 9.99269630416366 4.626049663185901 6.4
      vertex 10.273950336814098 4.9073036958363385 6.4
      vertex 9.99269630416366 10.273950336814098 6.4
    endloop
  endfacet
  facet normal 0 0 1
    outer loop
      vertex 10.273950336814098 4.9073036958363385 6.4
      vertex 10.524264578624798 5.216416041288602 6.4
      vertex 10.273950336814098 9.99269630416366 6.4
    endloop
  endfacet
  facet normal 0 0 1
    outer loop
      vertex 10.524264578624798 5.216416041288602 6.4
      vertex 10.740896534380866 5.549999999999999 6.4
      vertex 10.524264578624798 9.683583958711397 6.4
    endloop
  endfacet
  facet normal 0 0 1
    outer loop
      vertex 10.740896534380866 5.549999999999999 6.4
      vertex 10.921472739041882 5.904400756311959 6.4
      vertex 10.740896534380866 9.35 6.4
    endloop
  endfacet
  facet normal 0 0 1
    outer loop
      vertex 9.35 4.159103465619133 6.4
      vertex 8.99559924368804 10.921472739041882 6.4
      vertex 9.049999999999999 7.449999999999999 6.4
    endloop
  endfacet
  facet normal 0 0 1
    outer loop
      vertex 8.99559924368804 10.921472739041882 6.4
      vertex 9.003506907881683 7.832905062860092 6.4
      vertex 9.049999999999999 7.449999999999999 6.4
    endloop
  endfacet
  facet normal 0 0 1
    outer loop
      vertex 9.35 4.159103465619133 6.4
      vertex 9.35 10.740896534380866 6.4
      vertex 8.99559924368804 10.921472739041882 6.4
    endloop
  endfacet
  facet normal 0 0 1
    outer loop
      vertex 9.683583958711397 4.375735421375199 6.4
      vertex 9.683583958711397 10.524264578624798 6.4
      vertex 9.35 10.740896534380866 6.4
    endloop
  endfacet
  facet normal 0 0 1
    outer loop
      vertex 9.99269630416366 4.626049663185901 6.4
      vertex 9.99269630416366 10.273950336814098 6.4
      vertex 9.683583958711397 10.524264578624798 6.4
    endloop
  endfacet
  facet normal 0 0 1
    outer loop
      vertex 10.273950336814098 4.9073036958363385 6.4
      vertex 10.273950336814098 9.99269630416366 6.4
      vertex 9.99269630416366 10.273950336814098 6.4
    endloop
  endfacet
  facet normal 0 0 1
    outer loop
      vertex 10.524264578624798 5.216416041288602 6.4
      vertex 10.524264578624798 9.683583958711397 6.4
      vertex 10.273950336814098 9.99269630416366 6.4
    endloop
  endfacet
  facet normal 0 0 1
    outer loop
      vertex 10.740896534380866 5.549999999999999 6.4
      vertex 10.740896534380866 9.35 6.4
      vertex 10.524264578624798 9.683583958711397 6.4
    endloop
  endfacet
  facet normal 0 0 1
    outer loop
      vertex 10.921472739041882 5.904400756311959 6.4
      vertex 11.064014761921582 6.275735421375199 6.4
      vertex 10.921472739041882 8.99559924368804 6.4
    endloop
  endfacet
  facet normal 0 0 1
    outer loop
      vertex 11.064014761921582 6.275735421375199 6.4
      vertex 11.16696088278846 6.659935574892514 6.4
      vertex 11.064014761921582 8.6242645786248 6.4
    endloop
  endfacet
  facet normal 0 0 1
    outer loop
      vertex 11.16696088278846 6.659935574892514 6.4
      vertex 11.229183202399437 7.052791839582916 6.4
      vertex 11.16696088278846 8.240064425107485 6.4
    endloop
  endfacet
  facet normal 0 0 1
    outer loop
      vertex 11.229183202399437 7.052791839582916 6.4
      vertex 11.25 7.449999999999999 6.4
      vertex 11.229183202399437 7.8472081604170825 6.4
    endloop
  endfacet
  facet normal 0 0 1
    outer loop
      vertex 11.229183202399437 7.052791839582916 6.4
      vertex 11.229183202399437 7.8472081604170825 6.4
      vertex 11.16696088278846 8.240064425107485 6.4
    endloop
  endfacet
  facet normal 0 0 1
    outer loop
      vertex 10.921472739041882 5.904400756311959 6.4
      vertex 10.921472739041882 8.99559924368804 6.4
      vertex 10.740896534380866 9.35 6.4
    endloop
  endfacet
  facet normal 0 0 1
    outer loop
      vertex 11.064014761921582 6.275735421375199 6.4
      vertex 11.064014761921582 8.6242645786248 6.4
      vertex 10.921472739041882 8.99559924368804 6.4
    endloop
  endfacet
  facet normal 0 0 1
    outer loop
      vertex 11.16696088278846 6.659935574892514 6.4
      vertex 11.16696088278846 8.240064425107485 6.4
      vertex 11.064014761921582 8.6242645786248 6.4
    endloop
  endfacet
  facet normal 0 0 1
    outer loop
      vertex 8.99559924368804 10.921472739041882 6.4
      vertex 8.866729641045135 8.193557075270029 6.4
      vertex 9.003506907881683 7.832905062860092 6.4
    endloop
  endfacet
  facet normal 0 0 1
    outer loop
      vertex 8.6242645786248 11.064014761921582 6.4
      vertex 8.64761719707376 8.510996253185272 6.4
      vertex 8.866729641045135 8.193557075270029 6.4
    endloop
  endfacet
  facet normal 0 0 1
    outer loop
      vertex 8.6242645786248 11.064014761921582 6.4
      vertex 8.866729641045135 8.193557075270029 6.4
      vertex 8.99559924368804 10.921472739041882 6.4
    endloop
  endfacet
  facet normal -0.8386705679454155 -0.5446390350150401 1.8996594137647678e-18
    outer loop
      vertex 4.159103465619133 85.24999999999999 2.4
      vertex 4.375735421375199 84.9164160412886 2.4
      vertex 4.375735421375199 84.9164160412886 6.4
    endloop
  endfacet
  facet normal -0.9335804264972031 -0.35836794954529677 0
    outer loop
      vertex 3.978527260958116 85.60440075631195 2.4
      vertex 3.978527260958116 85.60440075631195 6.4
      vertex 3.835985238078416 85.97573542137519 2.4
    endloop
  endfacet
  facet normal -0.8910065241883687 -0.45399049973954503 0
    outer loop
      vertex 4.159103465619133 85.24999999999999 2.4
      vertex 4.159103465619133 85.24999999999999 6.4
      vertex 3.978527260958116 85.60440075631195 2.4
    endloop
  endfacet
  facet normal -0.9659258262890678 -0.25881904510252257 2.1106247392174674e-18
    outer loop
      vertex 3.733039117211538 86.3599355748925 2.4
      vertex 3.835985238078416 85.97573542137519 2.4
      vertex 3.835985238078416 85.97573542137519 6.4
    endloop
  endfacet
  facet normal -0.9876883405951381 -0.1564344650402279 0
    outer loop
      vertex 3.733039117211538 86.3599355748925 2.4
      vertex 3.733039117211538 86.3599355748925 6.4
      vertex 3.670816797600561 86.75279183958291 2.4
    endloop
  endfacet
  facet normal -0.9986295347545738 -0.05233595624294486 0
    outer loop
      vertex 3.670816797600561 86.75279183958291 2.4
      vertex 3.670816797600561 86.75279183958291 6.4
      vertex 3.6499999999999995 87.14999999999999 2.4
    endloop
  endfacet
  facet normal -0.9986295347545738 0.05233595624294486 0
    outer loop
      vertex 3.6499999999999995 87.14999999999999 2.4
      vertex 3.6499999999999995 87.14999999999999 6.4
      vertex 3.670816797600561 87.54720816041707 2.4
    endloop
  endfacet
  facet normal -0.9876883405951381 0.1564344650402279 0
    outer loop
      vertex 3.670816797600561 87.54720816041707 2.4
      vertex 3.670816797600561 87.54720816041707 6.4
      vertex 3.733039117211538 87.94006442510748 2.4
    endloop
  endfacet
  facet normal -0.9659258262890678 0.25881904510252257 0
    outer loop
      vertex 3.733039117211538 87.94006442510748 2.4
      vertex 3.733039117211538 87.94006442510748 6.4
      vertex 3.835985238078416 88.32426457862479 2.4
    endloop
  endfacet
  facet normal -0.9335804264972031 0.35836794954529677 0
    outer loop
      vertex 3.835985238078416 88.32426457862479 2.4
      vertex 3.835985238078416 88.32426457862479 6.4
      vertex 3.978527260958116 88.69559924368804 2.4
    endloop
  endfacet
  facet normal -0.6293203910498545 -0.777145961456957 0
    outer loop
      vertex 5.216416041288602 84.07573542137519 2.4
      vertex 5.216416041288602 84.07573542137519 6.4
      vertex 4.9073036958363385 84.3260496631859 2.4
    endloop
  endfacet
  facet normal -0.4539904997395584 -0.8910065241883619 -1.7915553794247545e-18
    outer loop
      vertex 5.549999999999999 83.85910346561913 2.4
      vertex 5.904400756311959 83.6785272609581 2.4
      vertex 5.904400756311959 83.6785272609581 6.4
    endloop
  endfacet
  facet normal -0.5446390350150107 -0.8386705679454347 -2.7253748973811867e-18
    outer loop
      vertex 5.216416041288602 84.07573542137519 2.4
      vertex 5.549999999999999 83.85910346561913 2.4
      vertex 5.549999999999999 83.85910346561913 6.4
    endloop
  endfacet
  facet normal -0.35836794954528983 -0.9335804264972059 -1.9682963517468062e-18
    outer loop
      vertex 5.904400756311959 83.6785272609581 2.4
      vertex 6.275735421375199 83.53598523807841 2.4
      vertex 6.275735421375199 83.53598523807841 6.4
    endloop
  endfacet
  facet normal -0.7071067811865475 -0.7071067811865475 -1.52581823575227e-19
    outer loop
      vertex 4.626049663185901 84.60730369583634 2.4
      vertex 4.9073036958363385 84.3260496631859 2.4
      vertex 4.9073036958363385 84.3260496631859 6.4
    endloop
  endfacet
  facet normal -0.7771459614569712 -0.629320391049837 0
    outer loop
      vertex 4.626049663185901 84.60730369583634 2.4
      vertex 4.626049663185901 84.60730369583634 6.4
      vertex 4.375735421375199 84.9164160412886 2.4
    endloop
  endfacet
  facet normal -0.25881904510251363 -0.9659258262890702 3.240524522850091e-19
    outer loop
      vertex 6.275735421375199 83.53598523807841 2.4
      vertex 6.659935574892514 83.43303911721154 2.4
      vertex 6.659935574892514 83.43303911721154 6.4
    endloop
  endfacet
  facet normal -0.15643446504024125 -0.9876883405951361 -4.200610461648157e-19
    outer loop
      vertex 6.659935574892514 83.43303911721154 2.4
      vertex 7.052791839582916 83.37081679760055 2.4
      vertex 7.052791839582916 83.37081679760055 6.4
    endloop
  endfacet
  facet normal -0.05233595624293994 -0.9986295347545742 -4.345632757992132e-19
    outer loop
      vertex 7.052791839582916 83.37081679760055 2.4
      vertex 7.449999999999999 83.35 2.4
      vertex 7.449999999999999 83.35 6.4
    endloop
  endfacet
  facet normal 0.05233595624293994 -0.9986295347545742 4.345632757992132e-19
    outer loop
      vertex 7.449999999999999 83.35 2.4
      vertex 7.8472081604170825 83.37081679760055 2.4
      vertex 7.8472081604170825 83.37081679760055 6.4
    endloop
  endfacet
  facet normal 0.1564344650402409 -0.9876883405951361 2.650467764621432e-19
    outer loop
      vertex 7.8472081604170825 83.37081679760055 2.4
      vertex 8.240064425107485 83.43303911721154 2.4
      vertex 8.240064425107485 83.43303911721154 6.4
    endloop
  endfacet
  facet normal 0.2588190451025142 -0.96592582628907 -1.0964547777861993e-18
    outer loop
      vertex 8.240064425107485 83.43303911721154 2.4
      vertex 8.6242645786248 83.53598523807841 2.4
      vertex 8.6242645786248 83.53598523807841 6.4
    endloop
  endfacet
  facet normal -0.8910065241883687 0.45399049973954503 0
    outer loop
      vertex 3.978527260958116 88.69559924368804 2.4
      vertex 3.978527260958116 88.69559924368804 6.4
      vertex 4.159103465619133 89.05 2.4
    endloop
  endfacet
  facet normal -0.8386705679454155 0.5446390350150401 0
    outer loop
      vertex 4.159103465619133 89.05 2.4
      vertex 4.159103465619133 89.05 6.4
      vertex 4.375735421375199 89.38358395871138 2.4
    endloop
  endfacet
  facet normal -0.7771459614569712 0.629320391049837 0
    outer loop
      vertex 4.375735421375199 89.38358395871138 2.4
      vertex 4.375735421375199 89.38358395871138 6.4
      vertex 4.626049663185901 89.69269630416365 2.4
    endloop
  endfacet
  facet normal -0.7071067811865475 0.7071067811865475 0
    outer loop
      vertex 4.626049663185901 89.69269630416365 2.4
      vertex 4.626049663185901 89.69269630416365 6.4
      vertex 4.9073036958363385 89.97395033681408 2.4
    endloop
  endfacet
  facet normal -0.6293203910498545 0.777145961456957 0
    outer loop
      vertex 4.9073036958363385 89.97395033681408 2.4
      vertex 4.9073036958363385 89.97395033681408 6.4
      vertex 5.216416041288602 90.2242645786248 2.4
    endloop
  endfacet
  facet normal -0.5446390350150107 0.8386705679454347 0
    outer loop
      vertex 5.216416041288602 90.2242645786248 2.4
      vertex 5.216416041288602 90.2242645786248 6.4
      vertex 5.549999999999999 90.44089653438085 2.4
    endloop
  endfacet
  facet normal -0.4539904997395584 0.8910065241883619 0
    outer loop
      vertex 5.549999999999999 90.44089653438085 2.4
      vertex 5.549999999999999 90.44089653438085 6.4
      vertex 5.904400756311959 90.62147273904188 2.4
    endloop
  endfacet
  facet normal -0.35836794954528983 0.9335804264972059 0
    outer loop
      vertex 5.904400756311959 90.62147273904188 2.4
      vertex 5.904400756311959 90.62147273904188 6.4
      vertex 6.275735421375199 90.76401476192157 2.4
    endloop
  endfacet
  facet normal -0.25881904510251363 0.9659258262890702 0
    outer loop
      vertex 6.275735421375199 90.76401476192157 2.4
      vertex 6.275735421375199 90.76401476192157 6.4
      vertex 6.659935574892514 90.86696088278845 2.4
    endloop
  endfacet
  facet normal -0.15643446504024125 0.9876883405951361 0
    outer loop
      vertex 6.659935574892514 90.86696088278845 2.4
      vertex 6.659935574892514 90.86696088278845 6.4
      vertex 7.052791839582916 90.92918320239943 2.4
    endloop
  endfacet
  facet normal -0.05233595624293994 0.9986295347545742 0
    outer loop
      vertex 7.052791839582916 90.92918320239943 2.4
      vertex 7.052791839582916 90.92918320239943 6.4
      vertex 7.449999999999999 90.94999999999999 2.4
    endloop
  endfacet
  facet normal 0.2588190451025142 0.96592582628907 0
    outer loop
      vertex 8.240064425107485 90.86696088278845 2.4
      vertex 8.240064425107485 90.86696088278845 6.4
      vertex 8.6242645786248 90.76401476192157 2.4
    endloop
  endfacet
  facet normal 0.05233595624293994 0.9986295347545742 0
    outer loop
      vertex 7.449999999999999 90.94999999999999 2.4
      vertex 7.449999999999999 90.94999999999999 6.4
      vertex 7.8472081604170825 90.92918320239943 2.4
    endloop
  endfacet
  facet normal 0.1564344650402409 0.9876883405951361 -2.650467764621432e-19
    outer loop
      vertex 8.240064425107485 90.86696088278845 2.4
      vertex 7.8472081604170825 90.92918320239943 2.4
      vertex 7.8472081604170825 90.92918320239943 6.4
    endloop
  endfacet
  facet normal 0.35836794954528906 -0.9335804264972062 -1.3228366072027794e-18
    outer loop
      vertex 8.6242645786248 83.53598523807841 2.4
      vertex 8.99559924368804 83.6785272609581 2.4
      vertex 8.99559924368804 83.6785272609581 6.4
    endloop
  endfacet
  facet normal 0.45399049973955935 -0.8910065241883616 -3.0658668203541292e-18
    outer loop
      vertex 8.99559924368804 83.6785272609581 2.4
      vertex 9.35 83.85910346561913 2.4
      vertex 9.35 83.85910346561913 6.4
    endloop
  endfacet
  facet normal 0.5446390350150107 -0.8386705679454347 2.7253748973811867e-18
    outer loop
      vertex 9.35 83.85910346561913 2.4
      vertex 9.683583958711397 84.07573542137519 2.4
      vertex 9.683583958711397 84.07573542137519 6.4
    endloop
  endfacet
  facet normal 0.6293203910498545 -0.777145961456957 -4.357898956846042e-18
    outer loop
      vertex 9.683583958711397 84.07573542137519 2.4
      vertex 9.99269630416366 84.3260496631859 2.4
      vertex 9.99269630416366 84.3260496631859 6.4
    endloop
  endfacet
  facet normal 0.7071067811865475 -0.7071067811865475 1.52581823575227e-19
    outer loop
      vertex 9.99269630416366 84.3260496631859 2.4
      vertex 10.273950336814098 84.60730369583634 2.4
      vertex 10.273950336814098 84.60730369583634 6.4
    endloop
  endfacet
  facet normal 0.7771459614569723 -0.6293203910498356 -4.049655194645139e-18
    outer loop
      vertex 10.273950336814098 84.60730369583634 2.4
      vertex 10.524264578624798 84.9164160412886 2.4
      vertex 10.524264578624798 84.9164160412886 6.4
    endloop
  endfacet
  facet normal 0.8386705679454145 -0.5446390350150416 1.1477884127584113e-18
    outer loop
      vertex 10.524264578624798 84.9164160412886 2.4
      vertex 10.740896534380866 85.24999999999999 2.4
      vertex 10.740896534380866 85.24999999999999 6.4
    endloop
  endfacet
  facet normal 0.8910065241883697 -0.4539904997395433 2.6960017309773026e-18
    outer loop
      vertex 10.740896534380866 85.24999999999999 2.4
      vertex 10.921472739041882 85.60440075631195 2.4
      vertex 10.921472739041882 85.60440075631195 6.4
    endloop
  endfacet
  facet normal 0.9335804264972027 -0.3583679495452977 -5.965114209224874e-19
    outer loop
      vertex 10.921472739041882 85.60440075631195 2.4
      vertex 11.064014761921582 85.97573542137519 2.4
      vertex 11.064014761921582 85.97573542137519 6.4
    endloop
  endfacet
  facet normal 0.9659258262890674 -0.2588190451025236 4.573547347371123e-19
    outer loop
      vertex 11.064014761921582 85.97573542137519 2.4
      vertex 11.16696088278846 86.3599355748925 2.4
      vertex 11.16696088278846 86.3599355748925 6.4
    endloop
  endfacet
  facet normal 0.9876883405951385 -0.15643446504022573 5.839898215523737e-19
    outer loop
      vertex 11.16696088278846 86.3599355748925 2.4
      vertex 11.229183202399437 86.75279183958291 2.4
      vertex 11.229183202399437 86.75279183958291 6.4
    endloop
  endfacet
  facet normal 0.9986295347545735 -0.052335956242949316 2.7048120603901904e-19
    outer loop
      vertex 11.229183202399437 86.75279183958291 2.4
      vertex 11.25 87.14999999999999 2.4
      vertex 11.25 87.14999999999999 6.4
    endloop
  endfacet
  facet normal 0.9986295347545735 0.052335956242949316 -2.7048120603901904e-19
    outer loop
      vertex 11.25 87.14999999999999 2.4
      vertex 11.229183202399437 87.54720816041707 2.4
      vertex 11.229183202399437 87.54720816041707 6.4
    endloop
  endfacet
  facet normal 0.9876883405951385 0.15643446504022573 -5.839898215523737e-19
    outer loop
      vertex 11.229183202399437 87.54720816041707 2.4
      vertex 11.16696088278846 87.94006442510748 2.4
      vertex 11.16696088278846 87.94006442510748 6.4
    endloop
  endfacet
  facet normal 0.9659258262890674 0.2588190451025236 -4.573547347371123e-19
    outer loop
      vertex 11.16696088278846 87.94006442510748 2.4
      vertex 11.064014761921582 88.32426457862479 2.4
      vertex 11.064014761921582 88.32426457862479 6.4
    endloop
  endfacet
  facet normal 0.9335804264972027 0.3583679495452977 5.965114209224874e-19
    outer loop
      vertex 11.064014761921582 88.32426457862479 2.4
      vertex 10.921472739041882 88.69559924368804 2.4
      vertex 10.921472739041882 88.69559924368804 6.4
    endloop
  endfacet
  facet normal 0.8910065241883697 0.4539904997395433 0
    outer loop
      vertex 10.740896534380866 89.05 2.4
      vertex 10.740896534380866 89.05 6.4
      vertex 10.921472739041882 88.69559924368804 2.4
    endloop
  endfacet
  facet normal 0.8386705679454145 0.5446390350150416 -1.1477884127584113e-18
    outer loop
      vertex 10.740896534380866 89.05 2.4
      vertex 10.524264578624798 89.38358395871138 2.4
      vertex 10.524264578624798 89.38358395871138 6.4
    endloop
  endfacet
  facet normal 0.6293203910498545 0.777145961456957 4.357898956846042e-18
    outer loop
      vertex 9.99269630416366 89.97395033681408 2.4
      vertex 9.683583958711397 90.2242645786248 2.4
      vertex 9.683583958711397 90.2242645786248 6.4
    endloop
  endfacet
  facet normal 0.7071067811865475 0.7071067811865475 0
    outer loop
      vertex 9.99269630416366 89.97395033681408 2.4
      vertex 9.99269630416366 89.97395033681408 6.4
      vertex 10.273950336814098 89.69269630416365 2.4
    endloop
  endfacet
  facet normal 0.7771459614569723 0.6293203910498356 4.049655194645139e-18
    outer loop
      vertex 10.524264578624798 89.38358395871138 2.4
      vertex 10.273950336814098 89.69269630416365 2.4
      vertex 10.273950336814098 89.69269630416365 6.4
    endloop
  endfacet
  facet normal 0.35836794954528906 0.9335804264972062 0
    outer loop
      vertex 8.6242645786248 90.76401476192157 2.4
      vertex 8.6242645786248 90.76401476192157 6.4
      vertex 8.99559924368804 90.62147273904188 2.4
    endloop
  endfacet
  facet normal 0.45399049973955935 0.8910065241883616 0
    outer loop
      vertex 8.99559924368804 90.62147273904188 2.4
      vertex 8.99559924368804 90.62147273904188 6.4
      vertex 9.35 90.44089653438085 2.4
    endloop
  endfacet
  facet normal 0.5446390350150107 0.8386705679454347 0
    outer loop
      vertex 9.35 90.44089653438085 2.4
      vertex 9.35 90.44089653438085 6.4
      vertex 9.683583958711397 90.2242645786248 2.4
    endloop
  endfacet
  facet normal -0.8386705679454155 -0.5446390350150401 0
    outer loop
      vertex 4.159103465619133 85.24999999999999 2.4
      vertex 4.375735421375199 84.9164160412886 6.4
      vertex 4.159103465619133 85.24999999999999 6.4
    endloop
  endfacet
  facet normal -0.8910065241883687 -0.45399049973954503 0
    outer loop
      vertex 3.978527260958116 85.60440075631195 2.4
      vertex 4.159103465619133 85.24999999999999 6.4
      vertex 3.978527260958116 85.60440075631195 6.4
    endloop
  endfacet
  facet normal -0.9659258262890678 -0.25881904510252257 0
    outer loop
      vertex 3.733039117211538 86.3599355748925 2.4
      vertex 3.835985238078416 85.97573542137519 6.4
      vertex 3.733039117211538 86.3599355748925 6.4
    endloop
  endfacet
  facet normal -0.9335804264972031 -0.35836794954529677 0
    outer loop
      vertex 3.835985238078416 85.97573542137519 2.4
      vertex 3.978527260958116 85.60440075631195 6.4
      vertex 3.835985238078416 85.97573542137519 6.4
    endloop
  endfacet
  facet normal -0.9876883405951381 -0.1564344650402279 0
    outer loop
      vertex 3.670816797600561 86.75279183958291 2.4
      vertex 3.733039117211538 86.3599355748925 6.4
      vertex 3.670816797600561 86.75279183958291 6.4
    endloop
  endfacet
  facet normal -0.9986295347545738 -0.05233595624294486 0
    outer loop
      vertex 3.6499999999999995 87.14999999999999 2.4
      vertex 3.670816797600561 86.75279183958291 6.4
      vertex 3.6499999999999995 87.14999999999999 6.4
    endloop
  endfacet
  facet normal -0.9986295347545738 0.05233595624294486 0
    outer loop
      vertex 3.670816797600561 87.54720816041707 2.4
      vertex 3.6499999999999995 87.14999999999999 6.4
      vertex 3.670816797600561 87.54720816041707 6.4
    endloop
  endfacet
  facet normal -0.9876883405951381 0.1564344650402279 0
    outer loop
      vertex 3.733039117211538 87.94006442510748 2.4
      vertex 3.670816797600561 87.54720816041707 6.4
      vertex 3.733039117211538 87.94006442510748 6.4
    endloop
  endfacet
  facet normal -0.9659258262890678 0.25881904510252257 0
    outer loop
      vertex 3.835985238078416 88.32426457862479 2.4
      vertex 3.733039117211538 87.94006442510748 6.4
      vertex 3.835985238078416 88.32426457862479 6.4
    endloop
  endfacet
  facet normal -0.9335804264972031 0.35836794954529677 0
    outer loop
      vertex 3.978527260958116 88.69559924368804 2.4
      vertex 3.835985238078416 88.32426457862479 6.4
      vertex 3.978527260958116 88.69559924368804 6.4
    endloop
  endfacet
  facet normal -0.6293203910498545 -0.777145961456957 0
    outer loop
      vertex 4.9073036958363385 84.3260496631859 2.4
      vertex 5.216416041288602 84.07573542137519 6.4
      vertex 4.9073036958363385 84.3260496631859 6.4
    endloop
  endfacet
  facet normal -0.5446390350150107 -0.8386705679454347 0
    outer loop
      vertex 5.216416041288602 84.07573542137519 2.4
      vertex 5.549999999999999 83.85910346561913 6.4
      vertex 5.216416041288602 84.07573542137519 6.4
    endloop
  endfacet
  facet normal -0.25881904510251363 -0.9659258262890702 0
    outer loop
      vertex 6.275735421375199 83.53598523807841 2.4
      vertex 6.659935574892514 83.43303911721154 6.4
      vertex 6.275735421375199 83.53598523807841 6.4
    endloop
  endfacet
  facet normal -0.4539904997395584 -0.8910065241883619 0
    outer loop
      vertex 5.549999999999999 83.85910346561913 2.4
      vertex 5.904400756311959 83.6785272609581 6.4
      vertex 5.549999999999999 83.85910346561913 6.4
    endloop
  endfacet
  facet normal -0.35836794954528983 -0.9335804264972059 0
    outer loop
      vertex 5.904400756311959 83.6785272609581 2.4
      vertex 6.275735421375199 83.53598523807841 6.4
      vertex 5.904400756311959 83.6785272609581 6.4
    endloop
  endfacet
  facet normal -0.7071067811865475 -0.7071067811865475 0
    outer loop
      vertex 4.626049663185901 84.60730369583634 2.4
      vertex 4.9073036958363385 84.3260496631859 6.4
      vertex 4.626049663185901 84.60730369583634 6.4
    endloop
  endfacet
  facet normal -0.7771459614569712 -0.629320391049837 0
    outer loop
      vertex 4.375735421375199 84.9164160412886 2.4
      vertex 4.626049663185901 84.60730369583634 6.4
      vertex 4.375735421375199 84.9164160412886 6.4
    endloop
  endfacet
  facet normal -0.15643446504024125 -0.9876883405951361 0
    outer loop
      vertex 6.659935574892514 83.43303911721154 2.4
      vertex 7.052791839582916 83.37081679760055 6.4
      vertex 6.659935574892514 83.43303911721154 6.4
    endloop
  endfacet
  facet normal -0.05233595624293994 -0.9986295347545742 0
    outer loop
      vertex 7.052791839582916 83.37081679760055 2.4
      vertex 7.449999999999999 83.35 6.4
      vertex 7.052791839582916 83.37081679760055 6.4
    endloop
  endfacet
  facet normal 0.05233595624293994 -0.9986295347545742 0
    outer loop
      vertex 7.449999999999999 83.35 2.4
      vertex 7.8472081604170825 83.37081679760055 6.4
      vertex 7.449999999999999 83.35 6.4
    endloop
  endfacet
  facet normal 0.1564344650402409 -0.9876883405951361 0
    outer loop
      vertex 7.8472081604170825 83.37081679760055 2.4
      vertex 8.240064425107485 83.43303911721154 6.4
      vertex 7.8472081604170825 83.37081679760055 6.4
    endloop
  endfacet
  facet normal 0.2588190451025142 -0.96592582628907 0
    outer loop
      vertex 8.240064425107485 83.43303911721154 2.4
      vertex 8.6242645786248 83.53598523807841 6.4
      vertex 8.240064425107485 83.43303911721154 6.4
    endloop
  endfacet
  facet normal -0.8910065241883687 0.45399049973954503 0
    outer loop
      vertex 4.159103465619133 89.05 2.4
      vertex 3.978527260958116 88.69559924368804 6.4
      vertex 4.159103465619133 89.05 6.4
    endloop
  endfacet
  facet normal -0.8386705679454155 0.5446390350150401 0
    outer loop
      vertex 4.375735421375199 89.38358395871138 2.4
      vertex 4.159103465619133 89.05 6.4
      vertex 4.375735421375199 89.38358395871138 6.4
    endloop
  endfacet
  facet normal -0.7771459614569712 0.629320391049837 0
    outer loop
      vertex 4.626049663185901 89.69269630416365 2.4
      vertex 4.375735421375199 89.38358395871138 6.4
      vertex 4.626049663185901 89.69269630416365 6.4
    endloop
  endfacet
  facet normal -0.7071067811865475 0.7071067811865475 0
    outer loop
      vertex 4.9073036958363385 89.97395033681408 2.4
      vertex 4.626049663185901 89.69269630416365 6.4
      vertex 4.9073036958363385 89.97395033681408 6.4
    endloop
  endfacet
  facet normal -0.6293203910498545 0.777145961456957 0
    outer loop
      vertex 5.216416041288602 90.2242645786248 2.4
      vertex 4.9073036958363385 89.97395033681408 6.4
      vertex 5.216416041288602 90.2242645786248 6.4
    endloop
  endfacet
  facet normal -0.5446390350150107 0.8386705679454347 0
    outer loop
      vertex 5.549999999999999 90.44089653438085 2.4
      vertex 5.216416041288602 90.2242645786248 6.4
      vertex 5.549999999999999 90.44089653438085 6.4
    endloop
  endfacet
  facet normal -0.4539904997395584 0.8910065241883619 0
    outer loop
      vertex 5.904400756311959 90.62147273904188 2.4
      vertex 5.549999999999999 90.44089653438085 6.4
      vertex 5.904400756311959 90.62147273904188 6.4
    endloop
  endfacet
  facet normal -0.35836794954528983 0.9335804264972059 0
    outer loop
      vertex 6.275735421375199 90.76401476192157 2.4
      vertex 5.904400756311959 90.62147273904188 6.4
      vertex 6.275735421375199 90.76401476192157 6.4
    endloop
  endfacet
  facet normal -0.25881904510251363 0.9659258262890702 0
    outer loop
      vertex 6.659935574892514 90.86696088278845 2.4
      vertex 6.275735421375199 90.76401476192157 6.4
      vertex 6.659935574892514 90.86696088278845 6.4
    endloop
  endfacet
  facet normal -0.15643446504024125 0.9876883405951361 0
    outer loop
      vertex 7.052791839582916 90.92918320239943 2.4
      vertex 6.659935574892514 90.86696088278845 6.4
      vertex 7.052791839582916 90.92918320239943 6.4
    endloop
  endfacet
  facet normal -0.05233595624293994 0.9986295347545742 0
    outer loop
      vertex 7.449999999999999 90.94999999999999 2.4
      vertex 7.052791839582916 90.92918320239943 6.4
      vertex 7.449999999999999 90.94999999999999 6.4
    endloop
  endfacet
  facet normal 0.1564344650402409 0.9876883405951361 0
    outer loop
      vertex 8.240064425107485 90.86696088278845 2.4
      vertex 7.8472081604170825 90.92918320239943 6.4
      vertex 8.240064425107485 90.86696088278845 6.4
    endloop
  endfacet
  facet normal 0.2588190451025142 0.96592582628907 0
    outer loop
      vertex 8.6242645786248 90.76401476192157 2.4
      vertex 8.240064425107485 90.86696088278845 6.4
      vertex 8.6242645786248 90.76401476192157 6.4
    endloop
  endfacet
  facet normal 0.05233595624293994 0.9986295347545742 0
    outer loop
      vertex 7.8472081604170825 90.92918320239943 2.4
      vertex 7.449999999999999 90.94999999999999 6.4
      vertex 7.8472081604170825 90.92918320239943 6.4
    endloop
  endfacet
  facet normal 0.35836794954528906 -0.9335804264972062 0
    outer loop
      vertex 8.6242645786248 83.53598523807841 2.4
      vertex 8.99559924368804 83.6785272609581 6.4
      vertex 8.6242645786248 83.53598523807841 6.4
    endloop
  endfacet
  facet normal 0.45399049973955935 -0.8910065241883616 0
    outer loop
      vertex 8.99559924368804 83.6785272609581 2.4
      vertex 9.35 83.85910346561913 6.4
      vertex 8.99559924368804 83.6785272609581 6.4
    endloop
  endfacet
  facet normal 0.5446390350150107 -0.8386705679454347 0
    outer loop
      vertex 9.35 83.85910346561913 2.4
      vertex 9.683583958711397 84.07573542137519 6.4
      vertex 9.35 83.85910346561913 6.4
    endloop
  endfacet
  facet normal 0.6293203910498545 -0.777145961456957 0
    outer loop
      vertex 9.683583958711397 84.07573542137519 2.4
      vertex 9.99269630416366 84.3260496631859 6.4
      vertex 9.683583958711397 84.07573542137519 6.4
    endloop
  endfacet
  facet normal 0.7071067811865475 -0.7071067811865475 0
    outer loop
      vertex 9.99269630416366 84.3260496631859 2.4
      vertex 10.273950336814098 84.60730369583634 6.4
      vertex 9.99269630416366 84.3260496631859 6.4
    endloop
  endfacet
  facet normal 0.7771459614569723 -0.6293203910498356 0
    outer loop
      vertex 10.273950336814098 84.60730369583634 2.4
      vertex 10.524264578624798 84.9164160412886 6.4
      vertex 10.273950336814098 84.60730369583634 6.4
    endloop
  endfacet
  facet normal 0.8386705679454145 -0.5446390350150416 0
    outer loop
      vertex 10.524264578624798 84.9164160412886 2.4
      vertex 10.740896534380866 85.24999999999999 6.4
      vertex 10.524264578624798 84.9164160412886 6.4
    endloop
  endfacet
  facet normal 0.8910065241883697 -0.4539904997395433 0
    outer loop
      vertex 10.740896534380866 85.24999999999999 2.4
      vertex 10.921472739041882 85.60440075631195 6.4
      vertex 10.740896534380866 85.24999999999999 6.4
    endloop
  endfacet
  facet normal 0.9335804264972027 -0.3583679495452977 0
    outer loop
      vertex 10.921472739041882 85.60440075631195 2.4
      vertex 11.064014761921582 85.97573542137519 6.4
      vertex 10.921472739041882 85.60440075631195 6.4
    endloop
  endfacet
  facet normal 0.9659258262890674 -0.2588190451025236 0
    outer loop
      vertex 11.064014761921582 85.97573542137519 2.4
      vertex 11.16696088278846 86.3599355748925 6.4
      vertex 11.064014761921582 85.97573542137519 6.4
    endloop
  endfacet
  facet normal 0.9876883405951385 -0.15643446504022573 0
    outer loop
      vertex 11.16696088278846 86.3599355748925 2.4
      vertex 11.229183202399437 86.75279183958291 6.4
      vertex 11.16696088278846 86.3599355748925 6.4
    endloop
  endfacet
  facet normal 0.9986295347545735 -0.052335956242949316 0
    outer loop
      vertex 11.229183202399437 86.75279183958291 2.4
      vertex 11.25 87.14999999999999 6.4
      vertex 11.229183202399437 86.75279183958291 6.4
    endloop
  endfacet
  facet normal 0.9986295347545735 0.052335956242949316 0
    outer loop
      vertex 11.25 87.14999999999999 2.4
      vertex 11.229183202399437 87.54720816041707 6.4
      vertex 11.25 87.14999999999999 6.4
    endloop
  endfacet
  facet normal 0.9876883405951385 0.15643446504022573 0
    outer loop
      vertex 11.229183202399437 87.54720816041707 2.4
      vertex 11.16696088278846 87.94006442510748 6.4
      vertex 11.229183202399437 87.54720816041707 6.4
    endloop
  endfacet
  facet normal 0.9659258262890674 0.2588190451025236 0
    outer loop
      vertex 11.16696088278846 87.94006442510748 2.4
      vertex 11.064014761921582 88.32426457862479 6.4
      vertex 11.16696088278846 87.94006442510748 6.4
    endloop
  endfacet
  facet normal 0.9335804264972027 0.3583679495452977 0
    outer loop
      vertex 11.064014761921582 88.32426457862479 2.4
      vertex 10.921472739041882 88.69559924368804 6.4
      vertex 11.064014761921582 88.32426457862479 6.4
    endloop
  endfacet
  facet normal 0.8386705679454145 0.5446390350150416 0
    outer loop
      vertex 10.740896534380866 89.05 2.4
      vertex 10.524264578624798 89.38358395871138 6.4
      vertex 10.740896534380866 89.05 6.4
    endloop
  endfacet
  facet normal 0.7071067811865475 0.7071067811865475 0
    outer loop
      vertex 10.273950336814098 89.69269630416365 2.4
      vertex 9.99269630416366 89.97395033681408 6.4
      vertex 10.273950336814098 89.69269630416365 6.4
    endloop
  endfacet
  facet normal 0.6293203910498545 0.777145961456957 0
    outer loop
      vertex 9.99269630416366 89.97395033681408 2.4
      vertex 9.683583958711397 90.2242645786248 6.4
      vertex 9.99269630416366 89.97395033681408 6.4
    endloop
  endfacet
  facet normal 0.7771459614569723 0.6293203910498356 0
    outer loop
      vertex 10.524264578624798 89.38358395871138 2.4
      vertex 10.273950336814098 89.69269630416365 6.4
      vertex 10.524264578624798 89.38358395871138 6.4
    endloop
  endfacet
  facet normal 0.35836794954528906 0.9335804264972062 0
    outer loop
      vertex 8.99559924368804 90.62147273904188 2.4
      vertex 8.6242645786248 90.76401476192157 6.4
      vertex 8.99559924368804 90.62147273904188 6.4
    endloop
  endfacet
  facet normal 0.45399049973955935 0.8910065241883616 0
    outer loop
      vertex 9.35 90.44089653438085 2.4
      vertex 8.99559924368804 90.62147273904188 6.4
      vertex 9.35 90.44089653438085 6.4
    endloop
  endfacet
  facet normal 0.5446390350150107 0.8386705679454347 0
    outer loop
      vertex 9.683583958711397 90.2242645786248 2.4
      vertex 9.35 90.44089653438085 6.4
      vertex 9.683583958711397 90.2242645786248 6.4
    endloop
  endfacet
  facet normal 0.8910065241883697 0.4539904997395433 0
    outer loop
      vertex 10.921472739041882 88.69559924368804 2.4
      vertex 10.740896534380866 89.05 6.4
      vertex 10.921472739041882 88.69559924368804 6.4
    endloop
  endfacet
  facet normal 0 0 1
    outer loop
      vertex 4.159103465619133 85.24999999999999 6.4
      vertex 4.375735421375199 84.9164160412886 6.4
      vertex 4.159103465619133 89.05 6.4
    endloop
  endfacet
  facet normal 0 0 1
    outer loop
      vertex 3.733039117211538 86.3599355748925 6.4
      vertex 3.835985238078416 85.97573542137519 6.4
      vertex 3.733039117211538 87.94006442510748 6.4
    endloop
  endfacet
  facet normal 0 0 1
    outer loop
      vertex 3.733039117211538 86.3599355748925 6.4
      vertex 3.670816797600561 87.54720816041707 6.4
      vertex 3.670816797600561 86.75279183958291 6.4
    endloop
  endfacet
  facet normal 0 0 1
    outer loop
      vertex 3.670816797600561 86.75279183958291 6.4
      vertex 3.670816797600561 87.54720816041707 6.4
      vertex 3.6499999999999995 87.14999999999999 6.4
    endloop
  endfacet
  facet normal 0 0 1
    outer loop
      vertex 3.978527260958116 85.60440075631195 6.4
      vertex 3.835985238078416 88.32426457862479 6.4
      vertex 3.835985238078416 85.97573542137519 6.4
    endloop
  endfacet
  facet normal 0 0 1
    outer loop
      vertex 4.159103465619133 85.24999999999999 6.4
      vertex 3.978527260958116 88.69559924368804 6.4
      vertex 3.978527260958116 85.60440075631195 6.4
    endloop
  endfacet
  facet normal 0 0 1
    outer loop
      vertex 3.733039117211538 86.3599355748925 6.4
      vertex 3.733039117211538 87.94006442510748 6.4
      vertex 3.670816797600561 87.54720816041707 6.4
    endloop
  endfacet
  facet normal 0 0 1
    outer loop
      vertex 3.835985238078416 85.97573542137519 6.4
      vertex 3.835985238078416 88.32426457862479 6.4
      vertex 3.733039117211538 87.94006442510748 6.4
    endloop
  endfacet
  facet normal 0 0 1
    outer loop
      vertex 3.978527260958116 85.60440075631195 6.4
      vertex 3.978527260958116 88.69559924368804 6.4
      vertex 3.835985238078416 88.32426457862479 6.4
    endloop
  endfacet
  facet normal 0 0 1
    outer loop
      vertex 4.159103465619133 85.24999999999999 6.4
      vertex 4.159103465619133 89.05 6.4
      vertex 3.978527260958116 88.69559924368804 6.4
    endloop
  endfacet
  facet normal 0 0 1
    outer loop
      vertex 4.375735421375199 84.9164160412886 6.4
      vertex 4.375735421375199 89.38358395871138 6.4
      vertex 4.159103465619133 89.05 6.4
    endloop
  endfacet
  facet normal 0 0 1
    outer loop
      vertex 5.904400756311959 83.6785272609581 6.4
      vertex 6.275735421375199 83.53598523807841 6.4
      vertex 6.033270358954863 86.40644292472996 6.4
    endloop
  endfacet
  facet normal 0 0 1
    outer loop
      vertex 6.275735421375199 83.53598523807841 6.4
      vertex 6.659935574892514 83.43303911721154 6.4
      vertex 6.252382802926237 86.08900374681473 6.4
    endloop
  endfacet
  facet normal 0 0 1
    outer loop
      vertex 6.275735421375199 83.53598523807841 6.4
      vertex 6.252382802926237 86.08900374681473 6.4
      vertex 6.033270358954863 86.40644292472996 6.4
    endloop
  endfacet
  facet normal 0 0 1
    outer loop
      vertex 5.904400756311959 83.6785272609581 6.4
      vertex 6.033270358954863 86.40644292472996 6.4
      vertex 5.896493092118316 86.7670949371399 6.4
    endloop
  endfacet
  facet normal 0 0 1
    outer loop
      vertex 6.659935574892514 83.43303911721154 6.4
      vertex 7.052791839582916 83.37081679760055 6.4
      vertex 6.882632180731942 85.65397401170333 6.4
    endloop
  endfacet
  facet normal 0 0 1
    outer loop
      vertex 7.052791839582916 83.37081679760055 6.4
      vertex 7.449999999999999 83.35 6.4
      vertex 7.257141311591483 85.5616658014431 6.4
    endloop
  endfacet
  facet normal 0 0 1
    outer loop
      vertex 7.449999999999999 83.35 6.4
      vertex 7.8472081604170825 83.37081679760055 6.4
      vertex 7.6428586884085155 85.5616658014431 6.4
    endloop
  endfacet
  facet normal 0 0 1
    outer loop
      vertex 7.8472081604170825 83.37081679760055 6.4
      vertex 8.240064425107485 83.43303911721154 6.4
      vertex 7.6428586884085155 85.5616658014431 6.4
    endloop
  endfacet
  facet normal 0 0 1
    outer loop
      vertex 8.240064425107485 83.43303911721154 6.4
      vertex 8.6242645786248 83.53598523807841 6.4
      vertex 8.017367819268056 85.65397401170333 6.4
    endloop
  endfacet
  facet normal 0 0 1
    outer loop
      vertex 6.659935574892514 83.43303911721154 6.4
      vertex 6.882632180731942 85.65397401170333 6.4
      vertex 6.54109640523015 85.83322581457014 6.4
    endloop
  endfacet
  facet normal 0 0 1
    outer loop
      vertex 7.052791839582916 83.37081679760055 6.4
      vertex 7.257141311591483 85.5616658014431 6.4
      vertex 6.882632180731942 85.65397401170333 6.4
    endloop
  endfacet
  facet normal 0 0 1
    outer loop
      vertex 7.449999999999999 83.35 6.4
      vertex 7.6428586884085155 85.5616658014431 6.4
      vertex 7.257141311591483 85.5616658014431 6.4
    endloop
  endfacet
  facet normal 0 0 1
    outer loop
      vertex 6.659935574892514 83.43303911721154 6.4
      vertex 6.54109640523015 85.83322581457014 6.4
      vertex 6.252382802926237 86.08900374681473 6.4
    endloop
  endfacet
  facet normal 0 0 1
    outer loop
      vertex 8.240064425107485 83.43303911721154 6.4
      vertex 8.017367819268056 85.65397401170333 6.4
      vertex 7.6428586884085155 85.5616658014431 6.4
    endloop
  endfacet
  facet normal 0 0 1
    outer loop
      vertex 8.6242645786248 83.53598523807841 6.4
      vertex 8.35890359476985 85.83322581457014 6.4
      vertex 8.017367819268056 85.65397401170333 6.4
    endloop
  endfacet
  facet normal 0 0 1
    outer loop
      vertex 4.626049663185901 84.60730369583634 6.4
      vertex 4.375735421375199 89.38358395871138 6.4
      vertex 4.375735421375199 84.9164160412886 6.4
    endloop
  endfacet
  facet normal 0 0 1
    outer loop
      vertex 4.626049663185901 84.60730369583634 6.4
      vertex 4.9073036958363385 84.3260496631859 6.4
      vertex 4.626049663185901 89.69269630416365 6.4
    endloop
  endfacet
  facet normal 0 0 1
    outer loop
      vertex 5.216416041288602 84.07573542137519 6.4
      vertex 5.549999999999999 83.85910346561913 6.4
      vertex 5.216416041288602 90.2242645786248 6.4
    endloop
  endfacet
  facet normal 0 0 1
    outer loop
      vertex 5.216416041288602 84.07573542137519 6.4
      vertex 4.9073036958363385 89.97395033681408 6.4
      vertex 4.9073036958363385 84.3260496631859 6.4
    endloop
  endfacet
  facet normal 0 0 1
    outer loop
      vertex 5.549999999999999 83.85910346561913 6.4
      vertex 5.904400756311959 83.6785272609581 6.4
      vertex 5.549999999999999 90.44089653438085 6.4
    endloop
  endfacet
  facet normal 0 0 1
    outer loop
      vertex 5.904400756311959 83.6785272609581 6.4
      vertex 5.896493092118316 86.7670949371399 6.4
      vertex 5.85 87.14999999999999 6.4
    endloop
  endfacet
  facet normal 0 0 1
    outer loop
      vertex 5.904400756311959 83.6785272609581 6.4
      vertex 5.85 87.14999999999999 6.4
      vertex 5.549999999999999 90.44089653438085 6.4
    endloop
  endfacet
  facet normal 0 0 1
    outer loop
      vertex 4.626049663185901 84.60730369583634 6.4
      vertex 4.626049663185901 89.69269630416365 6.4
      vertex 4.375735421375199 89.38358395871138 6.4
    endloop
  endfacet
  facet normal 0 0 1
    outer loop
      vertex 4.9073036958363385 84.3260496631859 6.4
      vertex 4.9073036958363385 89.97395033681408 6.4
      vertex 4.626049663185901 89.69269630416365 6.4
    endloop
  endfacet
  facet normal 0 0 1
    outer loop
      vertex 5.216416041288602 84.07573542137519 6.4
      vertex 5.216416041288602 90.2242645786248 6.4
      vertex 4.9073036958363385 89.97395033681408 6.4
    endloop
  endfacet
  facet normal 0 0 1
    outer loop
      vertex 5.549999999999999 83.85910346561913 6.4
      vertex 5.549999999999999 90.44089653438085 6.4
      vertex 5.216416041288602 90.2242645786248 6.4
    endloop
  endfacet
  facet normal 0 0 1
    outer loop
      vertex 5.549999999999999 90.44089653438085 6.4
      vertex 5.85 87.14999999999999 6.4
      vertex 5.896493092118316 87.53290506286008 6.4
    endloop
  endfacet
  facet normal 0 0 1
    outer loop
      vertex 5.549999999999999 90.44089653438085 6.4
      vertex 5.896493092118316 87.53290506286008 6.4
      vertex 6.033270358954863 87.89355707527002 6.4
    endloop
  endfacet
  facet normal 0 0 1
    outer loop
      vertex 5.904400756311959 90.62147273904188 6.4
      vertex 6.033270358954863 87.89355707527002 6.4
      vertex 6.252382802926237 88.21099625318526 6.4
    endloop
  endfacet
  facet normal 0 0 1
    outer loop
      vertex 5.904400756311959 90.62147273904188 6.4
      vertex 6.252382802926237 88.21099625318526 6.4
      vertex 6.54109640523015 88.46677418542984 6.4
    endloop
  endfacet
  facet normal 0 0 1
    outer loop
      vertex 5.549999999999999 90.44089653438085 6.4
      vertex 6.033270358954863 87.89355707527002 6.4
      vertex 5.904400756311959 90.62147273904188 6.4
    endloop
  endfacet
  facet normal 0 0 1
    outer loop
      vertex 5.904400756311959 90.62147273904188 6.4
      vertex 6.54109640523015 88.46677418542984 6.4
      vertex 6.275735421375199 90.76401476192157 6.4
    endloop
  endfacet
  facet normal 0 0 1
    outer loop
      vertex 6.275735421375199 90.76401476192157 6.4
      vertex 6.54109640523015 88.46677418542984 6.4
      vertex 6.882632180731942 88.64602598829666 6.4
    endloop
  endfacet
  facet normal 0 0 1
    outer loop
      vertex 6.659935574892514 90.86696088278845 6.4
      vertex 6.882632180731942 88.64602598829666 6.4
      vertex 7.257141311591482 88.73833419855688 6.4
    endloop
  endfacet
  facet normal 0 0 1
    outer loop
      vertex 6.275735421375199 90.76401476192157 6.4
      vertex 6.882632180731942 88.64602598829666 6.4
      vertex 6.659935574892514 90.86696088278845 6.4
    endloop
  endfacet
  facet normal 0 0 1
    outer loop
      vertex 7.449999999999999 90.94999999999999 6.4
      vertex 7.257141311591482 88.73833419855688 6.4
      vertex 7.642858688408516 88.73833419855688 6.4
    endloop
  endfacet
  facet normal 0 0 1
    outer loop
      vertex 8.240064425107485 90.86696088278845 6.4
      vertex 8.017367819268056 88.64602598829666 6.4
      vertex 8.35890359476985 88.46677418542984 6.4
    endloop
  endfacet
  facet normal 0 0 1
    outer loop
      vertex 8.240064425107485 90.86696088278845 6.4
      vertex 8.35890359476985 88.46677418542984 6.4
      vertex 8.64761719707376 88.21099625318526 6.4
    endloop
  endfacet
  facet normal 0 0 1
    outer loop
      vertex 7.8472081604170825 90.92918320239943 6.4
      vertex 7.642858688408516 88.73833419855688 6.4
      vertex 8.017367819268056 88.64602598829666 6.4
    endloop
  endfacet
  facet normal 0 0 1
    outer loop
      vertex 8.240064425107485 90.86696088278845 6.4
      vertex 7.8472081604170825 90.92918320239943 6.4
      vertex 8.017367819268056 88.64602598829666 6.4
    endloop
  endfacet
  facet normal 0 0 1
    outer loop
      vertex 8.240064425107485 90.86696088278845 6.4
      vertex 8.64761719707376 88.21099625318526 6.4
      vertex 8.6242645786248 90.76401476192157 6.4
    endloop
  endfacet
  facet normal 0 0 1
    outer loop
      vertex 6.659935574892514 90.86696088278845 6.4
      vertex 7.257141311591482 88.73833419855688 6.4
      vertex 7.052791839582916 90.92918320239943 6.4
    endloop
  endfacet
  facet normal 0 0 1
    outer loop
      vertex 7.052791839582916 90.92918320239943 6.4
      vertex 7.257141311591482 88.73833419855688 6.4
      vertex 7.449999999999999 90.94999999999999 6.4
    endloop
  endfacet
  facet normal 0 0 1
    outer loop
      vertex 7.449999999999999 90.94999999999999 6.4
      vertex 7.642858688408516 88.73833419855688 6.4
      vertex 7.8472081604170825 90.92918320239943 6.4
    endloop
  endfacet
  facet normal 0 0 1
    outer loop
      vertex 8.6242645786248 83.53598523807841 6.4
      vertex 8.99559924368804 83.6785272609581 6.4
      vertex 8.35890359476985 85.83322581457014 6.4
    endloop
  endfacet
  facet normal 0 0 1
    outer loop
      vertex 8.99559924368804 83.6785272609581 6.4
      vertex 9.35 83.85910346561913 6.4
      vertex 8.866729641045136 86.40644292472996 6.4
    endloop
  endfacet
  facet normal 0 0 1
    outer loop
      vertex 8.99559924368804 83.6785272609581 6.4
      vertex 8.64761719707376 86.08900374681473 6.4
      vertex 8.35890359476985 85.83322581457014 6.4
    endloop
  endfacet
  facet normal 0 0 1
    outer loop
      vertex 8.99559924368804 83.6785272609581 6.4
      vertex 8.866729641045136 86.40644292472996 6.4
      vertex 8.64761719707376 86.08900374681473 6.4
    endloop
  endfacet
  facet normal 0 0 1
    outer loop
      vertex 9.35 83.85910346561913 6.4
      vertex 9.003506907881683 86.7670949371399 6.4
      vertex 8.866729641045136 86.40644292472996 6.4
    endloop
  endfacet
  facet normal 0 0 1
    outer loop
      vertex 9.35 83.85910346561913 6.4
      vertex 9.049999999999999 87.14999999999999 6.4
      vertex 9.003506907881683 86.7670949371399 6.4
    endloop
  endfacet
  facet normal 0 0 1
    outer loop
      vertex 9.35 83.85910346561913 6.4
      vertex 9.683583958711397 84.07573542137519 6.4
      vertex 9.35 90.44089653438085 6.4
    endloop
  endfacet
  facet normal 0 0 1
    outer loop
      vertex 9.683583958711397 84.07573542137519 6.4
      vertex 9.99269630416366 84.3260496631859 6.4
      vertex 9.683583958711397 90.2242645786248 6.4
    endloop
  endfacet
  facet normal 0 0 1
    outer loop
      vertex 9.99269630416366 84.3260496631859 6.4
      vertex 10.273950336814098 84.60730369583634 6.4
      vertex 9.99269630416366 89.97395033681408 6.4
    endloop
  endfacet
  facet normal 0 0 1
    outer loop
      vertex 10.273950336814098 84.60730369583634 6.4
      vertex 10.524264578624798 84.9164160412886 6.4
      vertex 10.273950336814098 89.69269630416365 6.4
    endloop
  endfacet
  facet normal 0 0 1
    outer loop
      vertex 10.524264578624798 84.9164160412886 6.4
      vertex 10.740896534380866 85.24999999999999 6.4
      vertex 10.524264578624798 89.38358395871138 6.4
    endloop
  endfacet
  facet normal 0 0 1
    outer loop
      vertex 10.740896534380866 85.24999999999999 6.4
      vertex 10.921472739041882 85.60440075631195 6.4
      vertex 10.740896534380866 89.05 6.4
    endloop
  endfacet
  facet normal 0 0 1
    outer loop
      vertex 9.35 83.85910346561913 6.4
      vertex 8.99559924368804 90.62147273904188 6.4
      vertex 9.049999999999999 87.14999999999999 6.4
    endloop
  endfacet
  facet normal 0 0 1
    outer loop
      vertex 8.99559924368804 90.62147273904188 6.4
      vertex 9.003506907881683 87.53290506286008 6.4
      vertex 9.049999999999999 87.14999999999999 6.4
    endloop
  endfacet
  facet normal 0 0 1
    outer loop
      vertex 8.99559924368804 90.62147273904188 6.4
      vertex 8.866729641045135 87.89355707527002 6.4
      vertex 9.003506907881683 87.53290506286008 6.4
    endloop
  endfacet
  facet normal 0 0 1
    outer loop
      vertex 9.35 83.85910346561913 6.4
      vertex 9.35 90.44089653438085 6.4
      vertex 8.99559924368804 90.62147273904188 6.4
    endloop
  endfacet
  facet normal 0 0 1
    outer loop
      vertex 9.683583958711397 84.07573542137519 6.4
      vertex 9.683583958711397 90.2242645786248 6.4
      vertex 9.35 90.44089653438085 6.4
    endloop
  endfacet
  facet normal 0 0 1
    outer loop
      vertex 10.740896534380866 85.24999999999999 6.4
      vertex 10.740896534380866 89.05 6.4
      vertex 10.524264578624798 89.38358395871138 6.4
    endloop
  endfacet
  facet normal 0 0 1
    outer loop
      vertex 9.99269630416366 84.3260496631859 6.4
      vertex 9.99269630416366 89.97395033681408 6.4
      vertex 9.683583958711397 90.2242645786248 6.4
    endloop
  endfacet
  facet normal 0 0 1
    outer loop
      vertex 10.273950336814098 84.60730369583634 6.4
      vertex 10.273950336814098 89.69269630416365 6.4
      vertex 9.99269630416366 89.97395033681408 6.4
    endloop
  endfacet
  facet normal 0 0 1
    outer loop
      vertex 10.524264578624798 84.9164160412886 6.4
      vertex 10.524264578624798 89.38358395871138 6.4
      vertex 10.273950336814098 89.69269630416365 6.4
    endloop
  endfacet
  facet normal 0 0 1
    outer loop
      vertex 10.921472739041882 85.60440075631195 6.4
      vertex 11.064014761921582 85.97573542137519 6.4
      vertex 10.921472739041882 88.69559924368804 6.4
    endloop
  endfacet
  facet normal 0 0 1
    outer loop
      vertex 11.064014761921582 85.97573542137519 6.4
      vertex 11.16696088278846 86.3599355748925 6.4
      vertex 11.064014761921582 88.32426457862479 6.4
    endloop
  endfacet
  facet normal 0 0 1
    outer loop
      vertex 11.16696088278846 86.3599355748925 6.4
      vertex 11.229183202399437 86.75279183958291 6.4
      vertex 11.16696088278846 87.94006442510748 6.4
    endloop
  endfacet
  facet normal 0 0 1
    outer loop
      vertex 11.229183202399437 86.75279183958291 6.4
      vertex 11.25 87.14999999999999 6.4
      vertex 11.229183202399437 87.54720816041707 6.4
    endloop
  endfacet
  facet normal 0 0 1
    outer loop
      vertex 11.16696088278846 86.3599355748925 6.4
      vertex 11.16696088278846 87.94006442510748 6.4
      vertex 11.064014761921582 88.32426457862479 6.4
    endloop
  endfacet
  facet normal 0 0 1
    outer loop
      vertex 11.229183202399437 86.75279183958291 6.4
      vertex 11.229183202399437 87.54720816041707 6.4
      vertex 11.16696088278846 87.94006442510748 6.4
    endloop
  endfacet
  facet normal 0 0 1
    outer loop
      vertex 11.064014761921582 85.97573542137519 6.4
      vertex 11.064014761921582 88.32426457862479 6.4
      vertex 10.921472739041882 88.69559924368804 6.4
    endloop
  endfacet
  facet normal 0 0 1
    outer loop
      vertex 10.921472739041882 85.60440075631195 6.4
      vertex 10.921472739041882 88.69559924368804 6.4
      vertex 10.740896534380866 89.05 6.4
    endloop
  endfacet
  facet normal 0 0 1
    outer loop
      vertex 8.6242645786248 90.76401476192157 6.4
      vertex 8.64761719707376 88.21099625318526 6.4
      vertex 8.866729641045135 87.89355707527002 6.4
    endloop
  endfacet
  facet normal 0 0 1
    outer loop
      vertex 8.6242645786248 90.76401476192157 6.4
      vertex 8.866729641045135 87.89355707527002 6.4
      vertex 8.99559924368804 90.62147273904188 6.4
    endloop
  endfacet
  facet normal -0.5446390350150401 -0.8386705679454155 1.8996594137647678e-18
    outer loop
      vertex 128.59641604128862 4.375735421375199 2.4
      vertex 128.93 4.159103465619133 2.4
      vertex 128.93 4.159103465619133 6.4
    endloop
  endfacet
  facet normal -0.45399049973953065 -0.8910065241883761 8.655974733568338e-19
    outer loop
      vertex 128.93 4.159103465619133 2.4
      vertex 129.28440075631198 3.978527260958116 2.4
      vertex 129.28440075631198 3.978527260958116 6.4
    endloop
  endfacet
  facet normal -0.35836794954529677 -0.9335804264972031 -4.265698640848127e-19
    outer loop
      vertex 129.28440075631198 3.978527260958116 2.4
      vertex 129.65573542137523 3.835985238078416 2.4
      vertex 129.65573542137523 3.835985238078416 6.4
    endloop
  endfacet
  facet normal -0.7771459614569745 -0.629320391049833 0
    outer loop
      vertex 128.0060496631859 4.9073036958363385 2.4
      vertex 128.0060496631859 4.9073036958363385 6.4
      vertex 127.7557354213752 5.216416041288602 2.4
    endloop
  endfacet
  facet normal -0.7071067811865297 -0.7071067811865653 -1.8860126965894868e-19
    outer loop
      vertex 128.0060496631859 4.9073036958363385 2.4
      vertex 128.28730369583636 4.626049663185901 2.4
      vertex 128.28730369583636 4.626049663185901 6.4
    endloop
  endfacet
  facet normal -0.629320391049837 -0.7771459614569712 0
    outer loop
      vertex 128.59641604128862 4.375735421375199 2.4
      vertex 128.59641604128862 4.375735421375199 6.4
      vertex 128.28730369583636 4.626049663185901 2.4
    endloop
  endfacet
  facet normal -0.8386705679454347 -0.5446390350150107 0
    outer loop
      vertex 127.7557354213752 5.216416041288602 2.4
      vertex 127.7557354213752 5.216416041288602 6.4
      vertex 127.53910346561915 5.549999999999999 2.4
    endloop
  endfacet
  facet normal -0.8910065241883619 -0.4539904997395584 -1.7915553794247545e-18
    outer loop
      vertex 127.35852726095813 5.904400756311959 2.4
      vertex 127.53910346561915 5.549999999999999 2.4
      vertex 127.53910346561915 5.549999999999999 6.4
    endloop
  endfacet
  facet normal -0.9335804264972059 -0.35836794954528983 0
    outer loop
      vertex 127.35852726095813 5.904400756311959 2.4
      vertex 127.35852726095813 5.904400756311959 6.4
      vertex 127.21598523807843 6.275735421375199 2.4
    endloop
  endfacet
  facet normal -0.9659258262890702 -0.25881904510251363 0
    outer loop
      vertex 127.21598523807843 6.275735421375199 2.4
      vertex 127.21598523807843 6.275735421375199 6.4
      vertex 127.11303911721156 6.659935574892514 2.4
    endloop
  endfacet
  facet normal -0.9876883405951361 -0.15643446504024125 0
    outer loop
      vertex 127.11303911721156 6.659935574892514 2.4
      vertex 127.11303911721156 6.659935574892514 6.4
      vertex 127.05081679760058 7.052791839582916 2.4
    endloop
  endfacet
  facet normal -0.9986295347545742 -0.05233595624293994 0
    outer loop
      vertex 127.05081679760058 7.052791839582916 2.4
      vertex 127.05081679760058 7.052791839582916 6.4
      vertex 127.03000000000002 7.449999999999999 2.4
    endloop
  endfacet
  facet normal -0.9986295347545742 0.05233595624293994 0
    outer loop
      vertex 127.03000000000002 7.449999999999999 2.4
      vertex 127.03000000000002 7.449999999999999 6.4
      vertex 127.05081679760058 7.8472081604170825 2.4
    endloop
  endfacet
  facet normal -0.9876883405951361 0.1564344650402409 0
    outer loop
      vertex 127.05081679760058 7.8472081604170825 2.4
      vertex 127.05081679760058 7.8472081604170825 6.4
      vertex 127.11303911721156 8.240064425107485 2.4
    endloop
  endfacet
  facet normal -0.96592582628907 0.2588190451025142 0
    outer loop
      vertex 127.11303911721156 8.240064425107485 2.4
      vertex 127.11303911721156 8.240064425107485 6.4
      vertex 127.21598523807843 8.6242645786248 2.4
    endloop
  endfacet
  facet normal -0.9335804264972062 0.35836794954528906 0
    outer loop
      vertex 127.21598523807843 8.6242645786248 2.4
      vertex 127.21598523807843 8.6242645786248 6.4
      vertex 127.35852726095813 8.99559924368804 2.4
    endloop
  endfacet
  facet normal -0.8910065241883616 0.45399049973955935 0
    outer loop
      vertex 127.35852726095813 8.99559924368804 2.4
      vertex 127.35852726095813 8.99559924368804 6.4
      vertex 127.53910346561915 9.35 2.4
    endloop
  endfacet
  facet normal -0.8386705679454347 0.5446390350150107 0
    outer loop
      vertex 127.53910346561915 9.35 2.4
      vertex 127.53910346561915 9.35 6.4
      vertex 127.7557354213752 9.683583958711397 2.4
    endloop
  endfacet
  facet normal -0.7771459614569745 0.629320391049833 0
    outer loop
      vertex 127.7557354213752 9.683583958711397 2.4
      vertex 127.7557354213752 9.683583958711397 6.4
      vertex 128.0060496631859 9.99269630416366 2.4
    endloop
  endfacet
  facet normal -0.7071067811865297 0.7071067811865653 0
    outer loop
      vertex 128.0060496631859 9.99269630416366 2.4
      vertex 128.0060496631859 9.99269630416366 6.4
      vertex 128.28730369583636 10.273950336814098 2.4
    endloop
  endfacet
  facet normal -0.6293203910498356 0.7771459614569723 0
    outer loop
      vertex 128.28730369583636 10.273950336814098 2.4
      vertex 128.28730369583636 10.273950336814098 6.4
      vertex 128.59641604128862 10.524264578624798 2.4
    endloop
  endfacet
  facet normal -0.5446390350150416 0.8386705679454145 0
    outer loop
      vertex 128.59641604128862 10.524264578624798 2.4
      vertex 128.59641604128862 10.524264578624798 6.4
      vertex 128.93 10.740896534380866 2.4
    endloop
  endfacet
  facet normal -0.4539904997395289 0.891006524188377 0
    outer loop
      vertex 128.93 10.740896534380866 2.4
      vertex 128.93 10.740896534380866 6.4
      vertex 129.28440075631198 10.921472739041882 2.4
    endloop
  endfacet
  facet normal -0.3583679495452977 0.9335804264972027 0
    outer loop
      vertex 129.28440075631198 10.921472739041882 2.4
      vertex 129.28440075631198 10.921472739041882 6.4
      vertex 129.65573542137523 11.064014761921582 2.4
    endloop
  endfacet
  facet normal -0.1564344650402279 -0.9876883405951381 0
    outer loop
      vertex 130.43279183958293 3.670816797600561 2.4
      vertex 130.43279183958293 3.670816797600561 6.4
      vertex 130.03993557489252 3.733039117211538 2.4
    endloop
  endfacet
  facet normal -0.05233595624294486 -0.9986295347545738 5.376210027385058e-19
    outer loop
      vertex 130.43279183958293 3.670816797600561 2.4
      vertex 130.83 3.6499999999999995 2.4
      vertex 130.83 3.6499999999999995 6.4
    endloop
  endfacet
  facet normal -0.25881904510253156 -0.9659258262890654 1.385145726181135e-18
    outer loop
      vertex 129.65573542137523 3.835985238078416 2.4
      vertex 130.03993557489252 3.733039117211538 2.4
      vertex 130.03993557489252 3.733039117211538 6.4
    endloop
  endfacet
  facet normal 0.05233595624294486 -0.9986295347545738 -5.376210027385058e-19
    outer loop
      vertex 130.83 3.6499999999999995 2.4
      vertex 131.2272081604171 3.670816797600561 2.4
      vertex 131.2272081604171 3.670816797600561 6.4
    endloop
  endfacet
  facet normal 0.1564344650402279 -0.9876883405951381 -3.5106585683660973e-19
    outer loop
      vertex 131.2272081604171 3.670816797600561 2.4
      vertex 131.6200644251075 3.733039117211538 2.4
      vertex 131.6200644251075 3.733039117211538 6.4
    endloop
  endfacet
  facet normal 0.25881904510253156 -0.9659258262890654 -1.385145726181135e-18
    outer loop
      vertex 131.6200644251075 3.733039117211538 2.4
      vertex 132.0042645786248 3.835985238078416 2.4
      vertex 132.0042645786248 3.835985238078416 6.4
    endloop
  endfacet
  facet normal 0.35836794954529677 -0.9335804264972031 4.265698640848127e-19
    outer loop
      vertex 132.0042645786248 3.835985238078416 2.4
      vertex 132.37559924368804 3.978527260958116 2.4
      vertex 132.37559924368804 3.978527260958116 6.4
    endloop
  endfacet
  facet normal 0.45399049973953065 -0.8910065241883761 -8.655974733568338e-19
    outer loop
      vertex 132.37559924368804 3.978527260958116 2.4
      vertex 132.73000000000002 4.159103465619133 2.4
      vertex 132.73000000000002 4.159103465619133 6.4
    endloop
  endfacet
  facet normal 0.5446390350150401 -0.8386705679454155 -1.8996594137647678e-18
    outer loop
      vertex 132.73000000000002 4.159103465619133 2.4
      vertex 133.0635839587114 4.375735421375199 2.4
      vertex 133.0635839587114 4.375735421375199 6.4
    endloop
  endfacet
  facet normal 0.629320391049837 -0.7771459614569712 2.7818073190983536e-18
    outer loop
      vertex 133.0635839587114 4.375735421375199 2.4
      vertex 133.37269630416367 4.626049663185901 2.4
      vertex 133.37269630416367 4.626049663185901 6.4
    endloop
  endfacet
  facet normal 0.7071067811865297 -0.7071067811865653 1.8860126965894868e-19
    outer loop
      vertex 133.37269630416367 4.626049663185901 2.4
      vertex 133.65395033681412 4.9073036958363385 2.4
      vertex 133.65395033681412 4.9073036958363385 6.4
    endloop
  endfacet
  facet normal 0.7771459614569921 -0.6293203910498114 3.8231817688037576e-18
    outer loop
      vertex 133.65395033681412 4.9073036958363385 2.4
      vertex 133.9042645786248 5.216416041288602 2.4
      vertex 133.9042645786248 5.216416041288602 6.4
    endloop
  endfacet
  facet normal 0.8386705679454185 -0.5446390350150357 -8.511247624864636e-19
    outer loop
      vertex 133.9042645786248 5.216416041288602 2.4
      vertex 134.12089653438088 5.549999999999999 2.4
      vertex 134.12089653438088 5.549999999999999 6.4
    endloop
  endfacet
  facet normal 0.8910065241883764 -0.4539904997395301 2.6082144970353925e-18
    outer loop
      vertex 134.12089653438088 5.549999999999999 2.4
      vertex 134.30147273904188 5.904400756311959 2.4
      vertex 134.30147273904188 5.904400756311959 6.4
    endloop
  endfacet
  facet normal -0.25881904510253256 0.9659258262890651 0
    outer loop
      vertex 129.65573542137523 11.064014761921582 2.4
      vertex 129.65573542137523 11.064014761921582 6.4
      vertex 130.03993557489252 11.16696088278846 2.4
    endloop
  endfacet
  facet normal -0.15643446504022573 0.9876883405951385 0
    outer loop
      vertex 130.03993557489252 11.16696088278846 2.4
      vertex 130.03993557489252 11.16696088278846 6.4
      vertex 130.43279183958293 11.229183202399437 2.4
    endloop
  endfacet
  facet normal -0.052335956242949316 0.9986295347545735 0
    outer loop
      vertex 130.43279183958293 11.229183202399437 2.4
      vertex 130.43279183958293 11.229183202399437 6.4
      vertex 130.83 11.25 2.4
    endloop
  endfacet
  facet normal 0.052335956242949316 0.9986295347545735 0
    outer loop
      vertex 130.83 11.25 2.4
      vertex 130.83 11.25 6.4
      vertex 131.2272081604171 11.229183202399437 2.4
    endloop
  endfacet
  facet normal 0.15643446504022573 0.9876883405951385 0
    outer loop
      vertex 131.2272081604171 11.229183202399437 2.4
      vertex 131.2272081604171 11.229183202399437 6.4
      vertex 131.6200644251075 11.16696088278846 2.4
    endloop
  endfacet
  facet normal 0.25881904510253256 0.9659258262890651 0
    outer loop
      vertex 131.6200644251075 11.16696088278846 2.4
      vertex 131.6200644251075 11.16696088278846 6.4
      vertex 132.0042645786248 11.064014761921582 2.4
    endloop
  endfacet
  facet normal 0.7771459614569921 0.6293203910498114 -3.8231817688037576e-18
    outer loop
      vertex 133.9042645786248 9.683583958711397 2.4
      vertex 133.65395033681412 9.99269630416366 2.4
      vertex 133.65395033681412 9.99269630416366 6.4
    endloop
  endfacet
  facet normal 0.7071067811865297 0.7071067811865653 0
    outer loop
      vertex 133.37269630416367 10.273950336814098 2.4
      vertex 133.37269630416367 10.273950336814098 6.4
      vertex 133.65395033681412 9.99269630416366 2.4
    endloop
  endfacet
  facet normal 0.3583679495452977 0.9335804264972027 0
    outer loop
      vertex 132.0042645786248 11.064014761921582 2.4
      vertex 132.0042645786248 11.064014761921582 6.4
      vertex 132.37559924368804 10.921472739041882 2.4
    endloop
  endfacet
  facet normal 0.5446390350150416 0.8386705679454145 0
    outer loop
      vertex 132.73000000000002 10.740896534380866 2.4
      vertex 132.73000000000002 10.740896534380866 6.4
      vertex 133.0635839587114 10.524264578624798 2.4
    endloop
  endfacet
  facet normal 0.4539904997395289 0.891006524188377 0
    outer loop
      vertex 132.37559924368804 10.921472739041882 2.4
      vertex 132.37559924368804 10.921472739041882 6.4
      vertex 132.73000000000002 10.740896534380866 2.4
    endloop
  endfacet
  facet normal 0.6293203910498356 0.7771459614569723 4.049655194645139e-18
    outer loop
      vertex 133.37269630416367 10.273950336814098 2.4
      vertex 133.0635839587114 10.524264578624798 2.4
      vertex 133.0635839587114 10.524264578624798 6.4
    endloop
  endfacet
  facet normal 0.9335804264971819 -0.35836794954535206 1.9106752166152897e-18
    outer loop
      vertex 134.30147273904188 5.904400756311959 2.4
      vertex 134.4440147619216 6.275735421375199 2.4
      vertex 134.4440147619216 6.275735421375199 6.4
    endloop
  endfacet
  facet normal 0.9659258262890702 -0.25881904510251363 -3.240524522850091e-19
    outer loop
      vertex 134.4440147619216 6.275735421375199 2.4
      vertex 134.54696088278848 6.659935574892514 2.4
      vertex 134.54696088278848 6.659935574892514 6.4
    endloop
  endfacet
  facet normal 0.9876883405951361 -0.15643446504024125 4.200610461648157e-19
    outer loop
      vertex 134.54696088278848 6.659935574892514 2.4
      vertex 134.60918320239946 7.052791839582916 2.4
      vertex 134.60918320239946 7.052791839582916 6.4
    endloop
  endfacet
  facet normal 0.9986295347545742 -0.05233595624293994 4.345632757992132e-19
    outer loop
      vertex 134.60918320239946 7.052791839582916 2.4
      vertex 134.63000000000002 7.449999999999999 2.4
      vertex 134.63000000000002 7.449999999999999 6.4
    endloop
  endfacet
  facet normal 0.9986295347545742 0.05233595624293994 -4.345632757992132e-19
    outer loop
      vertex 134.63000000000002 7.449999999999999 2.4
      vertex 134.60918320239946 7.8472081604170825 2.4
      vertex 134.60918320239946 7.8472081604170825 6.4
    endloop
  endfacet
  facet normal 0.9876883405951361 0.1564344650402409 -2.650467764621432e-19
    outer loop
      vertex 134.60918320239946 7.8472081604170825 2.4
      vertex 134.54696088278848 8.240064425107485 2.4
      vertex 134.54696088278848 8.240064425107485 6.4
    endloop
  endfacet
  facet normal 0.96592582628907 0.2588190451025142 0
    outer loop
      vertex 134.4440147619216 8.6242645786248 2.4
      vertex 134.4440147619216 8.6242645786248 6.4
      vertex 134.54696088278848 8.240064425107485 2.4
    endloop
  endfacet
  facet normal 0.8910065241883759 0.4539904997395309 2.2492077027356354e-18
    outer loop
      vertex 134.30147273904188 8.99559924368804 2.4
      vertex 134.12089653438088 9.35 2.4
      vertex 134.12089653438088 9.35 6.4
    endloop
  endfacet
  facet normal 0.9335804264971822 0.35836794954535134 1.380457742318345e-18
    outer loop
      vertex 134.4440147619216 8.6242645786248 2.4
      vertex 134.30147273904188 8.99559924368804 2.4
      vertex 134.30147273904188 8.99559924368804 6.4
    endloop
  endfacet
  facet normal 0.8386705679454185 0.5446390350150357 0
    outer loop
      vertex 133.9042645786248 9.683583958711397 2.4
      vertex 133.9042645786248 9.683583958711397 6.4
      vertex 134.12089653438088 9.35 2.4
    endloop
  endfacet
  facet normal -0.8910065241883619 -0.4539904997395584 0
    outer loop
      vertex 127.35852726095813 5.904400756311959 2.4
      vertex 127.53910346561915 5.549999999999999 6.4
      vertex 127.35852726095813 5.904400756311959 6.4
    endloop
  endfacet
  facet normal -0.5446390350150401 -0.8386705679454155 0
    outer loop
      vertex 128.59641604128862 4.375735421375199 2.4
      vertex 128.93 4.159103465619133 6.4
      vertex 128.59641604128862 4.375735421375199 6.4
    endloop
  endfacet
  facet normal -0.45399049973953065 -0.8910065241883761 0
    outer loop
      vertex 128.93 4.159103465619133 2.4
      vertex 129.28440075631198 3.978527260958116 6.4
      vertex 128.93 4.159103465619133 6.4
    endloop
  endfacet
  facet normal -0.35836794954529677 -0.9335804264972031 0
    outer loop
      vertex 129.28440075631198 3.978527260958116 2.4
      vertex 129.65573542137523 3.835985238078416 6.4
      vertex 129.28440075631198 3.978527260958116 6.4
    endloop
  endfacet
  facet normal -0.7771459614569745 -0.629320391049833 0
    outer loop
      vertex 127.7557354213752 5.216416041288602 2.4
      vertex 128.0060496631859 4.9073036958363385 6.4
      vertex 127.7557354213752 5.216416041288602 6.4
    endloop
  endfacet
  facet normal -0.629320391049837 -0.7771459614569712 0
    outer loop
      vertex 128.28730369583636 4.626049663185901 2.4
      vertex 128.59641604128862 4.375735421375199 6.4
      vertex 128.28730369583636 4.626049663185901 6.4
    endloop
  endfacet
  facet normal -0.7071067811865297 -0.7071067811865653 0
    outer loop
      vertex 128.0060496631859 4.9073036958363385 2.4
      vertex 128.28730369583636 4.626049663185901 6.4
      vertex 128.0060496631859 4.9073036958363385 6.4
    endloop
  endfacet
  facet normal -0.8386705679454347 -0.5446390350150107 0
    outer loop
      vertex 127.53910346561915 5.549999999999999 2.4
      vertex 127.7557354213752 5.216416041288602 6.4
      vertex 127.53910346561915 5.549999999999999 6.4
    endloop
  endfacet
  facet normal -0.9335804264972059 -0.35836794954528983 0
    outer loop
      vertex 127.21598523807843 6.275735421375199 2.4
      vertex 127.35852726095813 5.904400756311959 6.4
      vertex 127.21598523807843 6.275735421375199 6.4
    endloop
  endfacet
  facet normal -0.9659258262890702 -0.25881904510251363 0
    outer loop
      vertex 127.11303911721156 6.659935574892514 2.4
      vertex 127.21598523807843 6.275735421375199 6.4
      vertex 127.11303911721156 6.659935574892514 6.4
    endloop
  endfacet
  facet normal -0.9876883405951361 -0.15643446504024125 0
    outer loop
      vertex 127.05081679760058 7.052791839582916 2.4
      vertex 127.11303911721156 6.659935574892514 6.4
      vertex 127.05081679760058 7.052791839582916 6.4
    endloop
  endfacet
  facet normal -0.9986295347545742 -0.05233595624293994 0
    outer loop
      vertex 127.03000000000002 7.449999999999999 2.4
      vertex 127.05081679760058 7.052791839582916 6.4
      vertex 127.03000000000002 7.449999999999999 6.4
    endloop
  endfacet
  facet normal -0.9986295347545742 0.05233595624293994 0
    outer loop
      vertex 127.05081679760058 7.8472081604170825 2.4
      vertex 127.03000000000002 7.449999999999999 6.4
      vertex 127.05081679760058 7.8472081604170825 6.4
    endloop
  endfacet
  facet normal -0.9876883405951361 0.1564344650402409 0
    outer loop
      vertex 127.11303911721156 8.240064425107485 2.4
      vertex 127.05081679760058 7.8472081604170825 6.4
      vertex 127.11303911721156 8.240064425107485 6.4
    endloop
  endfacet
  facet normal -0.96592582628907 0.2588190451025142 0
    outer loop
      vertex 127.21598523807843 8.6242645786248 2.4
      vertex 127.11303911721156 8.240064425107485 6.4
      vertex 127.21598523807843 8.6242645786248 6.4
    endloop
  endfacet
  facet normal -0.9335804264972062 0.35836794954528906 0
    outer loop
      vertex 127.35852726095813 8.99559924368804 2.4
      vertex 127.21598523807843 8.6242645786248 6.4
      vertex 127.35852726095813 8.99559924368804 6.4
    endloop
  endfacet
  facet normal -0.8910065241883616 0.45399049973955935 0
    outer loop
      vertex 127.53910346561915 9.35 2.4
      vertex 127.35852726095813 8.99559924368804 6.4
      vertex 127.53910346561915 9.35 6.4
    endloop
  endfacet
  facet normal -0.8386705679454347 0.5446390350150107 0
    outer loop
      vertex 127.7557354213752 9.683583958711397 2.4
      vertex 127.53910346561915 9.35 6.4
      vertex 127.7557354213752 9.683583958711397 6.4
    endloop
  endfacet
  facet normal -0.7771459614569745 0.629320391049833 0
    outer loop
      vertex 128.0060496631859 9.99269630416366 2.4
      vertex 127.7557354213752 9.683583958711397 6.4
      vertex 128.0060496631859 9.99269630416366 6.4
    endloop
  endfacet
  facet normal -0.7071067811865297 0.7071067811865653 0
    outer loop
      vertex 128.28730369583636 10.273950336814098 2.4
      vertex 128.0060496631859 9.99269630416366 6.4
      vertex 128.28730369583636 10.273950336814098 6.4
    endloop
  endfacet
  facet normal -0.6293203910498356 0.7771459614569723 0
    outer loop
      vertex 128.59641604128862 10.524264578624798 2.4
      vertex 128.28730369583636 10.273950336814098 6.4
      vertex 128.59641604128862 10.524264578624798 6.4
    endloop
  endfacet
  facet normal -0.5446390350150416 0.8386705679454145 0
    outer loop
      vertex 128.93 10.740896534380866 2.4
      vertex 128.59641604128862 10.524264578624798 6.4
      vertex 128.93 10.740896534380866 6.4
    endloop
  endfacet
  facet normal -0.4539904997395289 0.891006524188377 0
    outer loop
      vertex 129.28440075631198 10.921472739041882 2.4
      vertex 128.93 10.740896534380866 6.4
      vertex 129.28440075631198 10.921472739041882 6.4
    endloop
  endfacet
  facet normal -0.3583679495452977 0.9335804264972027 0
    outer loop
      vertex 129.65573542137523 11.064014761921582 2.4
      vertex 129.28440075631198 10.921472739041882 6.4
      vertex 129.65573542137523 11.064014761921582 6.4
    endloop
  endfacet
  facet normal -0.05233595624294486 -0.9986295347545738 0
    outer loop
      vertex 130.43279183958293 3.670816797600561 2.4
      vertex 130.83 3.6499999999999995 6.4
      vertex 130.43279183958293 3.670816797600561 6.4
    endloop
  endfacet
  facet normal -0.25881904510253156 -0.9659258262890654 0
    outer loop
      vertex 129.65573542137523 3.835985238078416 2.4
      vertex 130.03993557489252 3.733039117211538 6.4
      vertex 129.65573542137523 3.835985238078416 6.4
    endloop
  endfacet
  facet normal -0.1564344650402279 -0.9876883405951381 0
    outer loop
      vertex 130.03993557489252 3.733039117211538 2.4
      vertex 130.43279183958293 3.670816797600561 6.4
      vertex 130.03993557489252 3.733039117211538 6.4
    endloop
  endfacet
  facet normal 0.05233595624294486 -0.9986295347545738 0
    outer loop
      vertex 130.83 3.6499999999999995 2.4
      vertex 131.2272081604171 3.670816797600561 6.4
      vertex 130.83 3.6499999999999995 6.4
    endloop
  endfacet
  facet normal 0.1564344650402279 -0.9876883405951381 0
    outer loop
      vertex 131.2272081604171 3.670816797600561 2.4
      vertex 131.6200644251075 3.733039117211538 6.4
      vertex 131.2272081604171 3.670816797600561 6.4
    endloop
  endfacet
  facet normal 0.25881904510253156 -0.9659258262890654 0
    outer loop
      vertex 131.6200644251075 3.733039117211538 2.4
      vertex 132.0042645786248 3.835985238078416 6.4
      vertex 131.6200644251075 3.733039117211538 6.4
    endloop
  endfacet
  facet normal 0.35836794954529677 -0.9335804264972031 0
    outer loop
      vertex 132.0042645786248 3.835985238078416 2.4
      vertex 132.37559924368804 3.978527260958116 6.4
      vertex 132.0042645786248 3.835985238078416 6.4
    endloop
  endfacet
  facet normal 0.45399049973953065 -0.8910065241883761 0
    outer loop
      vertex 132.37559924368804 3.978527260958116 2.4
      vertex 132.73000000000002 4.159103465619133 6.4
      vertex 132.37559924368804 3.978527260958116 6.4
    endloop
  endfacet
  facet normal 0.5446390350150401 -0.8386705679454155 0
    outer loop
      vertex 132.73000000000002 4.159103465619133 2.4
      vertex 133.0635839587114 4.375735421375199 6.4
      vertex 132.73000000000002 4.159103465619133 6.4
    endloop
  endfacet
  facet normal 0.629320391049837 -0.7771459614569712 0
    outer loop
      vertex 133.0635839587114 4.375735421375199 2.4
      vertex 133.37269630416367 4.626049663185901 6.4
      vertex 133.0635839587114 4.375735421375199 6.4
    endloop
  endfacet
  facet normal 0.7071067811865297 -0.7071067811865653 0
    outer loop
      vertex 133.37269630416367 4.626049663185901 2.4
      vertex 133.65395033681412 4.9073036958363385 6.4
      vertex 133.37269630416367 4.626049663185901 6.4
    endloop
  endfacet
  facet normal 0.7771459614569921 -0.6293203910498114 0
    outer loop
      vertex 133.65395033681412 4.9073036958363385 2.4
      vertex 133.9042645786248 5.216416041288602 6.4
      vertex 133.65395033681412 4.9073036958363385 6.4
    endloop
  endfacet
  facet normal 0.8386705679454185 -0.5446390350150357 0
    outer loop
      vertex 133.9042645786248 5.216416041288602 2.4
      vertex 134.12089653438088 5.549999999999999 6.4
      vertex 133.9042645786248 5.216416041288602 6.4
    endloop
  endfacet
  facet normal 0.8910065241883764 -0.4539904997395301 0
    outer loop
      vertex 134.12089653438088 5.549999999999999 2.4
      vertex 134.30147273904188 5.904400756311959 6.4
      vertex 134.12089653438088 5.549999999999999 6.4
    endloop
  endfacet
  facet normal -0.25881904510253256 0.9659258262890651 0
    outer loop
      vertex 130.03993557489252 11.16696088278846 2.4
      vertex 129.65573542137523 11.064014761921582 6.4
      vertex 130.03993557489252 11.16696088278846 6.4
    endloop
  endfacet
  facet normal -0.15643446504022573 0.9876883405951385 0
    outer loop
      vertex 130.43279183958293 11.229183202399437 2.4
      vertex 130.03993557489252 11.16696088278846 6.4
      vertex 130.43279183958293 11.229183202399437 6.4
    endloop
  endfacet
  facet normal -0.052335956242949316 0.9986295347545735 0
    outer loop
      vertex 130.83 11.25 2.4
      vertex 130.43279183958293 11.229183202399437 6.4
      vertex 130.83 11.25 6.4
    endloop
  endfacet
  facet normal 0.052335956242949316 0.9986295347545735 0
    outer loop
      vertex 131.2272081604171 11.229183202399437 2.4
      vertex 130.83 11.25 6.4
      vertex 131.2272081604171 11.229183202399437 6.4
    endloop
  endfacet
  facet normal 0.15643446504022573 0.9876883405951385 0
    outer loop
      vertex 131.6200644251075 11.16696088278846 2.4
      vertex 131.2272081604171 11.229183202399437 6.4
      vertex 131.6200644251075 11.16696088278846 6.4
    endloop
  endfacet
  facet normal 0.7771459614569921 0.6293203910498114 0
    outer loop
      vertex 133.9042645786248 9.683583958711397 2.4
      vertex 133.65395033681412 9.99269630416366 6.4
      vertex 133.9042645786248 9.683583958711397 6.4
    endloop
  endfacet
  facet normal 0.7071067811865297 0.7071067811865653 0
    outer loop
      vertex 133.65395033681412 9.99269630416366 2.4
      vertex 133.37269630416367 10.273950336814098 6.4
      vertex 133.65395033681412 9.99269630416366 6.4
    endloop
  endfacet
  facet normal 0.3583679495452977 0.9335804264972027 0
    outer loop
      vertex 132.37559924368804 10.921472739041882 2.4
      vertex 132.0042645786248 11.064014761921582 6.4
      vertex 132.37559924368804 10.921472739041882 6.4
    endloop
  endfacet
  facet normal 0.4539904997395289 0.891006524188377 0
    outer loop
      vertex 132.73000000000002 10.740896534380866 2.4
      vertex 132.37559924368804 10.921472739041882 6.4
      vertex 132.73000000000002 10.740896534380866 6.4
    endloop
  endfacet
  facet normal 0.25881904510253256 0.9659258262890651 0
    outer loop
      vertex 132.0042645786248 11.064014761921582 2.4
      vertex 131.6200644251075 11.16696088278846 6.4
      vertex 132.0042645786248 11.064014761921582 6.4
    endloop
  endfacet
  facet normal 0.5446390350150416 0.8386705679454145 0
    outer loop
      vertex 133.0635839587114 10.524264578624798 2.4
      vertex 132.73000000000002 10.740896534380866 6.4
      vertex 133.0635839587114 10.524264578624798 6.4
    endloop
  endfacet
  facet normal 0.6293203910498356 0.7771459614569723 0
    outer loop
      vertex 133.37269630416367 10.273950336814098 2.4
      vertex 133.0635839587114 10.524264578624798 6.4
      vertex 133.37269630416367 10.273950336814098 6.4
    endloop
  endfacet
  facet normal 0.9335804264971819 -0.35836794954535206 0
    outer loop
      vertex 134.30147273904188 5.904400756311959 2.4
      vertex 134.4440147619216 6.275735421375199 6.4
      vertex 134.30147273904188 5.904400756311959 6.4
    endloop
  endfacet
  facet normal 0.9659258262890702 -0.25881904510251363 0
    outer loop
      vertex 134.4440147619216 6.275735421375199 2.4
      vertex 134.54696088278848 6.659935574892514 6.4
      vertex 134.4440147619216 6.275735421375199 6.4
    endloop
  endfacet
  facet normal 0.9876883405951361 -0.15643446504024125 0
    outer loop
      vertex 134.54696088278848 6.659935574892514 2.4
      vertex 134.60918320239946 7.052791839582916 6.4
      vertex 134.54696088278848 6.659935574892514 6.4
    endloop
  endfacet
  facet normal 0.9986295347545742 -0.05233595624293994 0
    outer loop
      vertex 134.60918320239946 7.052791839582916 2.4
      vertex 134.63000000000002 7.449999999999999 6.4
      vertex 134.60918320239946 7.052791839582916 6.4
    endloop
  endfacet
  facet normal 0.9986295347545742 0.05233595624293994 0
    outer loop
      vertex 134.63000000000002 7.449999999999999 2.4
      vertex 134.60918320239946 7.8472081604170825 6.4
      vertex 134.63000000000002 7.449999999999999 6.4
    endloop
  endfacet
  facet normal 0.9876883405951361 0.1564344650402409 0
    outer loop
      vertex 134.60918320239946 7.8472081604170825 2.4
      vertex 134.54696088278848 8.240064425107485 6.4
      vertex 134.60918320239946 7.8472081604170825 6.4
    endloop
  endfacet
  facet normal 0.9335804264971822 0.35836794954535134 0
    outer loop
      vertex 134.4440147619216 8.6242645786248 2.4
      vertex 134.30147273904188 8.99559924368804 6.4
      vertex 134.4440147619216 8.6242645786248 6.4
    endloop
  endfacet
  facet normal 0.96592582628907 0.2588190451025142 0
    outer loop
      vertex 134.54696088278848 8.240064425107485 2.4
      vertex 134.4440147619216 8.6242645786248 6.4
      vertex 134.54696088278848 8.240064425107485 6.4
    endloop
  endfacet
  facet normal 0.8910065241883759 0.4539904997395309 0
    outer loop
      vertex 134.30147273904188 8.99559924368804 2.4
      vertex 134.12089653438088 9.35 6.4
      vertex 134.30147273904188 8.99559924368804 6.4
    endloop
  endfacet
  facet normal 0.8386705679454185 0.5446390350150357 0
    outer loop
      vertex 134.12089653438088 9.35 2.4
      vertex 133.9042645786248 9.683583958711397 6.4
      vertex 134.12089653438088 9.35 6.4
    endloop
  endfacet
  facet normal 0 0 1
    outer loop
      vertex 129.28440075631198 3.978527260958116 6.4
      vertex 129.65573542137523 3.835985238078416 6.4
      vertex 129.4132703589549 6.70644292472997 6.4
    endloop
  endfacet
  facet normal 0 0 1
    outer loop
      vertex 129.65573542137523 3.835985238078416 6.4
      vertex 129.63238280292626 6.389003746814726 6.4
      vertex 129.4132703589549 6.70644292472997 6.4
    endloop
  endfacet
  facet normal 0 0 1
    outer loop
      vertex 127.35852726095813 5.904400756311959 6.4
      vertex 127.53910346561915 5.549999999999999 6.4
      vertex 127.35852726095813 8.99559924368804 6.4
    endloop
  endfacet
  facet normal 0 0 1
    outer loop
      vertex 127.35852726095813 5.904400756311959 6.4
      vertex 127.21598523807843 8.6242645786248 6.4
      vertex 127.21598523807843 6.275735421375199 6.4
    endloop
  endfacet
  facet normal 0 0 1
    outer loop
      vertex 127.11303911721156 6.659935574892514 6.4
      vertex 127.05081679760058 7.8472081604170825 6.4
      vertex 127.05081679760058 7.052791839582916 6.4
    endloop
  endfacet
  facet normal 0 0 1
    outer loop
      vertex 127.21598523807843 6.275735421375199 6.4
      vertex 127.11303911721156 8.240064425107485 6.4
      vertex 127.11303911721156 6.659935574892514 6.4
    endloop
  endfacet
  facet normal 0 0 1
    outer loop
      vertex 127.05081679760058 7.052791839582916 6.4
      vertex 127.05081679760058 7.8472081604170825 6.4
      vertex 127.03000000000002 7.449999999999999 6.4
    endloop
  endfacet
  facet normal 0 0 1
    outer loop
      vertex 127.11303911721156 6.659935574892514 6.4
      vertex 127.11303911721156 8.240064425107485 6.4
      vertex 127.05081679760058 7.8472081604170825 6.4
    endloop
  endfacet
  facet normal 0 0 1
    outer loop
      vertex 127.21598523807843 6.275735421375199 6.4
      vertex 127.21598523807843 8.6242645786248 6.4
      vertex 127.11303911721156 8.240064425107485 6.4
    endloop
  endfacet
  facet normal 0 0 1
    outer loop
      vertex 127.35852726095813 5.904400756311959 6.4
      vertex 127.35852726095813 8.99559924368804 6.4
      vertex 127.21598523807843 8.6242645786248 6.4
    endloop
  endfacet
  facet normal 0 0 1
    outer loop
      vertex 128.0060496631859 4.9073036958363385 6.4
      vertex 127.7557354213752 9.683583958711397 6.4
      vertex 127.7557354213752 5.216416041288602 6.4
    endloop
  endfacet
  facet normal 0 0 1
    outer loop
      vertex 128.0060496631859 4.9073036958363385 6.4
      vertex 128.28730369583636 4.626049663185901 6.4
      vertex 128.0060496631859 9.99269630416366 6.4
    endloop
  endfacet
  facet normal 0 0 1
    outer loop
      vertex 128.59641604128862 4.375735421375199 6.4
      vertex 128.28730369583636 10.273950336814098 6.4
      vertex 128.28730369583636 4.626049663185901 6.4
    endloop
  endfacet
  facet normal 0 0 1
    outer loop
      vertex 127.7557354213752 5.216416041288602 6.4
      vertex 127.53910346561915 9.35 6.4
      vertex 127.53910346561915 5.549999999999999 6.4
    endloop
  endfacet
  facet normal 0 0 1
    outer loop
      vertex 128.59641604128862 4.375735421375199 6.4
      vertex 128.93 4.159103465619133 6.4
      vertex 128.59641604128862 10.524264578624798 6.4
    endloop
  endfacet
  facet normal 0 0 1
    outer loop
      vertex 128.93 4.159103465619133 6.4
      vertex 129.28440075631198 3.978527260958116 6.4
      vertex 128.93 10.740896534380866 6.4
    endloop
  endfacet
  facet normal 0 0 1
    outer loop
      vertex 129.28440075631198 3.978527260958116 6.4
      vertex 129.4132703589549 6.70644292472997 6.4
      vertex 129.27649309211833 7.067094937139907 6.4
    endloop
  endfacet
  facet normal 0 0 1
    outer loop
      vertex 129.28440075631198 3.978527260958116 6.4
      vertex 129.27649309211833 7.067094937139907 6.4
      vertex 129.23000000000002 7.449999999999999 6.4
    endloop
  endfacet
  facet normal 0 0 1
    outer loop
      vertex 129.28440075631198 3.978527260958116 6.4
      vertex 129.23000000000002 7.449999999999999 6.4
      vertex 128.93 10.740896534380866 6.4
    endloop
  endfacet
  facet normal 0 0 1
    outer loop
      vertex 127.53910346561915 5.549999999999999 6.4
      vertex 127.53910346561915 9.35 6.4
      vertex 127.35852726095813 8.99559924368804 6.4
    endloop
  endfacet
  facet normal 0 0 1
    outer loop
      vertex 127.7557354213752 5.216416041288602 6.4
      vertex 127.7557354213752 9.683583958711397 6.4
      vertex 127.53910346561915 9.35 6.4
    endloop
  endfacet
  facet normal 0 0 1
    outer loop
      vertex 128.0060496631859 4.9073036958363385 6.4
      vertex 128.0060496631859 9.99269630416366 6.4
      vertex 127.7557354213752 9.683583958711397 6.4
    endloop
  endfacet
  facet normal 0 0 1
    outer loop
      vertex 128.28730369583636 4.626049663185901 6.4
      vertex 128.28730369583636 10.273950336814098 6.4
      vertex 128.0060496631859 9.99269630416366 6.4
    endloop
  endfacet
  facet normal 0 0 1
    outer loop
      vertex 128.59641604128862 4.375735421375199 6.4
      vertex 128.59641604128862 10.524264578624798 6.4
      vertex 128.28730369583636 10.273950336814098 6.4
    endloop
  endfacet
  facet normal 0 0 1
    outer loop
      vertex 128.93 4.159103465619133 6.4
      vertex 128.93 10.740896534380866 6.4
      vertex 128.59641604128862 10.524264578624798 6.4
    endloop
  endfacet
  facet normal 0 0 1
    outer loop
      vertex 128.93 10.740896534380866 6.4
      vertex 129.23000000000002 7.449999999999999 6.4
      vertex 129.27649309211833 7.832905062860092 6.4
    endloop
  endfacet
  facet normal 0 0 1
    outer loop
      vertex 128.93 10.740896534380866 6.4
      vertex 129.27649309211833 7.832905062860092 6.4
      vertex 129.4132703589549 8.193557075270029 6.4
    endloop
  endfacet
  facet normal 0 0 1
    outer loop
      vertex 129.28440075631198 10.921472739041882 6.4
      vertex 129.4132703589549 8.193557075270029 6.4
      vertex 129.63238280292626 8.510996253185272 6.4
    endloop
  endfacet
  facet normal 0 0 1
    outer loop
      vertex 129.28440075631198 10.921472739041882 6.4
      vertex 129.63238280292626 8.510996253185272 6.4
      vertex 129.92109640523017 8.766774185429849 6.4
    endloop
  endfacet
  facet normal 0 0 1
    outer loop
      vertex 128.93 10.740896534380866 6.4
      vertex 129.4132703589549 8.193557075270029 6.4
      vertex 129.28440075631198 10.921472739041882 6.4
    endloop
  endfacet
  facet normal 0 0 1
    outer loop
      vertex 129.28440075631198 10.921472739041882 6.4
      vertex 129.92109640523017 8.766774185429849 6.4
      vertex 129.65573542137523 11.064014761921582 6.4
    endloop
  endfacet
  facet normal 0 0 1
    outer loop
      vertex 130.43279183958293 3.670816797600561 6.4
      vertex 130.83 3.6499999999999995 6.4
      vertex 130.6371413115915 5.861665801443113 6.4
    endloop
  endfacet
  facet normal 0 0 1
    outer loop
      vertex 130.83 3.6499999999999995 6.4
      vertex 131.2272081604171 3.670816797600561 6.4
      vertex 131.02285868840852 5.861665801443113 6.4
    endloop
  endfacet
  facet normal 0 0 1
    outer loop
      vertex 131.2272081604171 3.670816797600561 6.4
      vertex 131.6200644251075 3.733039117211538 6.4
      vertex 131.02285868840852 5.861665801443113 6.4
    endloop
  endfacet
  facet normal 0 0 1
    outer loop
      vertex 129.65573542137523 3.835985238078416 6.4
      vertex 130.03993557489252 3.733039117211538 6.4
      vertex 129.63238280292626 6.389003746814726 6.4
    endloop
  endfacet
  facet normal 0 0 1
    outer loop
      vertex 130.43279183958293 3.670816797600561 6.4
      vertex 130.26263218073194 5.953974011703336 6.4
      vertex 130.03993557489252 3.733039117211538 6.4
    endloop
  endfacet
  facet normal 0 0 1
    outer loop
      vertex 130.43279183958293 3.670816797600561 6.4
      vertex 130.6371413115915 5.861665801443113 6.4
      vertex 130.26263218073194 5.953974011703336 6.4
    endloop
  endfacet
  facet normal 0 0 1
    outer loop
      vertex 130.03993557489252 3.733039117211538 6.4
      vertex 129.92109640523017 6.133225814570149 6.4
      vertex 129.63238280292626 6.389003746814726 6.4
    endloop
  endfacet
  facet normal 0 0 1
    outer loop
      vertex 130.03993557489252 3.733039117211538 6.4
      vertex 130.26263218073194 5.953974011703336 6.4
      vertex 129.92109640523017 6.133225814570149 6.4
    endloop
  endfacet
  facet normal 0 0 1
    outer loop
      vertex 130.83 3.6499999999999995 6.4
      vertex 131.02285868840852 5.861665801443113 6.4
      vertex 130.6371413115915 5.861665801443113 6.4
    endloop
  endfacet
  facet normal 0 0 1
    outer loop
      vertex 131.6200644251075 3.733039117211538 6.4
      vertex 132.0042645786248 3.835985238078416 6.4
      vertex 131.39736781926808 5.953974011703336 6.4
    endloop
  endfacet
  facet normal 0 0 1
    outer loop
      vertex 131.6200644251075 3.733039117211538 6.4
      vertex 131.39736781926808 5.953974011703336 6.4
      vertex 131.02285868840852 5.861665801443113 6.4
    endloop
  endfacet
  facet normal 0 0 1
    outer loop
      vertex 132.0042645786248 3.835985238078416 6.4
      vertex 131.73890359476985 6.1332258145701495 6.4
      vertex 131.39736781926808 5.953974011703336 6.4
    endloop
  endfacet
  facet normal 0 0 1
    outer loop
      vertex 132.0042645786248 3.835985238078416 6.4
      vertex 132.37559924368804 3.978527260958116 6.4
      vertex 131.73890359476985 6.1332258145701495 6.4
    endloop
  endfacet
  facet normal 0 0 1
    outer loop
      vertex 132.37559924368804 3.978527260958116 6.4
      vertex 132.73000000000002 4.159103465619133 6.4
      vertex 132.24672964104514 6.70644292472997 6.4
    endloop
  endfacet
  facet normal 0 0 1
    outer loop
      vertex 132.37559924368804 3.978527260958116 6.4
      vertex 132.02761719707377 6.389003746814726 6.4
      vertex 131.73890359476985 6.1332258145701495 6.4
    endloop
  endfacet
  facet normal 0 0 1
    outer loop
      vertex 132.37559924368804 3.978527260958116 6.4
      vertex 132.24672964104514 6.70644292472997 6.4
      vertex 132.02761719707377 6.389003746814726 6.4
    endloop
  endfacet
  facet normal 0 0 1
    outer loop
      vertex 132.73000000000002 4.159103465619133 6.4
      vertex 132.3835069078817 7.067094937139906 6.4
      vertex 132.24672964104514 6.70644292472997 6.4
    endloop
  endfacet
  facet normal 0 0 1
    outer loop
      vertex 132.73000000000002 4.159103465619133 6.4
      vertex 132.43 7.449999999999999 6.4
      vertex 132.3835069078817 7.067094937139906 6.4
    endloop
  endfacet
  facet normal 0 0 1
    outer loop
      vertex 132.73000000000002 4.159103465619133 6.4
      vertex 133.0635839587114 4.375735421375199 6.4
      vertex 132.73000000000002 10.740896534380866 6.4
    endloop
  endfacet
  facet normal 0 0 1
    outer loop
      vertex 133.0635839587114 4.375735421375199 6.4
      vertex 133.37269630416367 4.626049663185901 6.4
      vertex 133.0635839587114 10.524264578624798 6.4
    endloop
  endfacet
  facet normal 0 0 1
    outer loop
      vertex 133.37269630416367 4.626049663185901 6.4
      vertex 133.65395033681412 4.9073036958363385 6.4
      vertex 133.37269630416367 10.273950336814098 6.4
    endloop
  endfacet
  facet normal 0 0 1
    outer loop
      vertex 133.65395033681412 4.9073036958363385 6.4
      vertex 133.9042645786248 5.216416041288602 6.4
      vertex 133.65395033681412 9.99269630416366 6.4
    endloop
  endfacet
  facet normal 0 0 1
    outer loop
      vertex 132.73000000000002 4.159103465619133 6.4
      vertex 132.37559924368804 10.921472739041882 6.4
      vertex 132.43 7.449999999999999 6.4
    endloop
  endfacet
  facet normal 0 0 1
    outer loop
      vertex 132.37559924368804 10.921472739041882 6.4
      vertex 132.3835069078817 7.832905062860092 6.4
      vertex 132.43 7.449999999999999 6.4
    endloop
  endfacet
  facet normal 0 0 1
    outer loop
      vertex 132.73000000000002 4.159103465619133 6.4
      vertex 132.73000000000002 10.740896534380866 6.4
      vertex 132.37559924368804 10.921472739041882 6.4
    endloop
  endfacet
  facet normal 0 0 1
    outer loop
      vertex 133.37269630416367 4.626049663185901 6.4
      vertex 133.37269630416367 10.273950336814098 6.4
      vertex 133.0635839587114 10.524264578624798 6.4
    endloop
  endfacet
  facet normal 0 0 1
    outer loop
      vertex 133.0635839587114 4.375735421375199 6.4
      vertex 133.0635839587114 10.524264578624798 6.4
      vertex 132.73000000000002 10.740896534380866 6.4
    endloop
  endfacet
  facet normal 0 0 1
    outer loop
      vertex 133.65395033681412 4.9073036958363385 6.4
      vertex 133.65395033681412 9.99269630416366 6.4
      vertex 133.37269630416367 10.273950336814098 6.4
    endloop
  endfacet
  facet normal 0 0 1
    outer loop
      vertex 133.9042645786248 5.216416041288602 6.4
      vertex 133.9042645786248 9.683583958711397 6.4
      vertex 133.65395033681412 9.99269630416366 6.4
    endloop
  endfacet
  facet normal 0 0 1
    outer loop
      vertex 129.65573542137523 11.064014761921582 6.4
      vertex 129.92109640523017 8.766774185429849 6.4
      vertex 130.26263218073194 8.946025988296663 6.4
    endloop
  endfacet
  facet normal 0 0 1
    outer loop
      vertex 130.03993557489252 11.16696088278846 6.4
      vertex 130.26263218073194 8.946025988296663 6.4
      vertex 130.6371413115915 9.038334198556885 6.4
    endloop
  endfacet
  facet normal 0 0 1
    outer loop
      vertex 131.6200644251075 11.16696088278846 6.4
      vertex 131.73890359476985 8.766774185429849 6.4
      vertex 132.02761719707377 8.510996253185272 6.4
    endloop
  endfacet
  facet normal 0 0 1
    outer loop
      vertex 130.83 11.25 6.4
      vertex 130.6371413115915 9.038334198556885 6.4
      vertex 131.02285868840852 9.038334198556885 6.4
    endloop
  endfacet
  facet normal 0 0 1
    outer loop
      vertex 131.2272081604171 11.229183202399437 6.4
      vertex 131.02285868840852 9.038334198556885 6.4
      vertex 131.39736781926808 8.946025988296663 6.4
    endloop
  endfacet
  facet normal 0 0 1
    outer loop
      vertex 131.6200644251075 11.16696088278846 6.4
      vertex 131.39736781926808 8.946025988296663 6.4
      vertex 131.73890359476985 8.766774185429849 6.4
    endloop
  endfacet
  facet normal 0 0 1
    outer loop
      vertex 129.65573542137523 11.064014761921582 6.4
      vertex 130.26263218073194 8.946025988296663 6.4
      vertex 130.03993557489252 11.16696088278846 6.4
    endloop
  endfacet
  facet normal 0 0 1
    outer loop
      vertex 130.03993557489252 11.16696088278846 6.4
      vertex 130.6371413115915 9.038334198556885 6.4
      vertex 130.43279183958293 11.229183202399437 6.4
    endloop
  endfacet
  facet normal 0 0 1
    outer loop
      vertex 130.43279183958293 11.229183202399437 6.4
      vertex 130.6371413115915 9.038334198556885 6.4
      vertex 130.83 11.25 6.4
    endloop
  endfacet
  facet normal 0 0 1
    outer loop
      vertex 130.83 11.25 6.4
      vertex 131.02285868840852 9.038334198556885 6.4
      vertex 131.2272081604171 11.229183202399437 6.4
    endloop
  endfacet
  facet normal 0 0 1
    outer loop
      vertex 131.2272081604171 11.229183202399437 6.4
      vertex 131.39736781926808 8.946025988296663 6.4
      vertex 131.6200644251075 11.16696088278846 6.4
    endloop
  endfacet
  facet normal 0 0 1
    outer loop
      vertex 132.37559924368804 10.921472739041882 6.4
      vertex 132.24672964104514 8.193557075270029 6.4
      vertex 132.3835069078817 7.832905062860092 6.4
    endloop
  endfacet
  facet normal 0 0 1
    outer loop
      vertex 132.0042645786248 11.064014761921582 6.4
      vertex 132.02761719707377 8.510996253185272 6.4
      vertex 132.24672964104514 8.193557075270029 6.4
    endloop
  endfacet
  facet normal 0 0 1
    outer loop
      vertex 131.6200644251075 11.16696088278846 6.4
      vertex 132.02761719707377 8.510996253185272 6.4
      vertex 132.0042645786248 11.064014761921582 6.4
    endloop
  endfacet
  facet normal 0 0 1
    outer loop
      vertex 132.0042645786248 11.064014761921582 6.4
      vertex 132.24672964104514 8.193557075270029 6.4
      vertex 132.37559924368804 10.921472739041882 6.4
    endloop
  endfacet
  facet normal 0 0 1
    outer loop
      vertex 133.9042645786248 5.216416041288602 6.4
      vertex 134.12089653438088 5.549999999999999 6.4
      vertex 133.9042645786248 9.683583958711397 6.4
    endloop
  endfacet
  facet normal 0 0 1
    outer loop
      vertex 134.12089653438088 5.549999999999999 6.4
      vertex 134.30147273904188 5.904400756311959 6.4
      vertex 134.12089653438088 9.35 6.4
    endloop
  endfacet
  facet normal 0 0 1
    outer loop
      vertex 134.30147273904188 5.904400756311959 6.4
      vertex 134.4440147619216 6.275735421375199 6.4
      vertex 134.30147273904188 8.99559924368804 6.4
    endloop
  endfacet
  facet normal 0 0 1
    outer loop
      vertex 134.4440147619216 6.275735421375199 6.4
      vertex 134.54696088278848 6.659935574892514 6.4
      vertex 134.4440147619216 8.6242645786248 6.4
    endloop
  endfacet
  facet normal 0 0 1
    outer loop
      vertex 134.54696088278848 6.659935574892514 6.4
      vertex 134.60918320239946 7.052791839582916 6.4
      vertex 134.54696088278848 8.240064425107485 6.4
    endloop
  endfacet
  facet normal 0 0 1
    outer loop
      vertex 134.30147273904188 5.904400756311959 6.4
      vertex 134.30147273904188 8.99559924368804 6.4
      vertex 134.12089653438088 9.35 6.4
    endloop
  endfacet
  facet normal 0 0 1
    outer loop
      vertex 134.4440147619216 6.275735421375199 6.4
      vertex 134.4440147619216 8.6242645786248 6.4
      vertex 134.30147273904188 8.99559924368804 6.4
    endloop
  endfacet
  facet normal 0 0 1
    outer loop
      vertex 134.60918320239946 7.052791839582916 6.4
      vertex 134.63000000000002 7.449999999999999 6.4
      vertex 134.60918320239946 7.8472081604170825 6.4
    endloop
  endfacet
  facet normal 0 0 1
    outer loop
      vertex 134.60918320239946 7.052791839582916 6.4
      vertex 134.60918320239946 7.8472081604170825 6.4
      vertex 134.54696088278848 8.240064425107485 6.4
    endloop
  endfacet
  facet normal 0 0 1
    outer loop
      vertex 134.54696088278848 6.659935574892514 6.4
      vertex 134.54696088278848 8.240064425107485 6.4
      vertex 134.4440147619216 8.6242645786248 6.4
    endloop
  endfacet
  facet normal 0 0 1
    outer loop
      vertex 134.12089653438088 5.549999999999999 6.4
      vertex 134.12089653438088 9.35 6.4
      vertex 133.9042645786248 9.683583958711397 6.4
    endloop
  endfacet
  facet normal -0.9335804264972073 -0.35836794954528606 0
    outer loop
      vertex 127.35852726095813 85.60440075631195 2.4
      vertex 127.35852726095813 85.60440075631195 6.4
      vertex 127.21598523807843 85.97573542137519 2.4
    endloop
  endfacet
  facet normal -0.6293203910498545 -0.777145961456957 0
    outer loop
      vertex 128.59641604128862 84.07573542137519 2.4
      vertex 128.59641604128862 84.07573542137519 6.4
      vertex 128.28730369583636 84.3260496631859 2.4
    endloop
  endfacet
  facet normal -0.5446390350150229 -0.8386705679454267 0
    outer loop
      vertex 128.93 83.85910346561913 2.4
      vertex 128.93 83.85910346561913 6.4
      vertex 128.59641604128862 84.07573542137519 2.4
    endloop
  endfacet
  facet normal -0.453990499739543 -0.8910065241883697 2.858375364887771e-18
    outer loop
      vertex 128.93 83.85910346561913 2.4
      vertex 129.28440075631198 83.6785272609581 2.4
      vertex 129.28440075631198 83.6785272609581 6.4
    endloop
  endfacet
  facet normal -0.35836794954528606 -0.9335804264972073 1.4034522219179073e-18
    outer loop
      vertex 129.28440075631198 83.6785272609581 2.4
      vertex 129.65573542137523 83.53598523807841 2.4
      vertex 129.65573542137523 83.53598523807841 6.4
    endloop
  endfacet
  facet normal -0.7771459614569745 -0.629320391049833 0
    outer loop
      vertex 128.0060496631859 84.60730369583634 2.4
      vertex 128.0060496631859 84.60730369583634 6.4
      vertex 127.7557354213752 84.9164160412886 2.4
    endloop
  endfacet
  facet normal -0.7071067811865297 -0.7071067811865653 -1.8860126965894868e-19
    outer loop
      vertex 128.0060496631859 84.60730369583634 2.4
      vertex 128.28730369583636 84.3260496631859 2.4
      vertex 128.28730369583636 84.3260496631859 6.4
    endloop
  endfacet
  facet normal -0.8386705679454267 -0.5446390350150229 0
    outer loop
      vertex 127.7557354213752 84.9164160412886 2.4
      vertex 127.7557354213752 84.9164160412886 6.4
      vertex 127.53910346561915 85.24999999999999 2.4
    endloop
  endfacet
  facet normal -0.8910065241883625 -0.4539904997395575 2.0736332348517177e-18
    outer loop
      vertex 127.35852726095813 85.60440075631195 2.4
      vertex 127.53910346561915 85.24999999999999 2.4
      vertex 127.53910346561915 85.24999999999999 6.4
    endloop
  endfacet
  facet normal -0.9659258262890698 -0.2588190451025153 0
    outer loop
      vertex 127.21598523807843 85.97573542137519 2.4
      vertex 127.21598523807843 85.97573542137519 6.4
      vertex 127.11303911721156 86.3599355748925 2.4
    endloop
  endfacet
  facet normal -0.9876883405951364 -0.1564344650402388 0
    outer loop
      vertex 127.11303911721156 86.3599355748925 2.4
      vertex 127.11303911721156 86.3599355748925 6.4
      vertex 127.05081679760058 86.75279183958291 2.4
    endloop
  endfacet
  facet normal -0.9986295347545742 -0.052335956242940414 0
    outer loop
      vertex 127.05081679760058 86.75279183958291 2.4
      vertex 127.05081679760058 86.75279183958291 6.4
      vertex 127.03000000000002 87.14999999999999 2.4
    endloop
  endfacet
  facet normal -0.9986295347545742 0.052335956242940414 0
    outer loop
      vertex 127.03000000000002 87.14999999999999 2.4
      vertex 127.03000000000002 87.14999999999999 6.4
      vertex 127.05081679760058 87.54720816041707 2.4
    endloop
  endfacet
  facet normal -0.9876883405951364 0.1564344650402388 0
    outer loop
      vertex 127.05081679760058 87.54720816041707 2.4
      vertex 127.05081679760058 87.54720816041707 6.4
      vertex 127.11303911721156 87.94006442510748 2.4
    endloop
  endfacet
  facet normal -0.9659258262890698 0.2588190451025153 0
    outer loop
      vertex 127.11303911721156 87.94006442510748 2.4
      vertex 127.11303911721156 87.94006442510748 6.4
      vertex 127.21598523807843 88.32426457862479 2.4
    endloop
  endfacet
  facet normal -0.9335804264972073 0.35836794954528606 0
    outer loop
      vertex 127.21598523807843 88.32426457862479 2.4
      vertex 127.21598523807843 88.32426457862479 6.4
      vertex 127.35852726095813 88.69559924368804 2.4
    endloop
  endfacet
  facet normal -0.8910065241883625 0.4539904997395575 0
    outer loop
      vertex 127.35852726095813 88.69559924368804 2.4
      vertex 127.35852726095813 88.69559924368804 6.4
      vertex 127.53910346561915 89.05 2.4
    endloop
  endfacet
  facet normal -0.8386705679454267 0.5446390350150229 0
    outer loop
      vertex 127.53910346561915 89.05 2.4
      vertex 127.53910346561915 89.05 6.4
      vertex 127.7557354213752 89.38358395871138 2.4
    endloop
  endfacet
  facet normal -0.7771459614569745 0.629320391049833 0
    outer loop
      vertex 127.7557354213752 89.38358395871138 2.4
      vertex 127.7557354213752 89.38358395871138 6.4
      vertex 128.0060496631859 89.69269630416365 2.4
    endloop
  endfacet
  facet normal -0.7071067811865297 0.7071067811865653 0
    outer loop
      vertex 128.0060496631859 89.69269630416365 2.4
      vertex 128.0060496631859 89.69269630416365 6.4
      vertex 128.28730369583636 89.97395033681408 2.4
    endloop
  endfacet
  facet normal -0.6293203910498545 0.777145961456957 0
    outer loop
      vertex 128.28730369583636 89.97395033681408 2.4
      vertex 128.28730369583636 89.97395033681408 6.4
      vertex 128.59641604128862 90.2242645786248 2.4
    endloop
  endfacet
  facet normal -0.5446390350150229 0.8386705679454267 0
    outer loop
      vertex 128.59641604128862 90.2242645786248 2.4
      vertex 128.59641604128862 90.2242645786248 6.4
      vertex 128.93 90.44089653438085 2.4
    endloop
  endfacet
  facet normal -0.453990499739543 0.8910065241883697 0
    outer loop
      vertex 128.93 90.44089653438085 2.4
      vertex 128.93 90.44089653438085 6.4
      vertex 129.28440075631198 90.62147273904188 2.4
    endloop
  endfacet
  facet normal -0.35836794954528606 0.9335804264972073 0
    outer loop
      vertex 129.28440075631198 90.62147273904188 2.4
      vertex 129.28440075631198 90.62147273904188 6.4
      vertex 129.65573542137523 90.76401476192157 2.4
    endloop
  endfacet
  facet normal -0.2588190451025243 -0.9659258262890674 0
    outer loop
      vertex 130.03993557489252 83.43303911721154 2.4
      vertex 130.03993557489252 83.43303911721154 6.4
      vertex 129.65573542137523 83.53598523807841 2.4
    endloop
  endfacet
  facet normal -0.1564344650402388 -0.9876883405951364 6.650388417538774e-19
    outer loop
      vertex 130.03993557489252 83.43303911721154 2.4
      vertex 130.43279183958293 83.37081679760055 2.4
      vertex 130.43279183958293 83.37081679760055 6.4
    endloop
  endfacet
  facet normal -0.052335956242940414 -0.9986295347545742 2.5539685975909285e-19
    outer loop
      vertex 130.43279183958293 83.37081679760055 2.4
      vertex 130.83 83.35 2.4
      vertex 130.83 83.35 6.4
    endloop
  endfacet
  facet normal 0.052335956242940414 -0.9986295347545742 -2.5539685975909285e-19
    outer loop
      vertex 130.83 83.35 2.4
      vertex 131.2272081604171 83.37081679760055 2.4
      vertex 131.2272081604171 83.37081679760055 6.4
    endloop
  endfacet
  facet normal 0.1564344650402388 -0.9876883405951364 -6.650388417538774e-19
    outer loop
      vertex 131.2272081604171 83.37081679760055 2.4
      vertex 131.6200644251075 83.43303911721154 2.4
      vertex 131.6200644251075 83.43303911721154 6.4
    endloop
  endfacet
  facet normal 0.2588190451025243 -0.9659258262890674 -1.9157804157245082e-18
    outer loop
      vertex 131.6200644251075 83.43303911721154 2.4
      vertex 132.0042645786248 83.53598523807841 2.4
      vertex 132.0042645786248 83.53598523807841 6.4
    endloop
  endfacet
  facet normal 0.35836794954528606 -0.9335804264972073 -1.4034522219179073e-18
    outer loop
      vertex 132.0042645786248 83.53598523807841 2.4
      vertex 132.37559924368804 83.6785272609581 2.4
      vertex 132.37559924368804 83.6785272609581 6.4
    endloop
  endfacet
  facet normal 0.453990499739543 -0.8910065241883697 -2.858375364887771e-18
    outer loop
      vertex 132.37559924368804 83.6785272609581 2.4
      vertex 132.73000000000002 83.85910346561913 2.4
      vertex 132.73000000000002 83.85910346561913 6.4
    endloop
  endfacet
  facet normal 0.5446390350150229 -0.8386705679454267 -5.311422492972364e-19
    outer loop
      vertex 132.73000000000002 83.85910346561913 2.4
      vertex 133.0635839587114 84.07573542137519 2.4
      vertex 133.0635839587114 84.07573542137519 6.4
    endloop
  endfacet
  facet normal 0.6293203910498545 -0.777145961456957 -4.357898956846042e-18
    outer loop
      vertex 133.0635839587114 84.07573542137519 2.4
      vertex 133.37269630416367 84.3260496631859 2.4
      vertex 133.37269630416367 84.3260496631859 6.4
    endloop
  endfacet
  facet normal 0.7071067811865297 -0.7071067811865653 1.8860126965894868e-19
    outer loop
      vertex 133.37269630416367 84.3260496631859 2.4
      vertex 133.65395033681412 84.60730369583634 2.4
      vertex 133.65395033681412 84.60730369583634 6.4
    endloop
  endfacet
  facet normal 0.7771459614569921 -0.6293203910498114 3.8231817688037576e-18
    outer loop
      vertex 133.65395033681412 84.60730369583634 2.4
      vertex 133.9042645786248 84.9164160412886 2.4
      vertex 133.9042645786248 84.9164160412886 6.4
    endloop
  endfacet
  facet normal 0.8386705679454105 -0.5446390350150481 -4.1076419092601026e-18
    outer loop
      vertex 133.9042645786248 84.9164160412886 2.4
      vertex 134.12089653438088 85.24999999999999 2.4
      vertex 134.12089653438088 85.24999999999999 6.4
    endloop
  endfacet
  facet normal 0.8910065241883768 -0.45399049973952904 -1.2569741172490775e-18
    outer loop
      vertex 134.12089653438088 85.24999999999999 2.4
      vertex 134.30147273904188 85.60440075631195 2.4
      vertex 134.30147273904188 85.60440075631195 6.4
    endloop
  endfacet
  facet normal 0.9335804264971833 -0.35836794954534834 -1.4610733569700049e-18
    outer loop
      vertex 134.30147273904188 85.60440075631195 2.4
      vertex 134.4440147619216 85.97573542137519 2.4
      vertex 134.4440147619216 85.97573542137519 6.4
    endloop
  endfacet
  facet normal 0.9659258262890698 -0.2588190451025153 1.7200459782391548e-18
    outer loop
      vertex 134.4440147619216 85.97573542137519 2.4
      vertex 134.54696088278848 86.3599355748925 2.4
      vertex 134.54696088278848 86.3599355748925 6.4
    endloop
  endfacet
  facet normal 0.9876883405951364 -0.1564344650402388 -6.650388417538774e-19
    outer loop
      vertex 134.54696088278848 86.3599355748925 2.4
      vertex 134.60918320239946 86.75279183958291 2.4
      vertex 134.60918320239946 86.75279183958291 6.4
    endloop
  endfacet
  facet normal 0.9986295347545742 -0.052335956242940414 -2.5539685975909285e-19
    outer loop
      vertex 134.60918320239946 86.75279183958291 2.4
      vertex 134.63000000000002 87.14999999999999 2.4
      vertex 134.63000000000002 87.14999999999999 6.4
    endloop
  endfacet
  facet normal 0.9986295347545742 0.052335956242940414 2.5539685975909285e-19
    outer loop
      vertex 134.63000000000002 87.14999999999999 2.4
      vertex 134.60918320239946 87.54720816041707 2.4
      vertex 134.60918320239946 87.54720816041707 6.4
    endloop
  endfacet
  facet normal 0.9876883405951364 0.1564344650402388 6.650388417538774e-19
    outer loop
      vertex 134.60918320239946 87.54720816041707 2.4
      vertex 134.54696088278848 87.94006442510748 2.4
      vertex 134.54696088278848 87.94006442510748 6.4
    endloop
  endfacet
  facet normal 0.9659258262890698 0.2588190451025153 -1.7200459782391548e-18
    outer loop
      vertex 134.54696088278848 87.94006442510748 2.4
      vertex 134.4440147619216 88.32426457862479 2.4
      vertex 134.4440147619216 88.32426457862479 6.4
    endloop
  endfacet
  facet normal 0.9335804264971833 0.35836794954534834 1.4610733569700049e-18
    outer loop
      vertex 134.4440147619216 88.32426457862479 2.4
      vertex 134.30147273904188 88.69559924368804 2.4
      vertex 134.30147273904188 88.69559924368804 6.4
    endloop
  endfacet
  facet normal -0.2588190451025243 0.9659258262890674 0
    outer loop
      vertex 129.65573542137523 90.76401476192157 2.4
      vertex 129.65573542137523 90.76401476192157 6.4
      vertex 130.03993557489252 90.86696088278845 2.4
    endloop
  endfacet
  facet normal -0.1564344650402388 0.9876883405951364 0
    outer loop
      vertex 130.03993557489252 90.86696088278845 2.4
      vertex 130.03993557489252 90.86696088278845 6.4
      vertex 130.43279183958293 90.92918320239943 2.4
    endloop
  endfacet
  facet normal -0.052335956242940414 0.9986295347545742 0
    outer loop
      vertex 130.43279183958293 90.92918320239943 2.4
      vertex 130.43279183958293 90.92918320239943 6.4
      vertex 130.83 90.94999999999999 2.4
    endloop
  endfacet
  facet normal 0.2588190451025243 0.9659258262890674 0
    outer loop
      vertex 131.6200644251075 90.86696088278845 2.4
      vertex 131.6200644251075 90.86696088278845 6.4
      vertex 132.0042645786248 90.76401476192157 2.4
    endloop
  endfacet
  facet normal 0.052335956242940414 0.9986295347545742 0
    outer loop
      vertex 130.83 90.94999999999999 2.4
      vertex 130.83 90.94999999999999 6.4
      vertex 131.2272081604171 90.92918320239943 2.4
    endloop
  endfacet
  facet normal 0.1564344650402388 0.9876883405951364 6.650388417538774e-19
    outer loop
      vertex 131.6200644251075 90.86696088278845 2.4
      vertex 131.2272081604171 90.92918320239943 2.4
      vertex 131.2272081604171 90.92918320239943 6.4
    endloop
  endfacet
  facet normal 0.6293203910498545 0.777145961456957 4.357898956846042e-18
    outer loop
      vertex 133.37269630416367 89.97395033681408 2.4
      vertex 133.0635839587114 90.2242645786248 2.4
      vertex 133.0635839587114 90.2242645786248 6.4
    endloop
  endfacet
  facet normal 0.7771459614569921 0.6293203910498114 -3.8231817688037576e-18
    outer loop
      vertex 133.9042645786248 89.38358395871138 2.4
      vertex 133.65395033681412 89.69269630416365 2.4
      vertex 133.65395033681412 89.69269630416365 6.4
    endloop
  endfacet
  facet normal 0.7071067811865297 0.7071067811865653 0
    outer loop
      vertex 133.37269630416367 89.97395033681408 2.4
      vertex 133.37269630416367 89.97395033681408 6.4
      vertex 133.65395033681412 89.69269630416365 2.4
    endloop
  endfacet
  facet normal 0.35836794954528606 0.9335804264972073 0
    outer loop
      vertex 132.0042645786248 90.76401476192157 2.4
      vertex 132.0042645786248 90.76401476192157 6.4
      vertex 132.37559924368804 90.62147273904188 2.4
    endloop
  endfacet
  facet normal 0.5446390350150229 0.8386705679454267 0
    outer loop
      vertex 132.73000000000002 90.44089653438085 2.4
      vertex 132.73000000000002 90.44089653438085 6.4
      vertex 133.0635839587114 90.2242645786248 2.4
    endloop
  endfacet
  facet normal 0.453990499739543 0.8910065241883697 2.858375364887771e-18
    outer loop
      vertex 132.73000000000002 90.44089653438085 2.4
      vertex 132.37559924368804 90.62147273904188 2.4
      vertex 132.37559924368804 90.62147273904188 6.4
    endloop
  endfacet
  facet normal 0.8910065241883768 0.45399049973952904 0
    outer loop
      vertex 134.12089653438088 89.05 2.4
      vertex 134.12089653438088 89.05 6.4
      vertex 134.30147273904188 88.69559924368804 2.4
    endloop
  endfacet
  facet normal 0.8386705679454105 0.5446390350150481 0
    outer loop
      vertex 133.9042645786248 89.38358395871138 2.4
      vertex 133.9042645786248 89.38358395871138 6.4
      vertex 134.12089653438088 89.05 2.4
    endloop
  endfacet
  facet normal -0.8910065241883625 -0.4539904997395575 0
    outer loop
      vertex 127.35852726095813 85.60440075631195 2.4
      vertex 127.53910346561915 85.24999999999999 6.4
      vertex 127.35852726095813 85.60440075631195 6.4
    endloop
  endfacet
  facet normal -0.6293203910498545 -0.777145961456957 0
    outer loop
      vertex 128.28730369583636 84.3260496631859 2.4
      vertex 128.59641604128862 84.07573542137519 6.4
      vertex 128.28730369583636 84.3260496631859 6.4
    endloop
  endfacet
  facet normal -0.453990499739543 -0.8910065241883697 0
    outer loop
      vertex 128.93 83.85910346561913 2.4
      vertex 129.28440075631198 83.6785272609581 6.4
      vertex 128.93 83.85910346561913 6.4
    endloop
  endfacet
  facet normal -0.5446390350150229 -0.8386705679454267 0
    outer loop
      vertex 128.59641604128862 84.07573542137519 2.4
      vertex 128.93 83.85910346561913 6.4
      vertex 128.59641604128862 84.07573542137519 6.4
    endloop
  endfacet
  facet normal -0.35836794954528606 -0.9335804264972073 0
    outer loop
      vertex 129.28440075631198 83.6785272609581 2.4
      vertex 129.65573542137523 83.53598523807841 6.4
      vertex 129.28440075631198 83.6785272609581 6.4
    endloop
  endfacet
  facet normal -0.7771459614569745 -0.629320391049833 0
    outer loop
      vertex 127.7557354213752 84.9164160412886 2.4
      vertex 128.0060496631859 84.60730369583634 6.4
      vertex 127.7557354213752 84.9164160412886 6.4
    endloop
  endfacet
  facet normal -0.7071067811865297 -0.7071067811865653 0
    outer loop
      vertex 128.0060496631859 84.60730369583634 2.4
      vertex 128.28730369583636 84.3260496631859 6.4
      vertex 128.0060496631859 84.60730369583634 6.4
    endloop
  endfacet
  facet normal -0.8386705679454267 -0.5446390350150229 0
    outer loop
      vertex 127.53910346561915 85.24999999999999 2.4
      vertex 127.7557354213752 84.9164160412886 6.4
      vertex 127.53910346561915 85.24999999999999 6.4
    endloop
  endfacet
  facet normal -0.9335804264972073 -0.35836794954528606 0
    outer loop
      vertex 127.21598523807843 85.97573542137519 2.4
      vertex 127.35852726095813 85.60440075631195 6.4
      vertex 127.21598523807843 85.97573542137519 6.4
    endloop
  endfacet
  facet normal -0.9659258262890698 -0.2588190451025153 0
    outer loop
      vertex 127.11303911721156 86.3599355748925 2.4
      vertex 127.21598523807843 85.97573542137519 6.4
      vertex 127.11303911721156 86.3599355748925 6.4
    endloop
  endfacet
  facet normal -0.9876883405951364 -0.1564344650402388 0
    outer loop
      vertex 127.05081679760058 86.75279183958291 2.4
      vertex 127.11303911721156 86.3599355748925 6.4
      vertex 127.05081679760058 86.75279183958291 6.4
    endloop
  endfacet
  facet normal -0.9986295347545742 -0.052335956242940414 0
    outer loop
      vertex 127.03000000000002 87.14999999999999 2.4
      vertex 127.05081679760058 86.75279183958291 6.4
      vertex 127.03000000000002 87.14999999999999 6.4
    endloop
  endfacet
  facet normal -0.9986295347545742 0.052335956242940414 0
    outer loop
      vertex 127.05081679760058 87.54720816041707 2.4
      vertex 127.03000000000002 87.14999999999999 6.4
      vertex 127.05081679760058 87.54720816041707 6.4
    endloop
  endfacet
  facet normal -0.9876883405951364 0.1564344650402388 0
    outer loop
      vertex 127.11303911721156 87.94006442510748 2.4
      vertex 127.05081679760058 87.54720816041707 6.4
      vertex 127.11303911721156 87.94006442510748 6.4
    endloop
  endfacet
  facet normal -0.9659258262890698 0.2588190451025153 0
    outer loop
      vertex 127.21598523807843 88.32426457862479 2.4
      vertex 127.11303911721156 87.94006442510748 6.4
      vertex 127.21598523807843 88.32426457862479 6.4
    endloop
  endfacet
  facet normal -0.9335804264972073 0.35836794954528606 0
    outer loop
      vertex 127.35852726095813 88.69559924368804 2.4
      vertex 127.21598523807843 88.32426457862479 6.4
      vertex 127.35852726095813 88.69559924368804 6.4
    endloop
  endfacet
  facet normal -0.8910065241883625 0.4539904997395575 0
    outer loop
      vertex 127.53910346561915 89.05 2.4
      vertex 127.35852726095813 88.69559924368804 6.4
      vertex 127.53910346561915 89.05 6.4
    endloop
  endfacet
  facet normal -0.8386705679454267 0.5446390350150229 0
    outer loop
      vertex 127.7557354213752 89.38358395871138 2.4
      vertex 127.53910346561915 89.05 6.4
      vertex 127.7557354213752 89.38358395871138 6.4
    endloop
  endfacet
  facet normal -0.7771459614569745 0.629320391049833 0
    outer loop
      vertex 128.0060496631859 89.69269630416365 2.4
      vertex 127.7557354213752 89.38358395871138 6.4
      vertex 128.0060496631859 89.69269630416365 6.4
    endloop
  endfacet
  facet normal -0.7071067811865297 0.7071067811865653 0
    outer loop
      vertex 128.28730369583636 89.97395033681408 2.4
      vertex 128.0060496631859 89.69269630416365 6.4
      vertex 128.28730369583636 89.97395033681408 6.4
    endloop
  endfacet
  facet normal -0.6293203910498545 0.777145961456957 0
    outer loop
      vertex 128.59641604128862 90.2242645786248 2.4
      vertex 128.28730369583636 89.97395033681408 6.4
      vertex 128.59641604128862 90.2242645786248 6.4
    endloop
  endfacet
  facet normal -0.5446390350150229 0.8386705679454267 0
    outer loop
      vertex 128.93 90.44089653438085 2.4
      vertex 128.59641604128862 90.2242645786248 6.4
      vertex 128.93 90.44089653438085 6.4
    endloop
  endfacet
  facet normal -0.453990499739543 0.8910065241883697 0
    outer loop
      vertex 129.28440075631198 90.62147273904188 2.4
      vertex 128.93 90.44089653438085 6.4
      vertex 129.28440075631198 90.62147273904188 6.4
    endloop
  endfacet
  facet normal -0.35836794954528606 0.9335804264972073 0
    outer loop
      vertex 129.65573542137523 90.76401476192157 2.4
      vertex 129.28440075631198 90.62147273904188 6.4
      vertex 129.65573542137523 90.76401476192157 6.4
    endloop
  endfacet
  facet normal -0.2588190451025243 -0.9659258262890674 0
    outer loop
      vertex 129.65573542137523 83.53598523807841 2.4
      vertex 130.03993557489252 83.43303911721154 6.4
      vertex 129.65573542137523 83.53598523807841 6.4
    endloop
  endfacet
  facet normal -0.1564344650402388 -0.9876883405951364 0
    outer loop
      vertex 130.03993557489252 83.43303911721154 2.4
      vertex 130.43279183958293 83.37081679760055 6.4
      vertex 130.03993557489252 83.43303911721154 6.4
    endloop
  endfacet
  facet normal -0.052335956242940414 -0.9986295347545742 0
    outer loop
      vertex 130.43279183958293 83.37081679760055 2.4
      vertex 130.83 83.35 6.4
      vertex 130.43279183958293 83.37081679760055 6.4
    endloop
  endfacet
  facet normal 0.052335956242940414 -0.9986295347545742 0
    outer loop
      vertex 130.83 83.35 2.4
      vertex 131.2272081604171 83.37081679760055 6.4
      vertex 130.83 83.35 6.4
    endloop
  endfacet
  facet normal 0.1564344650402388 -0.9876883405951364 0
    outer loop
      vertex 131.2272081604171 83.37081679760055 2.4
      vertex 131.6200644251075 83.43303911721154 6.4
      vertex 131.2272081604171 83.37081679760055 6.4
    endloop
  endfacet
  facet normal 0.2588190451025243 -0.9659258262890674 0
    outer loop
      vertex 131.6200644251075 83.43303911721154 2.4
      vertex 132.0042645786248 83.53598523807841 6.4
      vertex 131.6200644251075 83.43303911721154 6.4
    endloop
  endfacet
  facet normal 0.35836794954528606 -0.9335804264972073 0
    outer loop
      vertex 132.0042645786248 83.53598523807841 2.4
      vertex 132.37559924368804 83.6785272609581 6.4
      vertex 132.0042645786248 83.53598523807841 6.4
    endloop
  endfacet
  facet normal 0.453990499739543 -0.8910065241883697 0
    outer loop
      vertex 132.37559924368804 83.6785272609581 2.4
      vertex 132.73000000000002 83.85910346561913 6.4
      vertex 132.37559924368804 83.6785272609581 6.4
    endloop
  endfacet
  facet normal 0.5446390350150229 -0.8386705679454267 0
    outer loop
      vertex 132.73000000000002 83.85910346561913 2.4
      vertex 133.0635839587114 84.07573542137519 6.4
      vertex 132.73000000000002 83.85910346561913 6.4
    endloop
  endfacet
  facet normal 0.6293203910498545 -0.777145961456957 0
    outer loop
      vertex 133.0635839587114 84.07573542137519 2.4
      vertex 133.37269630416367 84.3260496631859 6.4
      vertex 133.0635839587114 84.07573542137519 6.4
    endloop
  endfacet
  facet normal 0.7071067811865297 -0.7071067811865653 0
    outer loop
      vertex 133.37269630416367 84.3260496631859 2.4
      vertex 133.65395033681412 84.60730369583634 6.4
      vertex 133.37269630416367 84.3260496631859 6.4
    endloop
  endfacet
  facet normal 0.7771459614569921 -0.6293203910498114 0
    outer loop
      vertex 133.65395033681412 84.60730369583634 2.4
      vertex 133.9042645786248 84.9164160412886 6.4
      vertex 133.65395033681412 84.60730369583634 6.4
    endloop
  endfacet
  facet normal 0.8386705679454105 -0.5446390350150481 0
    outer loop
      vertex 133.9042645786248 84.9164160412886 2.4
      vertex 134.12089653438088 85.24999999999999 6.4
      vertex 133.9042645786248 84.9164160412886 6.4
    endloop
  endfacet
  facet normal 0.8910065241883768 -0.45399049973952904 0
    outer loop
      vertex 134.12089653438088 85.24999999999999 2.4
      vertex 134.30147273904188 85.60440075631195 6.4
      vertex 134.12089653438088 85.24999999999999 6.4
    endloop
  endfacet
  facet normal 0.9335804264971833 -0.35836794954534834 0
    outer loop
      vertex 134.30147273904188 85.60440075631195 2.4
      vertex 134.4440147619216 85.97573542137519 6.4
      vertex 134.30147273904188 85.60440075631195 6.4
    endloop
  endfacet
  facet normal 0.9659258262890698 -0.2588190451025153 0
    outer loop
      vertex 134.4440147619216 85.97573542137519 2.4
      vertex 134.54696088278848 86.3599355748925 6.4
      vertex 134.4440147619216 85.97573542137519 6.4
    endloop
  endfacet
  facet normal 0.9876883405951364 -0.1564344650402388 0
    outer loop
      vertex 134.54696088278848 86.3599355748925 2.4
      vertex 134.60918320239946 86.75279183958291 6.4
      vertex 134.54696088278848 86.3599355748925 6.4
    endloop
  endfacet
  facet normal 0.9986295347545742 -0.052335956242940414 0
    outer loop
      vertex 134.60918320239946 86.75279183958291 2.4
      vertex 134.63000000000002 87.14999999999999 6.4
      vertex 134.60918320239946 86.75279183958291 6.4
    endloop
  endfacet
  facet normal 0.9986295347545742 0.052335956242940414 0
    outer loop
      vertex 134.63000000000002 87.14999999999999 2.4
      vertex 134.60918320239946 87.54720816041707 6.4
      vertex 134.63000000000002 87.14999999999999 6.4
    endloop
  endfacet
  facet normal 0.9876883405951364 0.1564344650402388 0
    outer loop
      vertex 134.60918320239946 87.54720816041707 2.4
      vertex 134.54696088278848 87.94006442510748 6.4
      vertex 134.60918320239946 87.54720816041707 6.4
    endloop
  endfacet
  facet normal 0.9335804264971833 0.35836794954534834 0
    outer loop
      vertex 134.4440147619216 88.32426457862479 2.4
      vertex 134.30147273904188 88.69559924368804 6.4
      vertex 134.4440147619216 88.32426457862479 6.4
    endloop
  endfacet
  facet normal 0.9659258262890698 0.2588190451025153 0
    outer loop
      vertex 134.54696088278848 87.94006442510748 2.4
      vertex 134.4440147619216 88.32426457862479 6.4
      vertex 134.54696088278848 87.94006442510748 6.4
    endloop
  endfacet
  facet normal -0.2588190451025243 0.9659258262890674 0
    outer loop
      vertex 130.03993557489252 90.86696088278845 2.4
      vertex 129.65573542137523 90.76401476192157 6.4
      vertex 130.03993557489252 90.86696088278845 6.4
    endloop
  endfacet
  facet normal -0.1564344650402388 0.9876883405951364 0
    outer loop
      vertex 130.43279183958293 90.92918320239943 2.4
      vertex 130.03993557489252 90.86696088278845 6.4
      vertex 130.43279183958293 90.92918320239943 6.4
    endloop
  endfacet
  facet normal -0.052335956242940414 0.9986295347545742 0
    outer loop
      vertex 130.83 90.94999999999999 2.4
      vertex 130.43279183958293 90.92918320239943 6.4
      vertex 130.83 90.94999999999999 6.4
    endloop
  endfacet
  facet normal 0.1564344650402388 0.9876883405951364 0
    outer loop
      vertex 131.6200644251075 90.86696088278845 2.4
      vertex 131.2272081604171 90.92918320239943 6.4
      vertex 131.6200644251075 90.86696088278845 6.4
    endloop
  endfacet
  facet normal 0.052335956242940414 0.9986295347545742 0
    outer loop
      vertex 131.2272081604171 90.92918320239943 2.4
      vertex 130.83 90.94999999999999 6.4
      vertex 131.2272081604171 90.92918320239943 6.4
    endloop
  endfacet
  facet normal 0.6293203910498545 0.777145961456957 0
    outer loop
      vertex 133.37269630416367 89.97395033681408 2.4
      vertex 133.0635839587114 90.2242645786248 6.4
      vertex 133.37269630416367 89.97395033681408 6.4
    endloop
  endfacet
  facet normal 0.7071067811865297 0.7071067811865653 0
    outer loop
      vertex 133.65395033681412 89.69269630416365 2.4
      vertex 133.37269630416367 89.97395033681408 6.4
      vertex 133.65395033681412 89.69269630416365 6.4
    endloop
  endfacet
  facet normal 0.7771459614569921 0.6293203910498114 0
    outer loop
      vertex 133.9042645786248 89.38358395871138 2.4
      vertex 133.65395033681412 89.69269630416365 6.4
      vertex 133.9042645786248 89.38358395871138 6.4
    endloop
  endfacet
  facet normal 0.2588190451025243 0.9659258262890674 0
    outer loop
      vertex 132.0042645786248 90.76401476192157 2.4
      vertex 131.6200644251075 90.86696088278845 6.4
      vertex 132.0042645786248 90.76401476192157 6.4
    endloop
  endfacet
  facet normal 0.35836794954528606 0.9335804264972073 0
    outer loop
      vertex 132.37559924368804 90.62147273904188 2.4
      vertex 132.0042645786248 90.76401476192157 6.4
      vertex 132.37559924368804 90.62147273904188 6.4
    endloop
  endfacet
  facet normal 0.453990499739543 0.8910065241883697 0
    outer loop
      vertex 132.73000000000002 90.44089653438085 2.4
      vertex 132.37559924368804 90.62147273904188 6.4
      vertex 132.73000000000002 90.44089653438085 6.4
    endloop
  endfacet
  facet normal 0.5446390350150229 0.8386705679454267 0
    outer loop
      vertex 133.0635839587114 90.2242645786248 2.4
      vertex 132.73000000000002 90.44089653438085 6.4
      vertex 133.0635839587114 90.2242645786248 6.4
    endloop
  endfacet
  facet normal 0.8910065241883768 0.45399049973952904 0
    outer loop
      vertex 134.30147273904188 88.69559924368804 2.4
      vertex 134.12089653438088 89.05 6.4
      vertex 134.30147273904188 88.69559924368804 6.4
    endloop
  endfacet
  facet normal 0.8386705679454105 0.5446390350150481 0
    outer loop
      vertex 134.12089653438088 89.05 2.4
      vertex 133.9042645786248 89.38358395871138 6.4
      vertex 134.12089653438088 89.05 6.4
    endloop
  endfacet
  facet normal 0 0 1
    outer loop
      vertex 129.28440075631198 83.6785272609581 6.4
      vertex 129.65573542137523 83.53598523807841 6.4
      vertex 129.4132703589549 86.40644292472996 6.4
    endloop
  endfacet
  facet normal 0 0 1
    outer loop
      vertex 129.65573542137523 83.53598523807841 6.4
      vertex 129.63238280292626 86.08900374681473 6.4
      vertex 129.4132703589549 86.40644292472996 6.4
    endloop
  endfacet
  facet normal 0 0 1
    outer loop
      vertex 129.28440075631198 83.6785272609581 6.4
      vertex 129.4132703589549 86.40644292472996 6.4
      vertex 129.27649309211833 86.7670949371399 6.4
    endloop
  endfacet
  facet normal 0 0 1
    outer loop
      vertex 127.21598523807843 85.97573542137519 6.4
      vertex 127.11303911721156 87.94006442510748 6.4
      vertex 127.11303911721156 86.3599355748925 6.4
    endloop
  endfacet
  facet normal 0 0 1
    outer loop
      vertex 127.35852726095813 85.60440075631195 6.4
      vertex 127.21598523807843 88.32426457862479 6.4
      vertex 127.21598523807843 85.97573542137519 6.4
    endloop
  endfacet
  facet normal 0 0 1
    outer loop
      vertex 127.35852726095813 85.60440075631195 6.4
      vertex 127.53910346561915 85.24999999999999 6.4
      vertex 127.35852726095813 88.69559924368804 6.4
    endloop
  endfacet
  facet normal 0 0 1
    outer loop
      vertex 127.11303911721156 86.3599355748925 6.4
      vertex 127.05081679760058 87.54720816041707 6.4
      vertex 127.05081679760058 86.75279183958291 6.4
    endloop
  endfacet
  facet normal 0 0 1
    outer loop
      vertex 127.05081679760058 86.75279183958291 6.4
      vertex 127.05081679760058 87.54720816041707 6.4
      vertex 127.03000000000002 87.14999999999999 6.4
    endloop
  endfacet
  facet normal 0 0 1
    outer loop
      vertex 127.11303911721156 86.3599355748925 6.4
      vertex 127.11303911721156 87.94006442510748 6.4
      vertex 127.05081679760058 87.54720816041707 6.4
    endloop
  endfacet
  facet normal 0 0 1
    outer loop
      vertex 127.21598523807843 85.97573542137519 6.4
      vertex 127.21598523807843 88.32426457862479 6.4
      vertex 127.11303911721156 87.94006442510748 6.4
    endloop
  endfacet
  facet normal 0 0 1
    outer loop
      vertex 127.35852726095813 85.60440075631195 6.4
      vertex 127.35852726095813 88.69559924368804 6.4
      vertex 127.21598523807843 88.32426457862479 6.4
    endloop
  endfacet
  facet normal 0 0 1
    outer loop
      vertex 127.7557354213752 84.9164160412886 6.4
      vertex 127.53910346561915 89.05 6.4
      vertex 127.53910346561915 85.24999999999999 6.4
    endloop
  endfacet
  facet normal 0 0 1
    outer loop
      vertex 128.0060496631859 84.60730369583634 6.4
      vertex 127.7557354213752 89.38358395871138 6.4
      vertex 127.7557354213752 84.9164160412886 6.4
    endloop
  endfacet
  facet normal 0 0 1
    outer loop
      vertex 128.0060496631859 84.60730369583634 6.4
      vertex 128.28730369583636 84.3260496631859 6.4
      vertex 128.0060496631859 89.69269630416365 6.4
    endloop
  endfacet
  facet normal 0 0 1
    outer loop
      vertex 128.59641604128862 84.07573542137519 6.4
      vertex 128.28730369583636 89.97395033681408 6.4
      vertex 128.28730369583636 84.3260496631859 6.4
    endloop
  endfacet
  facet normal 0 0 1
    outer loop
      vertex 128.93 83.85910346561913 6.4
      vertex 128.59641604128862 90.2242645786248 6.4
      vertex 128.59641604128862 84.07573542137519 6.4
    endloop
  endfacet
  facet normal 0 0 1
    outer loop
      vertex 128.93 83.85910346561913 6.4
      vertex 129.28440075631198 83.6785272609581 6.4
      vertex 128.93 90.44089653438085 6.4
    endloop
  endfacet
  facet normal 0 0 1
    outer loop
      vertex 129.28440075631198 83.6785272609581 6.4
      vertex 129.27649309211833 86.7670949371399 6.4
      vertex 129.23000000000002 87.14999999999999 6.4
    endloop
  endfacet
  facet normal 0 0 1
    outer loop
      vertex 129.28440075631198 83.6785272609581 6.4
      vertex 129.23000000000002 87.14999999999999 6.4
      vertex 128.93 90.44089653438085 6.4
    endloop
  endfacet
  facet normal 0 0 1
    outer loop
      vertex 127.53910346561915 85.24999999999999 6.4
      vertex 127.53910346561915 89.05 6.4
      vertex 127.35852726095813 88.69559924368804 6.4
    endloop
  endfacet
  facet normal 0 0 1
    outer loop
      vertex 127.7557354213752 84.9164160412886 6.4
      vertex 127.7557354213752 89.38358395871138 6.4
      vertex 127.53910346561915 89.05 6.4
    endloop
  endfacet
  facet normal 0 0 1
    outer loop
      vertex 128.0060496631859 84.60730369583634 6.4
      vertex 128.0060496631859 89.69269630416365 6.4
      vertex 127.7557354213752 89.38358395871138 6.4
    endloop
  endfacet
  facet normal 0 0 1
    outer loop
      vertex 128.28730369583636 84.3260496631859 6.4
      vertex 128.28730369583636 89.97395033681408 6.4
      vertex 128.0060496631859 89.69269630416365 6.4
    endloop
  endfacet
  facet normal 0 0 1
    outer loop
      vertex 128.59641604128862 84.07573542137519 6.4
      vertex 128.59641604128862 90.2242645786248 6.4
      vertex 128.28730369583636 89.97395033681408 6.4
    endloop
  endfacet
  facet normal 0 0 1
    outer loop
      vertex 128.93 83.85910346561913 6.4
      vertex 128.93 90.44089653438085 6.4
      vertex 128.59641604128862 90.2242645786248 6.4
    endloop
  endfacet
  facet normal 0 0 1
    outer loop
      vertex 128.93 90.44089653438085 6.4
      vertex 129.23000000000002 87.14999999999999 6.4
      vertex 129.27649309211833 87.53290506286008 6.4
    endloop
  endfacet
  facet normal 0 0 1
    outer loop
      vertex 128.93 90.44089653438085 6.4
      vertex 129.27649309211833 87.53290506286008 6.4
      vertex 129.4132703589549 87.89355707527002 6.4
    endloop
  endfacet
  facet normal 0 0 1
    outer loop
      vertex 129.28440075631198 90.62147273904188 6.4
      vertex 129.4132703589549 87.89355707527002 6.4
      vertex 129.63238280292626 88.21099625318526 6.4
    endloop
  endfacet
  facet normal 0 0 1
    outer loop
      vertex 129.28440075631198 90.62147273904188 6.4
      vertex 129.63238280292626 88.21099625318526 6.4
      vertex 129.92109640523017 88.46677418542984 6.4
    endloop
  endfacet
  facet normal 0 0 1
    outer loop
      vertex 128.93 90.44089653438085 6.4
      vertex 129.4132703589549 87.89355707527002 6.4
      vertex 129.28440075631198 90.62147273904188 6.4
    endloop
  endfacet
  facet normal 0 0 1
    outer loop
      vertex 129.28440075631198 90.62147273904188 6.4
      vertex 129.92109640523017 88.46677418542984 6.4
      vertex 129.65573542137523 90.76401476192157 6.4
    endloop
  endfacet
  facet normal 0 0 1
    outer loop
      vertex 130.03993557489252 83.43303911721154 6.4
      vertex 130.43279183958293 83.37081679760055 6.4
      vertex 130.26263218073194 85.65397401170333 6.4
    endloop
  endfacet
  facet normal 0 0 1
    outer loop
      vertex 130.43279183958293 83.37081679760055 6.4
      vertex 130.83 83.35 6.4
      vertex 130.6371413115915 85.5616658014431 6.4
    endloop
  endfacet
  facet normal 0 0 1
    outer loop
      vertex 130.83 83.35 6.4
      vertex 131.2272081604171 83.37081679760055 6.4
      vertex 131.02285868840852 85.5616658014431 6.4
    endloop
  endfacet
  facet normal 0 0 1
    outer loop
      vertex 131.2272081604171 83.37081679760055 6.4
      vertex 131.6200644251075 83.43303911721154 6.4
      vertex 131.02285868840852 85.5616658014431 6.4
    endloop
  endfacet
  facet normal 0 0 1
    outer loop
      vertex 131.6200644251075 83.43303911721154 6.4
      vertex 132.0042645786248 83.53598523807841 6.4
      vertex 131.39736781926808 85.65397401170333 6.4
    endloop
  endfacet
  facet normal 0 0 1
    outer loop
      vertex 130.03993557489252 83.43303911721154 6.4
      vertex 129.63238280292626 86.08900374681473 6.4
      vertex 129.65573542137523 83.53598523807841 6.4
    endloop
  endfacet
  facet normal 0 0 1
    outer loop
      vertex 130.03993557489252 83.43303911721154 6.4
      vertex 130.26263218073194 85.65397401170333 6.4
      vertex 129.92109640523017 85.83322581457014 6.4
    endloop
  endfacet
  facet normal 0 0 1
    outer loop
      vertex 130.43279183958293 83.37081679760055 6.4
      vertex 130.6371413115915 85.5616658014431 6.4
      vertex 130.26263218073194 85.65397401170333 6.4
    endloop
  endfacet
  facet normal 0 0 1
    outer loop
      vertex 130.03993557489252 83.43303911721154 6.4
      vertex 129.92109640523017 85.83322581457014 6.4
      vertex 129.63238280292626 86.08900374681473 6.4
    endloop
  endfacet
  facet normal 0 0 1
    outer loop
      vertex 130.83 83.35 6.4
      vertex 131.02285868840852 85.5616658014431 6.4
      vertex 130.6371413115915 85.5616658014431 6.4
    endloop
  endfacet
  facet normal 0 0 1
    outer loop
      vertex 131.6200644251075 83.43303911721154 6.4
      vertex 131.39736781926808 85.65397401170333 6.4
      vertex 131.02285868840852 85.5616658014431 6.4
    endloop
  endfacet
  facet normal 0 0 1
    outer loop
      vertex 132.0042645786248 83.53598523807841 6.4
      vertex 131.73890359476985 85.83322581457014 6.4
      vertex 131.39736781926808 85.65397401170333 6.4
    endloop
  endfacet
  facet normal 0 0 1
    outer loop
      vertex 132.0042645786248 83.53598523807841 6.4
      vertex 132.37559924368804 83.6785272609581 6.4
      vertex 131.73890359476985 85.83322581457014 6.4
    endloop
  endfacet
  facet normal 0 0 1
    outer loop
      vertex 132.37559924368804 83.6785272609581 6.4
      vertex 132.73000000000002 83.85910346561913 6.4
      vertex 132.24672964104514 86.40644292472996 6.4
    endloop
  endfacet
  facet normal 0 0 1
    outer loop
      vertex 132.37559924368804 83.6785272609581 6.4
      vertex 132.02761719707377 86.08900374681473 6.4
      vertex 131.73890359476985 85.83322581457014 6.4
    endloop
  endfacet
  facet normal 0 0 1
    outer loop
      vertex 132.37559924368804 83.6785272609581 6.4
      vertex 132.24672964104514 86.40644292472996 6.4
      vertex 132.02761719707377 86.08900374681473 6.4
    endloop
  endfacet
  facet normal 0 0 1
    outer loop
      vertex 132.73000000000002 83.85910346561913 6.4
      vertex 132.3835069078817 86.7670949371399 6.4
      vertex 132.24672964104514 86.40644292472996 6.4
    endloop
  endfacet
  facet normal 0 0 1
    outer loop
      vertex 132.73000000000002 83.85910346561913 6.4
      vertex 132.43 87.14999999999999 6.4
      vertex 132.3835069078817 86.7670949371399 6.4
    endloop
  endfacet
  facet normal 0 0 1
    outer loop
      vertex 132.73000000000002 83.85910346561913 6.4
      vertex 133.0635839587114 84.07573542137519 6.4
      vertex 132.73000000000002 90.44089653438085 6.4
    endloop
  endfacet
  facet normal 0 0 1
    outer loop
      vertex 133.0635839587114 84.07573542137519 6.4
      vertex 133.37269630416367 84.3260496631859 6.4
      vertex 133.0635839587114 90.2242645786248 6.4
    endloop
  endfacet
  facet normal 0 0 1
    outer loop
      vertex 133.37269630416367 84.3260496631859 6.4
      vertex 133.65395033681412 84.60730369583634 6.4
      vertex 133.37269630416367 89.97395033681408 6.4
    endloop
  endfacet
  facet normal 0 0 1
    outer loop
      vertex 133.65395033681412 84.60730369583634 6.4
      vertex 133.9042645786248 84.9164160412886 6.4
      vertex 133.65395033681412 89.69269630416365 6.4
    endloop
  endfacet
  facet normal 0 0 1
    outer loop
      vertex 132.73000000000002 83.85910346561913 6.4
      vertex 132.37559924368804 90.62147273904188 6.4
      vertex 132.43 87.14999999999999 6.4
    endloop
  endfacet
  facet normal 0 0 1
    outer loop
      vertex 132.37559924368804 90.62147273904188 6.4
      vertex 132.24672964104514 87.89355707527002 6.4
      vertex 132.3835069078817 87.53290506286008 6.4
    endloop
  endfacet
  facet normal 0 0 1
    outer loop
      vertex 132.73000000000002 83.85910346561913 6.4
      vertex 132.73000000000002 90.44089653438085 6.4
      vertex 132.37559924368804 90.62147273904188 6.4
    endloop
  endfacet
  facet normal 0 0 1
    outer loop
      vertex 132.37559924368804 90.62147273904188 6.4
      vertex 132.3835069078817 87.53290506286008 6.4
      vertex 132.43 87.14999999999999 6.4
    endloop
  endfacet
  facet normal 0 0 1
    outer loop
      vertex 133.0635839587114 84.07573542137519 6.4
      vertex 133.0635839587114 90.2242645786248 6.4
      vertex 132.73000000000002 90.44089653438085 6.4
    endloop
  endfacet
  facet normal 0 0 1
    outer loop
      vertex 133.37269630416367 84.3260496631859 6.4
      vertex 133.37269630416367 89.97395033681408 6.4
      vertex 133.0635839587114 90.2242645786248 6.4
    endloop
  endfacet
  facet normal 0 0 1
    outer loop
      vertex 133.65395033681412 84.60730369583634 6.4
      vertex 133.65395033681412 89.69269630416365 6.4
      vertex 133.37269630416367 89.97395033681408 6.4
    endloop
  endfacet
  facet normal 0 0 1
    outer loop
      vertex 133.9042645786248 84.9164160412886 6.4
      vertex 133.9042645786248 89.38358395871138 6.4
      vertex 133.65395033681412 89.69269630416365 6.4
    endloop
  endfacet
  facet normal 0 0 1
    outer loop
      vertex 133.9042645786248 84.9164160412886 6.4
      vertex 134.12089653438088 85.24999999999999 6.4
      vertex 133.9042645786248 89.38358395871138 6.4
    endloop
  endfacet
  facet normal 0 0 1
    outer loop
      vertex 134.12089653438088 85.24999999999999 6.4
      vertex 134.30147273904188 85.60440075631195 6.4
      vertex 134.12089653438088 89.05 6.4
    endloop
  endfacet
  facet normal 0 0 1
    outer loop
      vertex 134.30147273904188 85.60440075631195 6.4
      vertex 134.4440147619216 85.97573542137519 6.4
      vertex 134.30147273904188 88.69559924368804 6.4
    endloop
  endfacet
  facet normal 0 0 1
    outer loop
      vertex 134.4440147619216 85.97573542137519 6.4
      vertex 134.54696088278848 86.3599355748925 6.4
      vertex 134.4440147619216 88.32426457862479 6.4
    endloop
  endfacet
  facet normal 0 0 1
    outer loop
      vertex 134.54696088278848 86.3599355748925 6.4
      vertex 134.60918320239946 86.75279183958291 6.4
      vertex 134.54696088278848 87.94006442510748 6.4
    endloop
  endfacet
  facet normal 0 0 1
    outer loop
      vertex 134.60918320239946 86.75279183958291 6.4
      vertex 134.63000000000002 87.14999999999999 6.4
      vertex 134.60918320239946 87.54720816041707 6.4
    endloop
  endfacet
  facet normal 0 0 1
    outer loop
      vertex 134.12089653438088 85.24999999999999 6.4
      vertex 134.12089653438088 89.05 6.4
      vertex 133.9042645786248 89.38358395871138 6.4
    endloop
  endfacet
  facet normal 0 0 1
    outer loop
      vertex 134.4440147619216 85.97573542137519 6.4
      vertex 134.4440147619216 88.32426457862479 6.4
      vertex 134.30147273904188 88.69559924368804 6.4
    endloop
  endfacet
  facet normal 0 0 1
    outer loop
      vertex 134.30147273904188 85.60440075631195 6.4
      vertex 134.30147273904188 88.69559924368804 6.4
      vertex 134.12089653438088 89.05 6.4
    endloop
  endfacet
  facet normal 0 0 1
    outer loop
      vertex 134.60918320239946 86.75279183958291 6.4
      vertex 134.60918320239946 87.54720816041707 6.4
      vertex 134.54696088278848 87.94006442510748 6.4
    endloop
  endfacet
  facet normal 0 0 1
    outer loop
      vertex 134.54696088278848 86.3599355748925 6.4
      vertex 134.54696088278848 87.94006442510748 6.4
      vertex 134.4440147619216 88.32426457862479 6.4
    endloop
  endfacet
  facet normal 0 0 1
    outer loop
      vertex 129.65573542137523 90.76401476192157 6.4
      vertex 129.92109640523017 88.46677418542984 6.4
      vertex 130.26263218073194 88.64602598829666 6.4
    endloop
  endfacet
  facet normal 0 0 1
    outer loop
      vertex 130.03993557489252 90.86696088278845 6.4
      vertex 130.26263218073194 88.64602598829666 6.4
      vertex 130.6371413115915 88.73833419855688 6.4
    endloop
  endfacet
  facet normal 0 0 1
    outer loop
      vertex 129.65573542137523 90.76401476192157 6.4
      vertex 130.26263218073194 88.64602598829666 6.4
      vertex 130.03993557489252 90.86696088278845 6.4
    endloop
  endfacet
  facet normal 0 0 1
    outer loop
      vertex 131.6200644251075 90.86696088278845 6.4
      vertex 131.73890359476985 88.46677418542984 6.4
      vertex 132.02761719707377 88.21099625318526 6.4
    endloop
  endfacet
  facet normal 0 0 1
    outer loop
      vertex 131.6200644251075 90.86696088278845 6.4
      vertex 131.39736781926808 88.64602598829666 6.4
      vertex 131.73890359476985 88.46677418542984 6.4
    endloop
  endfacet
  facet normal 0 0 1
    outer loop
      vertex 130.83 90.94999999999999 6.4
      vertex 130.6371413115915 88.73833419855688 6.4
      vertex 131.02285868840852 88.73833419855688 6.4
    endloop
  endfacet
  facet normal 0 0 1
    outer loop
      vertex 131.2272081604171 90.92918320239943 6.4
      vertex 131.02285868840852 88.73833419855688 6.4
      vertex 131.39736781926808 88.64602598829666 6.4
    endloop
  endfacet
  facet normal 0 0 1
    outer loop
      vertex 131.6200644251075 90.86696088278845 6.4
      vertex 131.2272081604171 90.92918320239943 6.4
      vertex 131.39736781926808 88.64602598829666 6.4
    endloop
  endfacet
  facet normal 0 0 1
    outer loop
      vertex 130.03993557489252 90.86696088278845 6.4
      vertex 130.6371413115915 88.73833419855688 6.4
      vertex 130.43279183958293 90.92918320239943 6.4
    endloop
  endfacet
  facet normal 0 0 1
    outer loop
      vertex 130.43279183958293 90.92918320239943 6.4
      vertex 130.6371413115915 88.73833419855688 6.4
      vertex 130.83 90.94999999999999 6.4
    endloop
  endfacet
  facet normal 0 0 1
    outer loop
      vertex 130.83 90.94999999999999 6.4
      vertex 131.02285868840852 88.73833419855688 6.4
      vertex 131.2272081604171 90.92918320239943 6.4
    endloop
  endfacet
  facet normal 0 0 1
    outer loop
      vertex 132.0042645786248 90.76401476192157 6.4
      vertex 132.02761719707377 88.21099625318526 6.4
      vertex 132.24672964104514 87.89355707527002 6.4
    endloop
  endfacet
  facet normal 0 0 1
    outer loop
      vertex 132.0042645786248 90.76401476192157 6.4
      vertex 132.24672964104514 87.89355707527002 6.4
      vertex 132.37559924368804 90.62147273904188 6.4
    endloop
  endfacet
  facet normal 0 0 1
    outer loop
      vertex 131.6200644251075 90.86696088278845 6.4
      vertex 132.02761719707377 88.21099625318526 6.4
      vertex 132.0042645786248 90.76401476192157 6.4
    endloop
  endfacet
  facet normal 0 0 1
    outer loop
      vertex 6.252382802926237 6.389003746814726 2.4000000000000004
      vertex 6.252382802926237 8.510996253185272 2.4000000000000004
      vertex 6.033270358954863 6.70644292472997 2.4000000000000004
    endloop
  endfacet
  facet normal 0 0 1
    outer loop
      vertex 6.033270358954863 6.70644292472997 2.4000000000000004
      vertex 6.033270358954863 8.193557075270029 2.4000000000000004
      vertex 5.896493092118316 7.067094937139907 2.4000000000000004
    endloop
  endfacet
  facet normal 0 0 1
    outer loop
      vertex 6.54109640523015 6.133225814570149 2.4000000000000004
      vertex 6.54109640523015 8.766774185429849 2.4000000000000004
      vertex 6.252382802926237 6.389003746814726 2.4000000000000004
    endloop
  endfacet
  facet normal 0 0 1
    outer loop
      vertex 5.896493092118316 7.067094937139907 2.4000000000000004
      vertex 5.896493092118316 7.832905062860092 2.4000000000000004
      vertex 5.85 7.449999999999999 2.4000000000000004
    endloop
  endfacet
  facet normal 0 0 1
    outer loop
      vertex 5.896493092118316 7.067094937139907 2.4000000000000004
      vertex 6.033270358954863 8.193557075270029 2.4000000000000004
      vertex 5.896493092118316 7.832905062860092 2.4000000000000004
    endloop
  endfacet
  facet normal 0 0 1
    outer loop
      vertex 6.033270358954863 6.70644292472997 2.4000000000000004
      vertex 6.252382802926237 8.510996253185272 2.4000000000000004
      vertex 6.033270358954863 8.193557075270029 2.4000000000000004
    endloop
  endfacet
  facet normal 0 0 1
    outer loop
      vertex 6.252382802926237 6.389003746814726 2.4000000000000004
      vertex 6.54109640523015 8.766774185429849 2.4000000000000004
      vertex 6.252382802926237 8.510996253185272 2.4000000000000004
    endloop
  endfacet
  facet normal 0 0 1
    outer loop
      vertex 6.54109640523015 6.133225814570149 2.4000000000000004
      vertex 6.882632180731942 5.953974011703336 2.4000000000000004
      vertex 6.882632180731942 8.946025988296663 2.4000000000000004
    endloop
  endfacet
  facet normal 0 0 1
    outer loop
      vertex 6.882632180731942 5.953974011703336 2.4000000000000004
      vertex 7.257141311591483 5.861665801443113 2.4000000000000004
      vertex 7.257141311591482 9.038334198556885 2.4000000000000004
    endloop
  endfacet
  facet normal 0 0 1
    outer loop
      vertex 7.257141311591483 5.861665801443113 2.4000000000000004
      vertex 7.6428586884085155 5.861665801443113 2.4000000000000004
      vertex 7.642858688408516 9.038334198556885 2.4000000000000004
    endloop
  endfacet
  facet normal 0 0 1
    outer loop
      vertex 7.6428586884085155 5.861665801443113 2.4000000000000004
      vertex 8.017367819268056 5.953974011703336 2.4000000000000004
      vertex 8.017367819268056 8.946025988296663 2.4000000000000004
    endloop
  endfacet
  facet normal 0 0 1
    outer loop
      vertex 8.017367819268056 5.953974011703336 2.4000000000000004
      vertex 8.35890359476985 6.1332258145701495 2.4000000000000004
      vertex 8.35890359476985 8.766774185429849 2.4000000000000004
    endloop
  endfacet
  facet normal 0 0 1
    outer loop
      vertex 8.35890359476985 6.1332258145701495 2.4000000000000004
      vertex 8.64761719707376 6.389003746814726 2.4000000000000004
      vertex 8.64761719707376 8.510996253185272 2.4000000000000004
    endloop
  endfacet
  facet normal 0 0 1
    outer loop
      vertex 6.54109640523015 6.133225814570149 2.4000000000000004
      vertex 6.882632180731942 8.946025988296663 2.4000000000000004
      vertex 6.54109640523015 8.766774185429849 2.4000000000000004
    endloop
  endfacet
  facet normal 0 0 1
    outer loop
      vertex 6.882632180731942 5.953974011703336 2.4000000000000004
      vertex 7.257141311591482 9.038334198556885 2.4000000000000004
      vertex 6.882632180731942 8.946025988296663 2.4000000000000004
    endloop
  endfacet
  facet normal 0 0 1
    outer loop
      vertex 7.257141311591483 5.861665801443113 2.4000000000000004
      vertex 7.642858688408516 9.038334198556885 2.4000000000000004
      vertex 7.257141311591482 9.038334198556885 2.4000000000000004
    endloop
  endfacet
  facet normal 0 0 1
    outer loop
      vertex 7.6428586884085155 5.861665801443113 2.4000000000000004
      vertex 8.017367819268056 8.946025988296663 2.4000000000000004
      vertex 7.642858688408516 9.038334198556885 2.4000000000000004
    endloop
  endfacet
  facet normal 0 0 1
    outer loop
      vertex 8.017367819268056 5.953974011703336 2.4000000000000004
      vertex 8.35890359476985 8.766774185429849 2.4000000000000004
      vertex 8.017367819268056 8.946025988296663 2.4000000000000004
    endloop
  endfacet
  facet normal 0 0 1
    outer loop
      vertex 8.35890359476985 6.1332258145701495 2.4000000000000004
      vertex 8.64761719707376 8.510996253185272 2.4000000000000004
      vertex 8.35890359476985 8.766774185429849 2.4000000000000004
    endloop
  endfacet
  facet normal 0 0 1
    outer loop
      vertex 8.64761719707376 6.389003746814726 2.4000000000000004
      vertex 8.866729641045136 6.70644292472997 2.4000000000000004
      vertex 8.866729641045135 8.193557075270029 2.4000000000000004
    endloop
  endfacet
  facet normal 0 0 1
    outer loop
      vertex 8.866729641045136 6.70644292472997 2.4000000000000004
      vertex 9.003506907881683 7.067094937139906 2.4000000000000004
      vertex 9.003506907881683 7.832905062860092 2.4000000000000004
    endloop
  endfacet
  facet normal 0 0 1
    outer loop
      vertex 8.64761719707376 6.389003746814726 2.4000000000000004
      vertex 8.866729641045135 8.193557075270029 2.4000000000000004
      vertex 8.64761719707376 8.510996253185272 2.4000000000000004
    endloop
  endfacet
  facet normal 0 0 1
    outer loop
      vertex 8.866729641045136 6.70644292472997 2.4000000000000004
      vertex 9.003506907881683 7.832905062860092 2.4000000000000004
      vertex 8.866729641045135 8.193557075270029 2.4000000000000004
    endloop
  endfacet
  facet normal 0 0 1
    outer loop
      vertex 9.003506907881683 7.067094937139906 2.4000000000000004
      vertex 9.049999999999999 7.449999999999999 2.4000000000000004
      vertex 9.003506907881683 7.832905062860092 2.4000000000000004
    endloop
  endfacet
  facet normal 0 1 0
    outer loop
      vertex 7.257141311591483 5.861665801443113 2.4000000000000004
      vertex 7.257141311591483 5.861665801443113 6.4
      vertex 7.6428586884085155 5.861665801443113 2.4000000000000004
    endloop
  endfacet
  facet normal -0.23931566428755727 0.9709418174260521 0
    outer loop
      vertex 7.6428586884085155 5.861665801443113 2.4000000000000004
      vertex 7.6428586884085155 5.861665801443113 6.4
      vertex 8.017367819268056 5.953974011703336 2.4000000000000004
    endloop
  endfacet
  facet normal 0.822983865893657 0.568064746731155 -3.3532706800423533e-18
    outer loop
      vertex 6.252382802926237 6.389003746814726 2.4000000000000004
      vertex 6.033270358954863 6.70644292472997 2.4000000000000004
      vertex 6.033270358954863 6.70644292472997 6.4
    endloop
  endfacet
  facet normal 0.6631226582407942 0.748510748171102 1.6849372738485581e-18
    outer loop
      vertex 6.54109640523015 6.133225814570149 2.4000000000000004
      vertex 6.252382802926237 6.389003746814726 2.4000000000000004
      vertex 6.252382802926237 6.389003746814726 6.4
    endloop
  endfacet
  facet normal 0.9927088740980542 0.12053668025532227 3.724877171850577e-19
    outer loop
      vertex 5.896493092118316 7.067094937139907 2.4000000000000004
      vertex 5.85 7.449999999999999 2.4000000000000004
      vertex 5.85 7.449999999999999 6.4
    endloop
  endfacet
  facet normal 0.9350162426854152 0.3546048870425349 1.397993674380206e-18
    outer loop
      vertex 6.033270358954863 6.70644292472997 2.4000000000000004
      vertex 5.896493092118316 7.067094937139907 2.4000000000000004
      vertex 5.896493092118316 7.067094937139907 6.4
    endloop
  endfacet
  facet normal 0.9927088740980542 -0.12053668025532227 -3.724877171850577e-19
    outer loop
      vertex 5.85 7.449999999999999 2.4000000000000004
      vertex 5.896493092118316 7.832905062860092 2.4000000000000004
      vertex 5.896493092118316 7.832905062860092 6.4
    endloop
  endfacet
  facet normal 0.9350162426854152 -0.3546048870425349 -1.397993674380206e-18
    outer loop
      vertex 5.896493092118316 7.832905062860092 2.4000000000000004
      vertex 6.033270358954863 8.193557075270029 2.4000000000000004
      vertex 6.033270358954863 8.193557075270029 6.4
    endloop
  endfacet
  facet normal 0.822983865893657 -0.568064746731155 3.3532706800423533e-18
    outer loop
      vertex 6.033270358954863 8.193557075270029 2.4000000000000004
      vertex 6.252382802926237 8.510996253185272 2.4000000000000004
      vertex 6.252382802926237 8.510996253185272 6.4
    endloop
  endfacet
  facet normal 0.663122658240793 -0.7485107481711031 3.013306663248752e-18
    outer loop
      vertex 6.252382802926237 8.510996253185272 2.4000000000000004
      vertex 6.54109640523015 8.766774185429849 2.4000000000000004
      vertex 6.54109640523015 8.766774185429849 6.4
    endloop
  endfacet
  facet normal 0.4647231720437675 0.8854560256532104 0
    outer loop
      vertex 6.54109640523015 6.133225814570149 2.4000000000000004
      vertex 6.54109640523015 6.133225814570149 6.4
      vertex 6.882632180731942 5.953974011703336 2.4000000000000004
    endloop
  endfacet
  facet normal 0.23931566428755727 0.9709418174260521 0
    outer loop
      vertex 6.882632180731942 5.953974011703336 2.4000000000000004
      vertex 6.882632180731942 5.953974011703336 6.4
      vertex 7.257141311591483 5.861665801443113 2.4000000000000004
    endloop
  endfacet
  facet normal -0.46472317204376834 0.8854560256532099 0
    outer loop
      vertex 8.017367819268056 5.953974011703336 2.4000000000000004
      vertex 8.017367819268056 5.953974011703336 6.4
      vertex 8.35890359476985 6.1332258145701495 2.4000000000000004
    endloop
  endfacet
  facet normal -0.6631226582407953 0.7485107481711011 0
    outer loop
      vertex 8.35890359476985 6.1332258145701495 2.4000000000000004
      vertex 8.35890359476985 6.1332258145701495 6.4
      vertex 8.64761719707376 6.389003746814726 2.4000000000000004
    endloop
  endfacet
  facet normal -0.46472317204376834 -0.8854560256532099 1.7943450284244046e-18
    outer loop
      vertex 8.017367819268056 8.946025988296663 2.4000000000000004
      vertex 8.35890359476985 8.766774185429849 2.4000000000000004
      vertex 8.35890359476985 8.766774185429849 6.4
    endloop
  endfacet
  facet normal -0.6631226582407953 -0.7485107481711011 0
    outer loop
      vertex 8.64761719707376 8.510996253185272 2.4000000000000004
      vertex 8.64761719707376 8.510996253185272 6.4
      vertex 8.35890359476985 8.766774185429849 2.4000000000000004
    endloop
  endfacet
  facet normal 0.46472317204376934 -0.8854560256532095 -1.5435287478522188e-18
    outer loop
      vertex 6.54109640523015 8.766774185429849 2.4000000000000004
      vertex 6.882632180731942 8.946025988296663 2.4000000000000004
      vertex 6.882632180731942 8.946025988296663 6.4
    endloop
  endfacet
  facet normal 0.23931566428755782 -0.970941817426052 -4.0343480647519526e-19
    outer loop
      vertex 6.882632180731942 8.946025988296663 2.4000000000000004
      vertex 7.257141311591482 9.038334198556885 2.4000000000000004
      vertex 7.257141311591482 9.038334198556885 6.4
    endloop
  endfacet
  facet normal 0 -1 0
    outer loop
      vertex 7.257141311591482 9.038334198556885 2.4000000000000004
      vertex 7.642858688408516 9.038334198556885 2.4000000000000004
      vertex 7.642858688408516 9.038334198556885 6.4
    endloop
  endfacet
  facet normal -0.23931566428755782 -0.970941817426052 4.0343480647519526e-19
    outer loop
      vertex 7.642858688408516 9.038334198556885 2.4000000000000004
      vertex 8.017367819268056 8.946025988296663 2.4000000000000004
      vertex 8.017367819268056 8.946025988296663 6.4
    endloop
  endfacet
  facet normal -0.8229838658936549 0.5680647467311581 0
    outer loop
      vertex 8.64761719707376 6.389003746814726 2.4000000000000004
      vertex 8.64761719707376 6.389003746814726 6.4
      vertex 8.866729641045136 6.70644292472997 2.4000000000000004
    endloop
  endfacet
  facet normal -0.9350162426854156 0.3546048870425337 0
    outer loop
      vertex 8.866729641045136 6.70644292472997 2.4000000000000004
      vertex 8.866729641045136 6.70644292472997 6.4
      vertex 9.003506907881683 7.067094937139906 2.4000000000000004
    endloop
  endfacet
  facet normal -0.9927088740980541 0.12053668025532197 0
    outer loop
      vertex 9.003506907881683 7.067094937139906 2.4000000000000004
      vertex 9.003506907881683 7.067094937139906 6.4
      vertex 9.049999999999999 7.449999999999999 2.4000000000000004
    endloop
  endfacet
  facet normal -0.9927088740980542 -0.12053668025532227 0
    outer loop
      vertex 9.049999999999999 7.449999999999999 2.4000000000000004
      vertex 9.049999999999999 7.449999999999999 6.4
      vertex 9.003506907881683 7.832905062860092 2.4000000000000004
    endloop
  endfacet
  facet normal -0.9350162426854143 -0.3546048870425369 0
    outer loop
      vertex 9.003506907881683 7.832905062860092 2.4000000000000004
      vertex 9.003506907881683 7.832905062860092 6.4
      vertex 8.866729641045135 8.193557075270029 2.4000000000000004
    endloop
  endfacet
  facet normal -0.822983865893657 -0.568064746731155 -3.3532706800423533e-18
    outer loop
      vertex 8.64761719707376 8.510996253185272 2.4000000000000004
      vertex 8.866729641045135 8.193557075270029 2.4000000000000004
      vertex 8.866729641045135 8.193557075270029 6.4
    endloop
  endfacet
  facet normal 0.23931566428755727 0.9709418174260521 0
    outer loop
      vertex 7.257141311591483 5.861665801443113 2.4000000000000004
      vertex 6.882632180731942 5.953974011703336 6.4
      vertex 7.257141311591483 5.861665801443113 6.4
    endloop
  endfacet
  facet normal 0 1 0
    outer loop
      vertex 7.6428586884085155 5.861665801443113 2.4000000000000004
      vertex 7.257141311591483 5.861665801443113 6.4
      vertex 7.6428586884085155 5.861665801443113 6.4
    endloop
  endfacet
  facet normal 0.6631226582407942 0.748510748171102 0
    outer loop
      vertex 6.54109640523015 6.133225814570149 2.4000000000000004
      vertex 6.252382802926237 6.389003746814726 6.4
      vertex 6.54109640523015 6.133225814570149 6.4
    endloop
  endfacet
  facet normal 0.822983865893657 0.568064746731155 0
    outer loop
      vertex 6.252382802926237 6.389003746814726 2.4000000000000004
      vertex 6.033270358954863 6.70644292472997 6.4
      vertex 6.252382802926237 6.389003746814726 6.4
    endloop
  endfacet
  facet normal 0.9927088740980542 0.12053668025532227 0
    outer loop
      vertex 5.896493092118316 7.067094937139907 2.4000000000000004
      vertex 5.85 7.449999999999999 6.4
      vertex 5.896493092118316 7.067094937139907 6.4
    endloop
  endfacet
  facet normal 0.9350162426854152 0.3546048870425349 0
    outer loop
      vertex 6.033270358954863 6.70644292472997 2.4000000000000004
      vertex 5.896493092118316 7.067094937139907 6.4
      vertex 6.033270358954863 6.70644292472997 6.4
    endloop
  endfacet
  facet normal 0.9927088740980542 -0.12053668025532227 0
    outer loop
      vertex 5.85 7.449999999999999 2.4000000000000004
      vertex 5.896493092118316 7.832905062860092 6.4
      vertex 5.85 7.449999999999999 6.4
    endloop
  endfacet
  facet normal 0.9350162426854152 -0.3546048870425349 0
    outer loop
      vertex 5.896493092118316 7.832905062860092 2.4000000000000004
      vertex 6.033270358954863 8.193557075270029 6.4
      vertex 5.896493092118316 7.832905062860092 6.4
    endloop
  endfacet
  facet normal 0.822983865893657 -0.568064746731155 0
    outer loop
      vertex 6.033270358954863 8.193557075270029 2.4000000000000004
      vertex 6.252382802926237 8.510996253185272 6.4
      vertex 6.033270358954863 8.193557075270029 6.4
    endloop
  endfacet
  facet normal 0.663122658240793 -0.7485107481711031 0
    outer loop
      vertex 6.252382802926237 8.510996253185272 2.4000000000000004
      vertex 6.54109640523015 8.766774185429849 6.4
      vertex 6.252382802926237 8.510996253185272 6.4
    endloop
  endfacet
  facet normal 0.4647231720437675 0.8854560256532104 0
    outer loop
      vertex 6.882632180731942 5.953974011703336 2.4000000000000004
      vertex 6.54109640523015 6.133225814570149 6.4
      vertex 6.882632180731942 5.953974011703336 6.4
    endloop
  endfacet
  facet normal -0.23931566428755727 0.9709418174260521 0
    outer loop
      vertex 8.017367819268056 5.953974011703336 2.4000000000000004
      vertex 7.6428586884085155 5.861665801443113 6.4
      vertex 8.017367819268056 5.953974011703336 6.4
    endloop
  endfacet
  facet normal -0.46472317204376834 0.8854560256532099 0
    outer loop
      vertex 8.35890359476985 6.1332258145701495 2.4000000000000004
      vertex 8.017367819268056 5.953974011703336 6.4
      vertex 8.35890359476985 6.1332258145701495 6.4
    endloop
  endfacet
  facet normal -0.6631226582407953 0.7485107481711011 0
    outer loop
      vertex 8.64761719707376 6.389003746814726 2.4000000000000004
      vertex 8.35890359476985 6.1332258145701495 6.4
      vertex 8.64761719707376 6.389003746814726 6.4
    endloop
  endfacet
  facet normal 0.46472317204376934 -0.8854560256532095 0
    outer loop
      vertex 6.54109640523015 8.766774185429849 2.4000000000000004
      vertex 6.882632180731942 8.946025988296663 6.4
      vertex 6.54109640523015 8.766774185429849 6.4
    endloop
  endfacet
  facet normal -0.6631226582407953 -0.7485107481711011 0
    outer loop
      vertex 8.35890359476985 8.766774185429849 2.4000000000000004
      vertex 8.64761719707376 8.510996253185272 6.4
      vertex 8.35890359476985 8.766774185429849 6.4
    endloop
  endfacet
  facet normal 0.23931566428755782 -0.970941817426052 0
    outer loop
      vertex 6.882632180731942 8.946025988296663 2.4000000000000004
      vertex 7.257141311591482 9.038334198556885 6.4
      vertex 6.882632180731942 8.946025988296663 6.4
    endloop
  endfacet
  facet normal 0 -1 0
    outer loop
      vertex 7.257141311591482 9.038334198556885 2.4000000000000004
      vertex 7.642858688408516 9.038334198556885 6.4
      vertex 7.257141311591482 9.038334198556885 6.4
    endloop
  endfacet
  facet normal -0.23931566428755782 -0.970941817426052 0
    outer loop
      vertex 7.642858688408516 9.038334198556885 2.4000000000000004
      vertex 8.017367819268056 8.946025988296663 6.4
      vertex 7.642858688408516 9.038334198556885 6.4
    endloop
  endfacet
  facet normal -0.46472317204376834 -0.8854560256532099 0
    outer loop
      vertex 8.017367819268056 8.946025988296663 2.4000000000000004
      vertex 8.35890359476985 8.766774185429849 6.4
      vertex 8.017367819268056 8.946025988296663 6.4
    endloop
  endfacet
  facet normal -0.8229838658936549 0.5680647467311581 0
    outer loop
      vertex 8.866729641045136 6.70644292472997 2.4000000000000004
      vertex 8.64761719707376 6.389003746814726 6.4
      vertex 8.866729641045136 6.70644292472997 6.4
    endloop
  endfacet
  facet normal -0.9350162426854156 0.3546048870425337 0
    outer loop
      vertex 9.003506907881683 7.067094937139906 2.4000000000000004
      vertex 8.866729641045136 6.70644292472997 6.4
      vertex 9.003506907881683 7.067094937139906 6.4
    endloop
  endfacet
  facet normal -0.9927088740980541 0.12053668025532197 0
    outer loop
      vertex 9.049999999999999 7.449999999999999 2.4000000000000004
      vertex 9.003506907881683 7.067094937139906 6.4
      vertex 9.049999999999999 7.449999999999999 6.4
    endloop
  endfacet
  facet normal -0.9927088740980542 -0.12053668025532227 0
    outer loop
      vertex 9.003506907881683 7.832905062860092 2.4000000000000004
      vertex 9.049999999999999 7.449999999999999 6.4
      vertex 9.003506907881683 7.832905062860092 6.4
    endloop
  endfacet
  facet normal -0.9350162426854143 -0.3546048870425369 0
    outer loop
      vertex 8.866729641045135 8.193557075270029 2.4000000000000004
      vertex 9.003506907881683 7.832905062860092 6.4
      vertex 8.866729641045135 8.193557075270029 6.4
    endloop
  endfacet
  facet normal -0.822983865893657 -0.568064746731155 0
    outer loop
      vertex 8.64761719707376 8.510996253185272 2.4000000000000004
      vertex 8.866729641045135 8.193557075270029 6.4
      vertex 8.64761719707376 8.510996253185272 6.4
    endloop
  endfacet
  facet normal 0 0 1
    outer loop
      vertex 5.896493092118316 86.7670949371399 2.4000000000000004
      vertex 5.896493092118316 87.53290506286008 2.4000000000000004
      vertex 5.85 87.14999999999999 2.4000000000000004
    endloop
  endfacet
  facet normal 0 0 1
    outer loop
      vertex 6.252382802926237 86.08900374681473 2.4000000000000004
      vertex 6.54109640523015 85.83322581457014 2.4000000000000004
      vertex 6.54109640523015 88.46677418542984 2.4000000000000004
    endloop
  endfacet
  facet normal 0 0 1
    outer loop
      vertex 6.033270358954863 86.40644292472996 2.4000000000000004
      vertex 6.033270358954863 87.89355707527002 2.4000000000000004
      vertex 5.896493092118316 86.7670949371399 2.4000000000000004
    endloop
  endfacet
  facet normal 0 0 1
    outer loop
      vertex 6.033270358954863 86.40644292472996 2.4000000000000004
      vertex 6.252382802926237 86.08900374681473 2.4000000000000004
      vertex 6.252382802926237 88.21099625318526 2.4000000000000004
    endloop
  endfacet
  facet normal 0 0 1
    outer loop
      vertex 5.896493092118316 86.7670949371399 2.4000000000000004
      vertex 6.033270358954863 87.89355707527002 2.4000000000000004
      vertex 5.896493092118316 87.53290506286008 2.4000000000000004
    endloop
  endfacet
  facet normal 0 0 1
    outer loop
      vertex 6.033270358954863 86.40644292472996 2.4000000000000004
      vertex 6.252382802926237 88.21099625318526 2.4000000000000004
      vertex 6.033270358954863 87.89355707527002 2.4000000000000004
    endloop
  endfacet
  facet normal 0 0 1
    outer loop
      vertex 6.252382802926237 86.08900374681473 2.4000000000000004
      vertex 6.54109640523015 88.46677418542984 2.4000000000000004
      vertex 6.252382802926237 88.21099625318526 2.4000000000000004
    endloop
  endfacet
  facet normal 0 0 1
    outer loop
      vertex 6.882632180731942 85.65397401170333 2.4000000000000004
      vertex 6.882632180731942 88.64602598829666 2.4000000000000004
      vertex 6.54109640523015 85.83322581457014 2.4000000000000004
    endloop
  endfacet
  facet normal 0 0 1
    outer loop
      vertex 6.882632180731942 85.65397401170333 2.4000000000000004
      vertex 7.257141311591483 85.5616658014431 2.4000000000000004
      vertex 7.257141311591482 88.73833419855688 2.4000000000000004
    endloop
  endfacet
  facet normal 0 0 1
    outer loop
      vertex 7.257141311591483 85.5616658014431 2.4000000000000004
      vertex 7.6428586884085155 85.5616658014431 2.4000000000000004
      vertex 7.642858688408516 88.73833419855688 2.4000000000000004
    endloop
  endfacet
  facet normal 0 0 1
    outer loop
      vertex 7.6428586884085155 85.5616658014431 2.4000000000000004
      vertex 8.017367819268056 85.65397401170333 2.4000000000000004
      vertex 8.017367819268056 88.64602598829666 2.4000000000000004
    endloop
  endfacet
  facet normal 0 0 1
    outer loop
      vertex 8.017367819268056 85.65397401170333 2.4000000000000004
      vertex 8.35890359476985 85.83322581457014 2.4000000000000004
      vertex 8.35890359476985 88.46677418542984 2.4000000000000004
    endloop
  endfacet
  facet normal 0 0 1
    outer loop
      vertex 8.35890359476985 85.83322581457014 2.4000000000000004
      vertex 8.64761719707376 86.08900374681473 2.4000000000000004
      vertex 8.64761719707376 88.21099625318526 2.4000000000000004
    endloop
  endfacet
  facet normal 0 0 1
    outer loop
      vertex 6.54109640523015 85.83322581457014 2.4000000000000004
      vertex 6.882632180731942 88.64602598829666 2.4000000000000004
      vertex 6.54109640523015 88.46677418542984 2.4000000000000004
    endloop
  endfacet
  facet normal 0 0 1
    outer loop
      vertex 6.882632180731942 85.65397401170333 2.4000000000000004
      vertex 7.257141311591482 88.73833419855688 2.4000000000000004
      vertex 6.882632180731942 88.64602598829666 2.4000000000000004
    endloop
  endfacet
  facet normal 0 0 1
    outer loop
      vertex 7.257141311591483 85.5616658014431 2.4000000000000004
      vertex 7.642858688408516 88.73833419855688 2.4000000000000004
      vertex 7.257141311591482 88.73833419855688 2.4000000000000004
    endloop
  endfacet
  facet normal 0 0 1
    outer loop
      vertex 7.6428586884085155 85.5616658014431 2.4000000000000004
      vertex 8.017367819268056 88.64602598829666 2.4000000000000004
      vertex 7.642858688408516 88.73833419855688 2.4000000000000004
    endloop
  endfacet
  facet normal 0 0 1
    outer loop
      vertex 8.35890359476985 85.83322581457014 2.4000000000000004
      vertex 8.64761719707376 88.21099625318526 2.4000000000000004
      vertex 8.35890359476985 88.46677418542984 2.4000000000000004
    endloop
  endfacet
  facet normal 0 0 1
    outer loop
      vertex 8.017367819268056 85.65397401170333 2.4000000000000004
      vertex 8.35890359476985 88.46677418542984 2.4000000000000004
      vertex 8.017367819268056 88.64602598829666 2.4000000000000004
    endloop
  endfacet
  facet normal 0 0 1
    outer loop
      vertex 8.64761719707376 86.08900374681473 2.4000000000000004
      vertex 8.866729641045136 86.40644292472996 2.4000000000000004
      vertex 8.866729641045135 87.89355707527002 2.4000000000000004
    endloop
  endfacet
  facet normal 0 0 1
    outer loop
      vertex 8.866729641045136 86.40644292472996 2.4000000000000004
      vertex 9.003506907881683 86.7670949371399 2.4000000000000004
      vertex 9.003506907881683 87.53290506286008 2.4000000000000004
    endloop
  endfacet
  facet normal 0 0 1
    outer loop
      vertex 9.003506907881683 86.7670949371399 2.4000000000000004
      vertex 9.049999999999999 87.14999999999999 2.4000000000000004
      vertex 9.003506907881683 87.53290506286008 2.4000000000000004
    endloop
  endfacet
  facet normal 0 0 1
    outer loop
      vertex 8.866729641045136 86.40644292472996 2.4000000000000004
      vertex 9.003506907881683 87.53290506286008 2.4000000000000004
      vertex 8.866729641045135 87.89355707527002 2.4000000000000004
    endloop
  endfacet
  facet normal 0 0 1
    outer loop
      vertex 8.64761719707376 86.08900374681473 2.4000000000000004
      vertex 8.866729641045135 87.89355707527002 2.4000000000000004
      vertex 8.64761719707376 88.21099625318526 2.4000000000000004
    endloop
  endfacet
  facet normal 0.2393156642875703 0.970941817426049 0
    outer loop
      vertex 6.882632180731942 85.65397401170333 2.4000000000000004
      vertex 6.882632180731942 85.65397401170333 6.4
      vertex 7.257141311591483 85.5616658014431 2.4000000000000004
    endloop
  endfacet
  facet normal 0 1 0
    outer loop
      vertex 7.257141311591483 85.5616658014431 2.4000000000000004
      vertex 7.257141311591483 85.5616658014431 6.4
      vertex 7.6428586884085155 85.5616658014431 2.4000000000000004
    endloop
  endfacet
  facet normal -0.2393156642875703 0.970941817426049 0
    outer loop
      vertex 7.6428586884085155 85.5616658014431 2.4000000000000004
      vertex 7.6428586884085155 85.5616658014431 6.4
      vertex 8.017367819268056 85.65397401170333 2.4000000000000004
    endloop
  endfacet
  facet normal -0.46472317204377195 0.885456025653208 0
    outer loop
      vertex 8.017367819268056 85.65397401170333 2.4000000000000004
      vertex 8.017367819268056 85.65397401170333 6.4
      vertex 8.35890359476985 85.83322581457014 2.4000000000000004
    endloop
  endfacet
  facet normal 0.6631226582408033 0.748510748171094 0
    outer loop
      vertex 6.252382802926237 86.08900374681473 2.4000000000000004
      vertex 6.252382802926237 86.08900374681473 6.4
      vertex 6.54109640523015 85.83322581457014 2.4000000000000004
    endloop
  endfacet
  facet normal 0.8229838658936481 0.5680647467311679 0
    outer loop
      vertex 6.033270358954863 86.40644292472996 2.4000000000000004
      vertex 6.033270358954863 86.40644292472996 6.4
      vertex 6.252382802926237 86.08900374681473 2.4000000000000004
    endloop
  endfacet
  facet normal 0.992708874098054 0.12053668025532308 -2.870671004326915e-19
    outer loop
      vertex 5.896493092118316 86.7670949371399 2.4000000000000004
      vertex 5.85 87.14999999999999 2.4000000000000004
      vertex 5.85 87.14999999999999 6.4
    endloop
  endfacet
  facet normal 0.935016242685417 0.3546048870425295 -1.0865072336791609e-18
    outer loop
      vertex 6.033270358954863 86.40644292472996 2.4000000000000004
      vertex 5.896493092118316 86.7670949371399 2.4000000000000004
      vertex 5.896493092118316 86.7670949371399 6.4
    endloop
  endfacet
  facet normal 0.992708874098054 -0.12053668025532308 2.870671004326915e-19
    outer loop
      vertex 5.85 87.14999999999999 2.4000000000000004
      vertex 5.896493092118316 87.53290506286008 2.4000000000000004
      vertex 5.896493092118316 87.53290506286008 6.4
    endloop
  endfacet
  facet normal 0.935016242685417 -0.3546048870425295 1.0865072336791609e-18
    outer loop
      vertex 5.896493092118316 87.53290506286008 2.4000000000000004
      vertex 6.033270358954863 87.89355707527002 2.4000000000000004
      vertex 6.033270358954863 87.89355707527002 6.4
    endloop
  endfacet
  facet normal 0.8229838658936481 -0.5680647467311679 8.495080828148617e-19
    outer loop
      vertex 6.033270358954863 87.89355707527002 2.4000000000000004
      vertex 6.252382802926237 88.21099625318526 2.4000000000000004
      vertex 6.252382802926237 88.21099625318526 6.4
    endloop
  endfacet
  facet normal 0.6631226582408033 -0.748510748171094 1.4065167026574976e-18
    outer loop
      vertex 6.252382802926237 88.21099625318526 2.4000000000000004
      vertex 6.54109640523015 88.46677418542984 2.4000000000000004
      vertex 6.54109640523015 88.46677418542984 6.4
    endloop
  endfacet
  facet normal 0.46472317204377295 0.8854560256532076 -4.045563354221487e-19
    outer loop
      vertex 6.882632180731942 85.65397401170333 2.4000000000000004
      vertex 6.54109640523015 85.83322581457014 2.4000000000000004
      vertex 6.54109640523015 85.83322581457014 6.4
    endloop
  endfacet
  facet normal -0.6631226582408055 0.748510748171092 0
    outer loop
      vertex 8.35890359476985 85.83322581457014 2.4000000000000004
      vertex 8.35890359476985 85.83322581457014 6.4
      vertex 8.64761719707376 86.08900374681473 2.4000000000000004
    endloop
  endfacet
  facet normal 0.46472317204377295 -0.8854560256532076 4.045563354221487e-19
    outer loop
      vertex 6.54109640523015 88.46677418542984 2.4000000000000004
      vertex 6.882632180731942 88.64602598829666 2.4000000000000004
      vertex 6.882632180731942 88.64602598829666 6.4
    endloop
  endfacet
  facet normal -0.23931566428757084 -0.9709418174260488 2.098896575858715e-18
    outer loop
      vertex 7.642858688408516 88.73833419855688 2.4000000000000004
      vertex 8.017367819268056 88.64602598829666 2.4000000000000004
      vertex 8.017367819268056 88.64602598829666 6.4
    endloop
  endfacet
  facet normal -0.6631226582408055 -0.748510748171092 0
    outer loop
      vertex 8.64761719707376 88.21099625318526 2.4000000000000004
      vertex 8.64761719707376 88.21099625318526 6.4
      vertex 8.35890359476985 88.46677418542984 2.4000000000000004
    endloop
  endfacet
  facet normal -0.46472317204377195 -0.885456025653208 0
    outer loop
      vertex 8.35890359476985 88.46677418542984 2.4000000000000004
      vertex 8.35890359476985 88.46677418542984 6.4
      vertex 8.017367819268056 88.64602598829666 2.4000000000000004
    endloop
  endfacet
  facet normal 0.23931566428757084 -0.9709418174260488 -2.098896575858715e-18
    outer loop
      vertex 6.882632180731942 88.64602598829666 2.4000000000000004
      vertex 7.257141311591482 88.73833419855688 2.4000000000000004
      vertex 7.257141311591482 88.73833419855688 6.4
    endloop
  endfacet
  facet normal 0 -1 0
    outer loop
      vertex 7.257141311591482 88.73833419855688 2.4000000000000004
      vertex 7.642858688408516 88.73833419855688 2.4000000000000004
      vertex 7.642858688408516 88.73833419855688 6.4
    endloop
  endfacet
  facet normal -0.822983865893646 0.568064746731171 0
    outer loop
      vertex 8.64761719707376 86.08900374681473 2.4000000000000004
      vertex 8.64761719707376 86.08900374681473 6.4
      vertex 8.866729641045136 86.40644292472996 2.4000000000000004
    endloop
  endfacet
  facet normal -0.9350162426854179 0.3546048870425275 0
    outer loop
      vertex 8.866729641045136 86.40644292472996 2.4000000000000004
      vertex 8.866729641045136 86.40644292472996 6.4
      vertex 9.003506907881683 86.7670949371399 2.4000000000000004
    endloop
  endfacet
  facet normal -0.992708874098054 0.12053668025532308 0
    outer loop
      vertex 9.003506907881683 86.7670949371399 2.4000000000000004
      vertex 9.003506907881683 86.7670949371399 6.4
      vertex 9.049999999999999 87.14999999999999 2.4000000000000004
    endloop
  endfacet
  facet normal -0.992708874098054 -0.12053668025532308 0
    outer loop
      vertex 9.049999999999999 87.14999999999999 2.4000000000000004
      vertex 9.049999999999999 87.14999999999999 6.4
      vertex 9.003506907881683 87.53290506286008 2.4000000000000004
    endloop
  endfacet
  facet normal -0.9350162426854163 -0.3546048870425315 0
    outer loop
      vertex 9.003506907881683 87.53290506286008 2.4000000000000004
      vertex 9.003506907881683 87.53290506286008 6.4
      vertex 8.866729641045135 87.89355707527002 2.4000000000000004
    endloop
  endfacet
  facet normal -0.8229838658936481 -0.5680647467311679 -8.495080828148617e-19
    outer loop
      vertex 8.64761719707376 88.21099625318526 2.4000000000000004
      vertex 8.866729641045135 87.89355707527002 2.4000000000000004
      vertex 8.866729641045135 87.89355707527002 6.4
    endloop
  endfacet
  facet normal 0.46472317204377295 0.8854560256532076 0
    outer loop
      vertex 6.882632180731942 85.65397401170333 2.4000000000000004
      vertex 6.54109640523015 85.83322581457014 6.4
      vertex 6.882632180731942 85.65397401170333 6.4
    endloop
  endfacet
  facet normal 0.2393156642875703 0.970941817426049 0
    outer loop
      vertex 7.257141311591483 85.5616658014431 2.4000000000000004
      vertex 6.882632180731942 85.65397401170333 6.4
      vertex 7.257141311591483 85.5616658014431 6.4
    endloop
  endfacet
  facet normal 0 1 0
    outer loop
      vertex 7.6428586884085155 85.5616658014431 2.4000000000000004
      vertex 7.257141311591483 85.5616658014431 6.4
      vertex 7.6428586884085155 85.5616658014431 6.4
    endloop
  endfacet
  facet normal -0.2393156642875703 0.970941817426049 0
    outer loop
      vertex 8.017367819268056 85.65397401170333 2.4000000000000004
      vertex 7.6428586884085155 85.5616658014431 6.4
      vertex 8.017367819268056 85.65397401170333 6.4
    endloop
  endfacet
  facet normal 0.6631226582408033 0.748510748171094 0
    outer loop
      vertex 6.54109640523015 85.83322581457014 2.4000000000000004
      vertex 6.252382802926237 86.08900374681473 6.4
      vertex 6.54109640523015 85.83322581457014 6.4
    endloop
  endfacet
  facet normal 0.8229838658936481 0.5680647467311679 0
    outer loop
      vertex 6.252382802926237 86.08900374681473 2.4000000000000004
      vertex 6.033270358954863 86.40644292472996 6.4
      vertex 6.252382802926237 86.08900374681473 6.4
    endloop
  endfacet
  facet normal 0.992708874098054 0.12053668025532308 0
    outer loop
      vertex 5.896493092118316 86.7670949371399 2.4000000000000004
      vertex 5.85 87.14999999999999 6.4
      vertex 5.896493092118316 86.7670949371399 6.4
    endloop
  endfacet
  facet normal 0.935016242685417 0.3546048870425295 0
    outer loop
      vertex 6.033270358954863 86.40644292472996 2.4000000000000004
      vertex 5.896493092118316 86.7670949371399 6.4
      vertex 6.033270358954863 86.40644292472996 6.4
    endloop
  endfacet
  facet normal 0.992708874098054 -0.12053668025532308 0
    outer loop
      vertex 5.85 87.14999999999999 2.4000000000000004
      vertex 5.896493092118316 87.53290506286008 6.4
      vertex 5.85 87.14999999999999 6.4
    endloop
  endfacet
  facet normal 0.935016242685417 -0.3546048870425295 0
    outer loop
      vertex 5.896493092118316 87.53290506286008 2.4000000000000004
      vertex 6.033270358954863 87.89355707527002 6.4
      vertex 5.896493092118316 87.53290506286008 6.4
    endloop
  endfacet
  facet normal 0.8229838658936481 -0.5680647467311679 0
    outer loop
      vertex 6.033270358954863 87.89355707527002 2.4000000000000004
      vertex 6.252382802926237 88.21099625318526 6.4
      vertex 6.033270358954863 87.89355707527002 6.4
    endloop
  endfacet
  facet normal 0.6631226582408033 -0.748510748171094 0
    outer loop
      vertex 6.252382802926237 88.21099625318526 2.4000000000000004
      vertex 6.54109640523015 88.46677418542984 6.4
      vertex 6.252382802926237 88.21099625318526 6.4
    endloop
  endfacet
  facet normal -0.46472317204377195 0.885456025653208 0
    outer loop
      vertex 8.35890359476985 85.83322581457014 2.4000000000000004
      vertex 8.017367819268056 85.65397401170333 6.4
      vertex 8.35890359476985 85.83322581457014 6.4
    endloop
  endfacet
  facet normal -0.6631226582408055 0.748510748171092 0
    outer loop
      vertex 8.64761719707376 86.08900374681473 2.4000000000000004
      vertex 8.35890359476985 85.83322581457014 6.4
      vertex 8.64761719707376 86.08900374681473 6.4
    endloop
  endfacet
  facet normal 0.46472317204377295 -0.8854560256532076 0
    outer loop
      vertex 6.54109640523015 88.46677418542984 2.4000000000000004
      vertex 6.882632180731942 88.64602598829666 6.4
      vertex 6.54109640523015 88.46677418542984 6.4
    endloop
  endfacet
  facet normal 0.23931566428757084 -0.9709418174260488 0
    outer loop
      vertex 6.882632180731942 88.64602598829666 2.4000000000000004
      vertex 7.257141311591482 88.73833419855688 6.4
      vertex 6.882632180731942 88.64602598829666 6.4
    endloop
  endfacet
  facet normal -0.46472317204377195 -0.885456025653208 0
    outer loop
      vertex 8.017367819268056 88.64602598829666 2.4000000000000004
      vertex 8.35890359476985 88.46677418542984 6.4
      vertex 8.017367819268056 88.64602598829666 6.4
    endloop
  endfacet
  facet normal -0.6631226582408055 -0.748510748171092 0
    outer loop
      vertex 8.35890359476985 88.46677418542984 2.4000000000000004
      vertex 8.64761719707376 88.21099625318526 6.4
      vertex 8.35890359476985 88.46677418542984 6.4
    endloop
  endfacet
  facet normal 0 -1 0
    outer loop
      vertex 7.257141311591482 88.73833419855688 2.4000000000000004
      vertex 7.642858688408516 88.73833419855688 6.4
      vertex 7.257141311591482 88.73833419855688 6.4
    endloop
  endfacet
  facet normal -0.23931566428757084 -0.9709418174260488 0
    outer loop
      vertex 7.642858688408516 88.73833419855688 2.4000000000000004
      vertex 8.017367819268056 88.64602598829666 6.4
      vertex 7.642858688408516 88.73833419855688 6.4
    endloop
  endfacet
  facet normal -0.822983865893646 0.568064746731171 0
    outer loop
      vertex 8.866729641045136 86.40644292472996 2.4000000000000004
      vertex 8.64761719707376 86.08900374681473 6.4
      vertex 8.866729641045136 86.40644292472996 6.4
    endloop
  endfacet
  facet normal -0.9350162426854179 0.3546048870425275 0
    outer loop
      vertex 9.003506907881683 86.7670949371399 2.4000000000000004
      vertex 8.866729641045136 86.40644292472996 6.4
      vertex 9.003506907881683 86.7670949371399 6.4
    endloop
  endfacet
  facet normal -0.992708874098054 0.12053668025532308 0
    outer loop
      vertex 9.049999999999999 87.14999999999999 2.4000000000000004
      vertex 9.003506907881683 86.7670949371399 6.4
      vertex 9.049999999999999 87.14999999999999 6.4
    endloop
  endfacet
  facet normal -0.992708874098054 -0.12053668025532308 0
    outer loop
      vertex 9.003506907881683 87.53290506286008 2.4000000000000004
      vertex 9.049999999999999 87.14999999999999 6.4
      vertex 9.003506907881683 87.53290506286008 6.4
    endloop
  endfacet
  facet normal -0.9350162426854163 -0.3546048870425315 0
    outer loop
      vertex 8.866729641045135 87.89355707527002 2.4000000000000004
      vertex 9.003506907881683 87.53290506286008 6.4
      vertex 8.866729641045135 87.89355707527002 6.4
    endloop
  endfacet
  facet normal -0.8229838658936481 -0.5680647467311679 0
    outer loop
      vertex 8.64761719707376 88.21099625318526 2.4000000000000004
      vertex 8.866729641045135 87.89355707527002 6.4
      vertex 8.64761719707376 88.21099625318526 6.4
    endloop
  endfacet
  facet normal 0 0 1
    outer loop
      vertex 129.4132703589549 6.70644292472997 2.4000000000000004
      vertex 129.63238280292626 6.389003746814726 2.4000000000000004
      vertex 129.63238280292626 8.510996253185272 2.4000000000000004
    endloop
  endfacet
  facet normal 0 0 1
    outer loop
      vertex 129.4132703589549 6.70644292472997 2.4000000000000004
      vertex 129.4132703589549 8.193557075270029 2.4000000000000004
      vertex 129.27649309211833 7.067094937139907 2.4000000000000004
    endloop
  endfacet
  facet normal 0 0 1
    outer loop
      vertex 129.27649309211833 7.067094937139907 2.4000000000000004
      vertex 129.27649309211833 7.832905062860092 2.4000000000000004
      vertex 129.23000000000002 7.449999999999999 2.4000000000000004
    endloop
  endfacet
  facet normal 0 0 1
    outer loop
      vertex 129.27649309211833 7.067094937139907 2.4000000000000004
      vertex 129.4132703589549 8.193557075270029 2.4000000000000004
      vertex 129.27649309211833 7.832905062860092 2.4000000000000004
    endloop
  endfacet
  facet normal 0 0 1
    outer loop
      vertex 129.4132703589549 6.70644292472997 2.4000000000000004
      vertex 129.63238280292626 8.510996253185272 2.4000000000000004
      vertex 129.4132703589549 8.193557075270029 2.4000000000000004
    endloop
  endfacet
  facet normal 0 0 1
    outer loop
      vertex 129.92109640523017 6.133225814570149 2.4000000000000004
      vertex 130.26263218073194 5.953974011703336 2.4000000000000004
      vertex 130.26263218073194 8.946025988296663 2.4000000000000004
    endloop
  endfacet
  facet normal 0 0 1
    outer loop
      vertex 129.92109640523017 6.133225814570149 2.4000000000000004
      vertex 129.92109640523017 8.766774185429849 2.4000000000000004
      vertex 129.63238280292626 6.389003746814726 2.4000000000000004
    endloop
  endfacet
  facet normal 0 0 1
    outer loop
      vertex 130.26263218073194 5.953974011703336 2.4000000000000004
      vertex 130.6371413115915 5.861665801443113 2.4000000000000004
      vertex 130.6371413115915 9.038334198556885 2.4000000000000004
    endloop
  endfacet
  facet normal 0 0 1
    outer loop
      vertex 130.6371413115915 5.861665801443113 2.4000000000000004
      vertex 131.02285868840852 5.861665801443113 2.4000000000000004
      vertex 131.02285868840852 9.038334198556885 2.4000000000000004
    endloop
  endfacet
  facet normal 0 0 1
    outer loop
      vertex 131.02285868840852 5.861665801443113 2.4000000000000004
      vertex 131.39736781926808 5.953974011703336 2.4000000000000004
      vertex 131.39736781926808 8.946025988296663 2.4000000000000004
    endloop
  endfacet
  facet normal 0 0 1
    outer loop
      vertex 131.39736781926808 5.953974011703336 2.4000000000000004
      vertex 131.73890359476985 6.1332258145701495 2.4000000000000004
      vertex 131.73890359476985 8.766774185429849 2.4000000000000004
    endloop
  endfacet
  facet normal 0 0 1
    outer loop
      vertex 129.63238280292626 6.389003746814726 2.4000000000000004
      vertex 129.92109640523017 8.766774185429849 2.4000000000000004
      vertex 129.63238280292626 8.510996253185272 2.4000000000000004
    endloop
  endfacet
  facet normal 0 0 1
    outer loop
      vertex 129.92109640523017 6.133225814570149 2.4000000000000004
      vertex 130.26263218073194 8.946025988296663 2.4000000000000004
      vertex 129.92109640523017 8.766774185429849 2.4000000000000004
    endloop
  endfacet
  facet normal 0 0 1
    outer loop
      vertex 130.26263218073194 5.953974011703336 2.4000000000000004
      vertex 130.6371413115915 9.038334198556885 2.4000000000000004
      vertex 130.26263218073194 8.946025988296663 2.4000000000000004
    endloop
  endfacet
  facet normal 0 0 1
    outer loop
      vertex 130.6371413115915 5.861665801443113 2.4000000000000004
      vertex 131.02285868840852 9.038334198556885 2.4000000000000004
      vertex 130.6371413115915 9.038334198556885 2.4000000000000004
    endloop
  endfacet
  facet normal 0 0 1
    outer loop
      vertex 131.02285868840852 5.861665801443113 2.4000000000000004
      vertex 131.39736781926808 8.946025988296663 2.4000000000000004
      vertex 131.02285868840852 9.038334198556885 2.4000000000000004
    endloop
  endfacet
  facet normal 0 0 1
    outer loop
      vertex 131.39736781926808 5.953974011703336 2.4000000000000004
      vertex 131.73890359476985 8.766774185429849 2.4000000000000004
      vertex 131.39736781926808 8.946025988296663 2.4000000000000004
    endloop
  endfacet
  facet normal 0 0 1
    outer loop
      vertex 131.73890359476985 6.1332258145701495 2.4000000000000004
      vertex 132.02761719707377 6.389003746814726 2.4000000000000004
      vertex 132.02761719707377 8.510996253185272 2.4000000000000004
    endloop
  endfacet
  facet normal 0 0 1
    outer loop
      vertex 132.02761719707377 6.389003746814726 2.4000000000000004
      vertex 132.24672964104514 6.70644292472997 2.4000000000000004
      vertex 132.24672964104514 8.193557075270029 2.4000000000000004
    endloop
  endfacet
  facet normal 0 0 1
    outer loop
      vertex 132.24672964104514 6.70644292472997 2.4000000000000004
      vertex 132.3835069078817 7.067094937139906 2.4000000000000004
      vertex 132.3835069078817 7.832905062860092 2.4000000000000004
    endloop
  endfacet
  facet normal 0 0 1
    outer loop
      vertex 132.02761719707377 6.389003746814726 2.4000000000000004
      vertex 132.24672964104514 8.193557075270029 2.4000000000000004
      vertex 132.02761719707377 8.510996253185272 2.4000000000000004
    endloop
  endfacet
  facet normal 0 0 1
    outer loop
      vertex 132.24672964104514 6.70644292472997 2.4000000000000004
      vertex 132.3835069078817 7.832905062860092 2.4000000000000004
      vertex 132.24672964104514 8.193557075270029 2.4000000000000004
    endloop
  endfacet
  facet normal 0 0 1
    outer loop
      vertex 131.73890359476985 6.1332258145701495 2.4000000000000004
      vertex 132.02761719707377 8.510996253185272 2.4000000000000004
      vertex 131.73890359476985 8.766774185429849 2.4000000000000004
    endloop
  endfacet
  facet normal 0 0 1
    outer loop
      vertex 132.3835069078817 7.067094937139906 2.4000000000000004
      vertex 132.43 7.449999999999999 2.4000000000000004
      vertex 132.3835069078817 7.832905062860092 2.4000000000000004
    endloop
  endfacet
  facet normal 0.8229838658936635 0.5680647467311456 0
    outer loop
      vertex 129.4132703589549 6.70644292472997 2.4000000000000004
      vertex 129.4132703589549 6.70644292472997 6.4
      vertex 129.63238280292626 6.389003746814726 2.4000000000000004
    endloop
  endfacet
  facet normal 0.9350162426854037 0.3546048870425651 -6.342165289747938e-19
    outer loop
      vertex 129.4132703589549 6.70644292472997 2.4000000000000004
      vertex 129.27649309211833 7.067094937139907 2.4000000000000004
      vertex 129.27649309211833 7.067094937139907 6.4
    endloop
  endfacet
  facet normal 0.9927088740980557 0.12053668025530864 6.921997903542228e-19
    outer loop
      vertex 129.27649309211833 7.067094937139907 2.4000000000000004
      vertex 129.23000000000002 7.449999999999999 2.4000000000000004
      vertex 129.23000000000002 7.449999999999999 6.4
    endloop
  endfacet
  facet normal 0.9927088740980557 -0.12053668025530864 -6.921997903542228e-19
    outer loop
      vertex 129.23000000000002 7.449999999999999 2.4000000000000004
      vertex 129.27649309211833 7.832905062860092 2.4000000000000004
      vertex 129.27649309211833 7.832905062860092 6.4
    endloop
  endfacet
  facet normal 0.9350162426854037 -0.3546048870425651 6.342165289747938e-19
    outer loop
      vertex 129.27649309211833 7.832905062860092 2.4000000000000004
      vertex 129.4132703589549 8.193557075270029 2.4000000000000004
      vertex 129.4132703589549 8.193557075270029 6.4
    endloop
  endfacet
  facet normal 0.8229838658936635 -0.5680647467311456 4.282933361558014e-18
    outer loop
      vertex 129.4132703589549 8.193557075270029 2.4000000000000004
      vertex 129.63238280292626 8.510996253185272 2.4000000000000004
      vertex 129.63238280292626 8.510996253185272 6.4
    endloop
  endfacet
  facet normal 0 1 0
    outer loop
      vertex 130.6371413115915 5.861665801443113 2.4000000000000004
      vertex 130.6371413115915 5.861665801443113 6.4
      vertex 131.02285868840852 5.861665801443113 2.4000000000000004
    endloop
  endfacet
  facet normal -0.23931566428754283 0.9709418174260557 0
    outer loop
      vertex 131.02285868840852 5.861665801443113 2.4000000000000004
      vertex 131.02285868840852 5.861665801443113 6.4
      vertex 131.39736781926808 5.953974011703336 2.4000000000000004
    endloop
  endfacet
  facet normal 0.46472317204379315 0.885456025653197 0
    outer loop
      vertex 129.92109640523017 6.133225814570149 2.4000000000000004
      vertex 129.92109640523017 6.133225814570149 6.4
      vertex 130.26263218073194 5.953974011703336 2.4000000000000004
    endloop
  endfacet
  facet normal 0.663122658240792 0.748510748171104 4.027402615565587e-18
    outer loop
      vertex 129.92109640523017 6.133225814570149 2.4000000000000004
      vertex 129.63238280292626 6.389003746814726 2.4000000000000004
      vertex 129.63238280292626 6.389003746814726 6.4
    endloop
  endfacet
  facet normal 0.23931566428754283 0.9709418174260557 0
    outer loop
      vertex 130.26263218073194 5.953974011703336 2.4000000000000004
      vertex 130.26263218073194 5.953974011703336 6.4
      vertex 130.6371413115915 5.861665801443113 2.4000000000000004
    endloop
  endfacet
  facet normal -0.4647231720437949 0.885456025653196 0
    outer loop
      vertex 131.39736781926808 5.953974011703336 2.4000000000000004
      vertex 131.39736781926808 5.953974011703336 6.4
      vertex 131.73890359476985 6.1332258145701495 2.4000000000000004
    endloop
  endfacet
  facet normal 0.6631226582407906 -0.7485107481711052 6.708413215306807e-19
    outer loop
      vertex 129.63238280292626 8.510996253185272 2.4000000000000004
      vertex 129.92109640523017 8.766774185429849 2.4000000000000004
      vertex 129.92109640523017 8.766774185429849 6.4
    endloop
  endfacet
  facet normal -0.4647231720437949 -0.885456025653196 -7.311156355735415e-19
    outer loop
      vertex 131.39736781926808 8.946025988296663 2.4000000000000004
      vertex 131.73890359476985 8.766774185429849 2.4000000000000004
      vertex 131.73890359476985 8.766774185429849 6.4
    endloop
  endfacet
  facet normal -0.6631226582407906 0.7485107481711052 0
    outer loop
      vertex 131.73890359476985 6.1332258145701495 2.4000000000000004
      vertex 131.73890359476985 6.1332258145701495 6.4
      vertex 132.02761719707377 6.389003746814726 2.4000000000000004
    endloop
  endfacet
  facet normal -0.8229838658936635 0.5680647467311456 0
    outer loop
      vertex 132.02761719707377 6.389003746814726 2.4000000000000004
      vertex 132.02761719707377 6.389003746814726 6.4
      vertex 132.24672964104514 6.70644292472997 2.4000000000000004
    endloop
  endfacet
  facet normal -0.9350162426854034 0.3546048870425659 0
    outer loop
      vertex 132.24672964104514 6.70644292472997 2.4000000000000004
      vertex 132.24672964104514 6.70644292472997 6.4
      vertex 132.3835069078817 7.067094937139906 2.4000000000000004
    endloop
  endfacet
  facet normal -0.9927088740980557 0.12053668025530836 0
    outer loop
      vertex 132.3835069078817 7.067094937139906 2.4000000000000004
      vertex 132.3835069078817 7.067094937139906 6.4
      vertex 132.43 7.449999999999999 2.4000000000000004
    endloop
  endfacet
  facet normal -0.9350162426854037 -0.3546048870425651 0
    outer loop
      vertex 132.3835069078817 7.832905062860092 2.4000000000000004
      vertex 132.3835069078817 7.832905062860092 6.4
      vertex 132.24672964104514 8.193557075270029 2.4000000000000004
    endloop
  endfacet
  facet normal -0.9927088740980557 -0.12053668025530864 0
    outer loop
      vertex 132.43 7.449999999999999 2.4000000000000004
      vertex 132.43 7.449999999999999 6.4
      vertex 132.3835069078817 7.832905062860092 2.4000000000000004
    endloop
  endfacet
  facet normal -0.8229838658936635 -0.5680647467311456 -4.282933361558014e-18
    outer loop
      vertex 132.02761719707377 8.510996253185272 2.4000000000000004
      vertex 132.24672964104514 8.193557075270029 2.4000000000000004
      vertex 132.24672964104514 8.193557075270029 6.4
    endloop
  endfacet
  facet normal -0.6631226582407906 -0.7485107481711052 0
    outer loop
      vertex 132.02761719707377 8.510996253185272 2.4000000000000004
      vertex 132.02761719707377 8.510996253185272 6.4
      vertex 131.73890359476985 8.766774185429849 2.4000000000000004
    endloop
  endfacet
  facet normal 0.4647231720437949 -0.885456025653196 7.311156355735415e-19
    outer loop
      vertex 129.92109640523017 8.766774185429849 2.4000000000000004
      vertex 130.26263218073194 8.946025988296663 2.4000000000000004
      vertex 130.26263218073194 8.946025988296663 6.4
    endloop
  endfacet
  facet normal 0.23931566428754283 -0.9709418174260557 -1.1561837513611906e-18
    outer loop
      vertex 130.26263218073194 8.946025988296663 2.4000000000000004
      vertex 130.6371413115915 9.038334198556885 2.4000000000000004
      vertex 130.6371413115915 9.038334198556885 6.4
    endloop
  endfacet
  facet normal 0 -1 0
    outer loop
      vertex 130.6371413115915 9.038334198556885 2.4000000000000004
      vertex 131.02285868840852 9.038334198556885 2.4000000000000004
      vertex 131.02285868840852 9.038334198556885 6.4
    endloop
  endfacet
  facet normal -0.23931566428754283 -0.9709418174260557 1.1561837513611906e-18
    outer loop
      vertex 131.02285868840852 9.038334198556885 2.4000000000000004
      vertex 131.39736781926808 8.946025988296663 2.4000000000000004
      vertex 131.39736781926808 8.946025988296663 6.4
    endloop
  endfacet
  facet normal 0.8229838658936635 0.5680647467311456 0
    outer loop
      vertex 129.63238280292626 6.389003746814726 2.4000000000000004
      vertex 129.4132703589549 6.70644292472997 6.4
      vertex 129.63238280292626 6.389003746814726 6.4
    endloop
  endfacet
  facet normal 0.9350162426854037 0.3546048870425651 0
    outer loop
      vertex 129.4132703589549 6.70644292472997 2.4000000000000004
      vertex 129.27649309211833 7.067094937139907 6.4
      vertex 129.4132703589549 6.70644292472997 6.4
    endloop
  endfacet
  facet normal 0.9927088740980557 0.12053668025530864 0
    outer loop
      vertex 129.27649309211833 7.067094937139907 2.4000000000000004
      vertex 129.23000000000002 7.449999999999999 6.4
      vertex 129.27649309211833 7.067094937139907 6.4
    endloop
  endfacet
  facet normal 0.9927088740980557 -0.12053668025530864 0
    outer loop
      vertex 129.23000000000002 7.449999999999999 2.4000000000000004
      vertex 129.27649309211833 7.832905062860092 6.4
      vertex 129.23000000000002 7.449999999999999 6.4
    endloop
  endfacet
  facet normal 0.9350162426854037 -0.3546048870425651 0
    outer loop
      vertex 129.27649309211833 7.832905062860092 2.4000000000000004
      vertex 129.4132703589549 8.193557075270029 6.4
      vertex 129.27649309211833 7.832905062860092 6.4
    endloop
  endfacet
  facet normal 0.8229838658936635 -0.5680647467311456 0
    outer loop
      vertex 129.4132703589549 8.193557075270029 2.4000000000000004
      vertex 129.63238280292626 8.510996253185272 6.4
      vertex 129.4132703589549 8.193557075270029 6.4
    endloop
  endfacet
  facet normal 0.23931566428754283 0.9709418174260557 0
    outer loop
      vertex 130.6371413115915 5.861665801443113 2.4000000000000004
      vertex 130.26263218073194 5.953974011703336 6.4
      vertex 130.6371413115915 5.861665801443113 6.4
    endloop
  endfacet
  facet normal 0 1 0
    outer loop
      vertex 131.02285868840852 5.861665801443113 2.4000000000000004
      vertex 130.6371413115915 5.861665801443113 6.4
      vertex 131.02285868840852 5.861665801443113 6.4
    endloop
  endfacet
  facet normal 0.663122658240792 0.748510748171104 0
    outer loop
      vertex 129.92109640523017 6.133225814570149 2.4000000000000004
      vertex 129.63238280292626 6.389003746814726 6.4
      vertex 129.92109640523017 6.133225814570149 6.4
    endloop
  endfacet
  facet normal 0.46472317204379315 0.885456025653197 0
    outer loop
      vertex 130.26263218073194 5.953974011703336 2.4000000000000004
      vertex 129.92109640523017 6.133225814570149 6.4
      vertex 130.26263218073194 5.953974011703336 6.4
    endloop
  endfacet
  facet normal -0.23931566428754283 0.9709418174260557 0
    outer loop
      vertex 131.39736781926808 5.953974011703336 2.4000000000000004
      vertex 131.02285868840852 5.861665801443113 6.4
      vertex 131.39736781926808 5.953974011703336 6.4
    endloop
  endfacet
  facet normal -0.4647231720437949 0.885456025653196 0
    outer loop
      vertex 131.73890359476985 6.1332258145701495 2.4000000000000004
      vertex 131.39736781926808 5.953974011703336 6.4
      vertex 131.73890359476985 6.1332258145701495 6.4
    endloop
  endfacet
  facet normal 0.6631226582407906 -0.7485107481711052 0
    outer loop
      vertex 129.63238280292626 8.510996253185272 2.4000000000000004
      vertex 129.92109640523017 8.766774185429849 6.4
      vertex 129.63238280292626 8.510996253185272 6.4
    endloop
  endfacet
  facet normal 0.4647231720437949 -0.885456025653196 0
    outer loop
      vertex 129.92109640523017 8.766774185429849 2.4000000000000004
      vertex 130.26263218073194 8.946025988296663 6.4
      vertex 129.92109640523017 8.766774185429849 6.4
    endloop
  endfacet
  facet normal -0.6631226582407906 0.7485107481711052 0
    outer loop
      vertex 132.02761719707377 6.389003746814726 2.4000000000000004
      vertex 131.73890359476985 6.1332258145701495 6.4
      vertex 132.02761719707377 6.389003746814726 6.4
    endloop
  endfacet
  facet normal -0.8229838658936635 0.5680647467311456 0
    outer loop
      vertex 132.24672964104514 6.70644292472997 2.4000000000000004
      vertex 132.02761719707377 6.389003746814726 6.4
      vertex 132.24672964104514 6.70644292472997 6.4
    endloop
  endfacet
  facet normal -0.9350162426854034 0.3546048870425659 0
    outer loop
      vertex 132.3835069078817 7.067094937139906 2.4000000000000004
      vertex 132.24672964104514 6.70644292472997 6.4
      vertex 132.3835069078817 7.067094937139906 6.4
    endloop
  endfacet
  facet normal -0.9927088740980557 0.12053668025530836 0
    outer loop
      vertex 132.43 7.449999999999999 2.4000000000000004
      vertex 132.3835069078817 7.067094937139906 6.4
      vertex 132.43 7.449999999999999 6.4
    endloop
  endfacet
  facet normal -0.9350162426854037 -0.3546048870425651 0
    outer loop
      vertex 132.24672964104514 8.193557075270029 2.4000000000000004
      vertex 132.3835069078817 7.832905062860092 6.4
      vertex 132.24672964104514 8.193557075270029 6.4
    endloop
  endfacet
  facet normal -0.9927088740980557 -0.12053668025530864 0
    outer loop
      vertex 132.3835069078817 7.832905062860092 2.4000000000000004
      vertex 132.43 7.449999999999999 6.4
      vertex 132.3835069078817 7.832905062860092 6.4
    endloop
  endfacet
  facet normal -0.8229838658936635 -0.5680647467311456 0
    outer loop
      vertex 132.02761719707377 8.510996253185272 2.4000000000000004
      vertex 132.24672964104514 8.193557075270029 6.4
      vertex 132.02761719707377 8.510996253185272 6.4
    endloop
  endfacet
  facet normal -0.6631226582407906 -0.7485107481711052 0
    outer loop
      vertex 131.73890359476985 8.766774185429849 2.4000000000000004
      vertex 132.02761719707377 8.510996253185272 6.4
      vertex 131.73890359476985 8.766774185429849 6.4
    endloop
  endfacet
  facet normal 0.23931566428754283 -0.9709418174260557 0
    outer loop
      vertex 130.26263218073194 8.946025988296663 2.4000000000000004
      vertex 130.6371413115915 9.038334198556885 6.4
      vertex 130.26263218073194 8.946025988296663 6.4
    endloop
  endfacet
  facet normal 0 -1 0
    outer loop
      vertex 130.6371413115915 9.038334198556885 2.4000000000000004
      vertex 131.02285868840852 9.038334198556885 6.4
      vertex 130.6371413115915 9.038334198556885 6.4
    endloop
  endfacet
  facet normal -0.23931566428754283 -0.9709418174260557 0
    outer loop
      vertex 131.02285868840852 9.038334198556885 2.4000000000000004
      vertex 131.39736781926808 8.946025988296663 6.4
      vertex 131.02285868840852 9.038334198556885 6.4
    endloop
  endfacet
  facet normal -0.4647231720437949 -0.885456025653196 0
    outer loop
      vertex 131.39736781926808 8.946025988296663 2.4000000000000004
      vertex 131.73890359476985 8.766774185429849 6.4
      vertex 131.39736781926808 8.946025988296663 6.4
    endloop
  endfacet
  facet normal 0 0 1
    outer loop
      vertex 129.27649309211833 86.7670949371399 2.4000000000000004
      vertex 129.27649309211833 87.53290506286008 2.4000000000000004
      vertex 129.23000000000002 87.14999999999999 2.4000000000000004
    endloop
  endfacet
  facet normal 0 0 1
    outer loop
      vertex 129.4132703589549 86.40644292472996 2.4000000000000004
      vertex 129.4132703589549 87.89355707527002 2.4000000000000004
      vertex 129.27649309211833 86.7670949371399 2.4000000000000004
    endloop
  endfacet
  facet normal 0 0 1
    outer loop
      vertex 129.4132703589549 86.40644292472996 2.4000000000000004
      vertex 129.63238280292626 86.08900374681473 2.4000000000000004
      vertex 129.63238280292626 88.21099625318526 2.4000000000000004
    endloop
  endfacet
  facet normal 0 0 1
    outer loop
      vertex 129.27649309211833 86.7670949371399 2.4000000000000004
      vertex 129.4132703589549 87.89355707527002 2.4000000000000004
      vertex 129.27649309211833 87.53290506286008 2.4000000000000004
    endloop
  endfacet
  facet normal 0 0 1
    outer loop
      vertex 129.4132703589549 86.40644292472996 2.4000000000000004
      vertex 129.63238280292626 88.21099625318526 2.4000000000000004
      vertex 129.4132703589549 87.89355707527002 2.4000000000000004
    endloop
  endfacet
  facet normal 0 0 1
    outer loop
      vertex 129.63238280292626 86.08900374681473 2.4000000000000004
      vertex 129.92109640523017 85.83322581457014 2.4000000000000004
      vertex 129.92109640523017 88.46677418542984 2.4000000000000004
    endloop
  endfacet
  facet normal 0 0 1
    outer loop
      vertex 130.26263218073194 85.65397401170333 2.4000000000000004
      vertex 130.26263218073194 88.64602598829666 2.4000000000000004
      vertex 129.92109640523017 85.83322581457014 2.4000000000000004
    endloop
  endfacet
  facet normal 0 0 1
    outer loop
      vertex 130.26263218073194 85.65397401170333 2.4000000000000004
      vertex 130.6371413115915 85.5616658014431 2.4000000000000004
      vertex 130.6371413115915 88.73833419855688 2.4000000000000004
    endloop
  endfacet
  facet normal 0 0 1
    outer loop
      vertex 130.6371413115915 85.5616658014431 2.4000000000000004
      vertex 131.02285868840852 85.5616658014431 2.4000000000000004
      vertex 131.02285868840852 88.73833419855688 2.4000000000000004
    endloop
  endfacet
  facet normal 0 0 1
    outer loop
      vertex 131.02285868840852 85.5616658014431 2.4000000000000004
      vertex 131.39736781926808 85.65397401170333 2.4000000000000004
      vertex 131.39736781926808 88.64602598829666 2.4000000000000004
    endloop
  endfacet
  facet normal 0 0 1
    outer loop
      vertex 131.39736781926808 85.65397401170333 2.4000000000000004
      vertex 131.73890359476985 85.83322581457014 2.4000000000000004
      vertex 131.73890359476985 88.46677418542984 2.4000000000000004
    endloop
  endfacet
  facet normal 0 0 1
    outer loop
      vertex 129.63238280292626 86.08900374681473 2.4000000000000004
      vertex 129.92109640523017 88.46677418542984 2.4000000000000004
      vertex 129.63238280292626 88.21099625318526 2.4000000000000004
    endloop
  endfacet
  facet normal 0 0 1
    outer loop
      vertex 129.92109640523017 85.83322581457014 2.4000000000000004
      vertex 130.26263218073194 88.64602598829666 2.4000000000000004
      vertex 129.92109640523017 88.46677418542984 2.4000000000000004
    endloop
  endfacet
  facet normal 0 0 1
    outer loop
      vertex 130.26263218073194 85.65397401170333 2.4000000000000004
      vertex 130.6371413115915 88.73833419855688 2.4000000000000004
      vertex 130.26263218073194 88.64602598829666 2.4000000000000004
    endloop
  endfacet
  facet normal 0 0 1
    outer loop
      vertex 130.6371413115915 85.5616658014431 2.4000000000000004
      vertex 131.02285868840852 88.73833419855688 2.4000000000000004
      vertex 130.6371413115915 88.73833419855688 2.4000000000000004
    endloop
  endfacet
  facet normal 0 0 1
    outer loop
      vertex 131.02285868840852 85.5616658014431 2.4000000000000004
      vertex 131.39736781926808 88.64602598829666 2.4000000000000004
      vertex 131.02285868840852 88.73833419855688 2.4000000000000004
    endloop
  endfacet
  facet normal 0 0 1
    outer loop
      vertex 131.39736781926808 85.65397401170333 2.4000000000000004
      vertex 131.73890359476985 88.46677418542984 2.4000000000000004
      vertex 131.39736781926808 88.64602598829666 2.4000000000000004
    endloop
  endfacet
  facet normal 0 0 1
    outer loop
      vertex 131.73890359476985 85.83322581457014 2.4000000000000004
      vertex 132.02761719707377 86.08900374681473 2.4000000000000004
      vertex 132.02761719707377 88.21099625318526 2.4000000000000004
    endloop
  endfacet
  facet normal 0 0 1
    outer loop
      vertex 132.02761719707377 86.08900374681473 2.4000000000000004
      vertex 132.24672964104514 86.40644292472996 2.4000000000000004
      vertex 132.24672964104514 87.89355707527002 2.4000000000000004
    endloop
  endfacet
  facet normal 0 0 1
    outer loop
      vertex 132.24672964104514 86.40644292472996 2.4000000000000004
      vertex 132.3835069078817 86.7670949371399 2.4000000000000004
      vertex 132.3835069078817 87.53290506286008 2.4000000000000004
    endloop
  endfacet
  facet normal 0 0 1
    outer loop
      vertex 132.3835069078817 86.7670949371399 2.4000000000000004
      vertex 132.43 87.14999999999999 2.4000000000000004
      vertex 132.3835069078817 87.53290506286008 2.4000000000000004
    endloop
  endfacet
  facet normal 0 0 1
    outer loop
      vertex 131.73890359476985 85.83322581457014 2.4000000000000004
      vertex 132.02761719707377 88.21099625318526 2.4000000000000004
      vertex 131.73890359476985 88.46677418542984 2.4000000000000004
    endloop
  endfacet
  facet normal 0 0 1
    outer loop
      vertex 132.24672964104514 86.40644292472996 2.4000000000000004
      vertex 132.3835069078817 87.53290506286008 2.4000000000000004
      vertex 132.24672964104514 87.89355707527002 2.4000000000000004
    endloop
  endfacet
  facet normal 0 0 1
    outer loop
      vertex 132.02761719707377 86.08900374681473 2.4000000000000004
      vertex 132.24672964104514 87.89355707527002 2.4000000000000004
      vertex 132.02761719707377 88.21099625318526 2.4000000000000004
    endloop
  endfacet
  facet normal 0.8229838658936545 0.5680647467311585 0
    outer loop
      vertex 129.4132703589549 86.40644292472996 2.4000000000000004
      vertex 129.4132703589549 86.40644292472996 6.4
      vertex 129.63238280292626 86.08900374681473 2.4000000000000004
    endloop
  endfacet
  facet normal 0.9350162426854056 0.3546048870425597 1.3786777549354991e-18
    outer loop
      vertex 129.4132703589549 86.40644292472996 2.4000000000000004
      vertex 129.27649309211833 86.7670949371399 2.4000000000000004
      vertex 129.27649309211833 86.7670949371399 6.4
    endloop
  endfacet
  facet normal 0.9927088740980557 0.12053668025530948 3.264497272727143e-20
    outer loop
      vertex 129.27649309211833 86.7670949371399 2.4000000000000004
      vertex 129.23000000000002 87.14999999999999 2.4000000000000004
      vertex 129.23000000000002 87.14999999999999 6.4
    endloop
  endfacet
  facet normal 0.9927088740980557 -0.12053668025530948 -3.264497272727143e-20
    outer loop
      vertex 129.23000000000002 87.14999999999999 2.4000000000000004
      vertex 129.27649309211833 87.53290506286008 2.4000000000000004
      vertex 129.27649309211833 87.53290506286008 6.4
    endloop
  endfacet
  facet normal 0.9350162426854056 -0.3546048870425597 -1.3786777549354991e-18
    outer loop
      vertex 129.27649309211833 87.53290506286008 2.4000000000000004
      vertex 129.4132703589549 87.89355707527002 2.4000000000000004
      vertex 129.4132703589549 87.89355707527002 6.4
    endloop
  endfacet
  facet normal 0.8229838658936545 -0.5680647467311585 1.7791707643673374e-18
    outer loop
      vertex 129.4132703589549 87.89355707527002 2.4000000000000004
      vertex 129.63238280292626 88.21099625318526 2.4000000000000004
      vertex 129.63238280292626 88.21099625318526 6.4
    endloop
  endfacet
  facet normal 0.23931566428755585 0.9709418174260525 0
    outer loop
      vertex 130.26263218073194 85.65397401170333 2.4000000000000004
      vertex 130.26263218073194 85.65397401170333 6.4
      vertex 130.6371413115915 85.5616658014431 2.4000000000000004
    endloop
  endfacet
  facet normal 0 1 0
    outer loop
      vertex 130.6371413115915 85.5616658014431 2.4000000000000004
      vertex 130.6371413115915 85.5616658014431 6.4
      vertex 131.02285868840852 85.5616658014431 2.4000000000000004
    endloop
  endfacet
  facet normal -0.23931566428755585 0.9709418174260525 0
    outer loop
      vertex 131.02285868840852 85.5616658014431 2.4000000000000004
      vertex 131.02285868840852 85.5616658014431 6.4
      vertex 131.39736781926808 85.65397401170333 2.4000000000000004
    endloop
  endfacet
  facet normal -0.4647231720437985 0.8854560256531941 0
    outer loop
      vertex 131.39736781926808 85.65397401170333 2.4000000000000004
      vertex 131.39736781926808 85.65397401170333 6.4
      vertex 131.73890359476985 85.83322581457014 2.4000000000000004
    endloop
  endfacet
  facet normal 0.6631226582408011 0.7485107481710961 0
    outer loop
      vertex 129.63238280292626 86.08900374681473 2.4000000000000004
      vertex 129.63238280292626 86.08900374681473 6.4
      vertex 129.92109640523017 85.83322581457014 2.4000000000000004
    endloop
  endfacet
  facet normal 0.4647231720437985 0.8854560256531941 1.818194473203241e-18
    outer loop
      vertex 130.26263218073194 85.65397401170333 2.4000000000000004
      vertex 129.92109640523017 85.83322581457014 2.4000000000000004
      vertex 129.92109640523017 85.83322581457014 6.4
    endloop
  endfacet
  facet normal 0.6631226582408011 -0.7485107481710961 -9.35948639052359e-19
    outer loop
      vertex 129.63238280292626 88.21099625318526 2.4000000000000004
      vertex 129.92109640523017 88.46677418542984 2.4000000000000004
      vertex 129.92109640523017 88.46677418542984 6.4
    endloop
  endfacet
  facet normal 0.4647231720437985 -0.8854560256531941 -1.818194473203241e-18
    outer loop
      vertex 129.92109640523017 88.46677418542984 2.4000000000000004
      vertex 130.26263218073194 88.64602598829666 2.4000000000000004
      vertex 130.26263218073194 88.64602598829666 6.4
    endloop
  endfacet
  facet normal -0.23931566428755585 -0.9709418174260525 -1.6457496713644061e-18
    outer loop
      vertex 131.02285868840852 88.73833419855688 2.4000000000000004
      vertex 131.39736781926808 88.64602598829666 2.4000000000000004
      vertex 131.39736781926808 88.64602598829666 6.4
    endloop
  endfacet
  facet normal -0.4647231720437985 -0.8854560256531941 0
    outer loop
      vertex 131.73890359476985 88.46677418542984 2.4000000000000004
      vertex 131.73890359476985 88.46677418542984 6.4
      vertex 131.39736781926808 88.64602598829666 2.4000000000000004
    endloop
  endfacet
  facet normal -0.6631226582408011 0.7485107481710961 0
    outer loop
      vertex 131.73890359476985 85.83322581457014 2.4000000000000004
      vertex 131.73890359476985 85.83322581457014 6.4
      vertex 132.02761719707377 86.08900374681473 2.4000000000000004
    endloop
  endfacet
  facet normal -0.8229838658936545 0.5680647467311585 0
    outer loop
      vertex 132.02761719707377 86.08900374681473 2.4000000000000004
      vertex 132.02761719707377 86.08900374681473 6.4
      vertex 132.24672964104514 86.40644292472996 2.4000000000000004
    endloop
  endfacet
  facet normal -0.9350162426854056 0.3546048870425597 0
    outer loop
      vertex 132.24672964104514 86.40644292472996 2.4000000000000004
      vertex 132.24672964104514 86.40644292472996 6.4
      vertex 132.3835069078817 86.7670949371399 2.4000000000000004
    endloop
  endfacet
  facet normal -0.9927088740980557 0.12053668025530948 0
    outer loop
      vertex 132.3835069078817 86.7670949371399 2.4000000000000004
      vertex 132.3835069078817 86.7670949371399 6.4
      vertex 132.43 87.14999999999999 2.4000000000000004
    endloop
  endfacet
  facet normal -0.9350162426854056 -0.3546048870425597 0
    outer loop
      vertex 132.3835069078817 87.53290506286008 2.4000000000000004
      vertex 132.3835069078817 87.53290506286008 6.4
      vertex 132.24672964104514 87.89355707527002 2.4000000000000004
    endloop
  endfacet
  facet normal -0.9927088740980557 -0.12053668025530948 0
    outer loop
      vertex 132.43 87.14999999999999 2.4000000000000004
      vertex 132.43 87.14999999999999 6.4
      vertex 132.3835069078817 87.53290506286008 2.4000000000000004
    endloop
  endfacet
  facet normal -0.6631226582408011 -0.7485107481710961 0
    outer loop
      vertex 132.02761719707377 88.21099625318526 2.4000000000000004
      vertex 132.02761719707377 88.21099625318526 6.4
      vertex 131.73890359476985 88.46677418542984 2.4000000000000004
    endloop
  endfacet
  facet normal -0.8229838658936545 -0.5680647467311585 -1.7791707643673374e-18
    outer loop
      vertex 132.02761719707377 88.21099625318526 2.4000000000000004
      vertex 132.24672964104514 87.89355707527002 2.4000000000000004
      vertex 132.24672964104514 87.89355707527002 6.4
    endloop
  endfacet
  facet normal 0.23931566428755585 -0.9709418174260525 1.6457496713644061e-18
    outer loop
      vertex 130.26263218073194 88.64602598829666 2.4000000000000004
      vertex 130.6371413115915 88.73833419855688 2.4000000000000004
      vertex 130.6371413115915 88.73833419855688 6.4
    endloop
  endfacet
  facet normal 0 -1 0
    outer loop
      vertex 130.6371413115915 88.73833419855688 2.4000000000000004
      vertex 131.02285868840852 88.73833419855688 2.4000000000000004
      vertex 131.02285868840852 88.73833419855688 6.4
    endloop
  endfacet
  facet normal 0.8229838658936545 0.5680647467311585 0
    outer loop
      vertex 129.63238280292626 86.08900374681473 2.4000000000000004
      vertex 129.4132703589549 86.40644292472996 6.4
      vertex 129.63238280292626 86.08900374681473 6.4
    endloop
  endfacet
  facet normal 0.9350162426854056 0.3546048870425597 0
    outer loop
      vertex 129.4132703589549 86.40644292472996 2.4000000000000004
      vertex 129.27649309211833 86.7670949371399 6.4
      vertex 129.4132703589549 86.40644292472996 6.4
    endloop
  endfacet
  facet normal 0.9927088740980557 0.12053668025530948 0
    outer loop
      vertex 129.27649309211833 86.7670949371399 2.4000000000000004
      vertex 129.23000000000002 87.14999999999999 6.4
      vertex 129.27649309211833 86.7670949371399 6.4
    endloop
  endfacet
  facet normal 0.9927088740980557 -0.12053668025530948 0
    outer loop
      vertex 129.23000000000002 87.14999999999999 2.4000000000000004
      vertex 129.27649309211833 87.53290506286008 6.4
      vertex 129.23000000000002 87.14999999999999 6.4
    endloop
  endfacet
  facet normal 0.9350162426854056 -0.3546048870425597 0
    outer loop
      vertex 129.27649309211833 87.53290506286008 2.4000000000000004
      vertex 129.4132703589549 87.89355707527002 6.4
      vertex 129.27649309211833 87.53290506286008 6.4
    endloop
  endfacet
  facet normal 0.8229838658936545 -0.5680647467311585 0
    outer loop
      vertex 129.4132703589549 87.89355707527002 2.4000000000000004
      vertex 129.63238280292626 88.21099625318526 6.4
      vertex 129.4132703589549 87.89355707527002 6.4
    endloop
  endfacet
  facet normal 0.4647231720437985 0.8854560256531941 0
    outer loop
      vertex 130.26263218073194 85.65397401170333 2.4000000000000004
      vertex 129.92109640523017 85.83322581457014 6.4
      vertex 130.26263218073194 85.65397401170333 6.4
    endloop
  endfacet
  facet normal 0.23931566428755585 0.9709418174260525 0
    outer loop
      vertex 130.6371413115915 85.5616658014431 2.4000000000000004
      vertex 130.26263218073194 85.65397401170333 6.4
      vertex 130.6371413115915 85.5616658014431 6.4
    endloop
  endfacet
  facet normal 0 1 0
    outer loop
      vertex 131.02285868840852 85.5616658014431 2.4000000000000004
      vertex 130.6371413115915 85.5616658014431 6.4
      vertex 131.02285868840852 85.5616658014431 6.4
    endloop
  endfacet
  facet normal -0.23931566428755585 0.9709418174260525 0
    outer loop
      vertex 131.39736781926808 85.65397401170333 2.4000000000000004
      vertex 131.02285868840852 85.5616658014431 6.4
      vertex 131.39736781926808 85.65397401170333 6.4
    endloop
  endfacet
  facet normal 0.6631226582408011 0.7485107481710961 0
    outer loop
      vertex 129.92109640523017 85.83322581457014 2.4000000000000004
      vertex 129.63238280292626 86.08900374681473 6.4
      vertex 129.92109640523017 85.83322581457014 6.4
    endloop
  endfacet
  facet normal -0.4647231720437985 0.8854560256531941 0
    outer loop
      vertex 131.73890359476985 85.83322581457014 2.4000000000000004
      vertex 131.39736781926808 85.65397401170333 6.4
      vertex 131.73890359476985 85.83322581457014 6.4
    endloop
  endfacet
  facet normal 0.6631226582408011 -0.7485107481710961 0
    outer loop
      vertex 129.63238280292626 88.21099625318526 2.4000000000000004
      vertex 129.92109640523017 88.46677418542984 6.4
      vertex 129.63238280292626 88.21099625318526 6.4
    endloop
  endfacet
  facet normal 0.4647231720437985 -0.8854560256531941 0
    outer loop
      vertex 129.92109640523017 88.46677418542984 2.4000000000000004
      vertex 130.26263218073194 88.64602598829666 6.4
      vertex 129.92109640523017 88.46677418542984 6.4
    endloop
  endfacet
  facet normal 0.23931566428755585 -0.9709418174260525 0
    outer loop
      vertex 130.26263218073194 88.64602598829666 2.4000000000000004
      vertex 130.6371413115915 88.73833419855688 6.4
      vertex 130.26263218073194 88.64602598829666 6.4
    endloop
  endfacet
  facet normal -0.4647231720437985 -0.8854560256531941 0
    outer loop
      vertex 131.39736781926808 88.64602598829666 2.4000000000000004
      vertex 131.73890359476985 88.46677418542984 6.4
      vertex 131.39736781926808 88.64602598829666 6.4
    endloop
  endfacet
  facet normal -0.6631226582408011 0.7485107481710961 0
    outer loop
      vertex 132.02761719707377 86.08900374681473 2.4000000000000004
      vertex 131.73890359476985 85.83322581457014 6.4
      vertex 132.02761719707377 86.08900374681473 6.4
    endloop
  endfacet
  facet normal -0.8229838658936545 0.5680647467311585 0
    outer loop
      vertex 132.24672964104514 86.40644292472996 2.4000000000000004
      vertex 132.02761719707377 86.08900374681473 6.4
      vertex 132.24672964104514 86.40644292472996 6.4
    endloop
  endfacet
  facet normal -0.9350162426854056 0.3546048870425597 0
    outer loop
      vertex 132.3835069078817 86.7670949371399 2.4000000000000004
      vertex 132.24672964104514 86.40644292472996 6.4
      vertex 132.3835069078817 86.7670949371399 6.4
    endloop
  endfacet
  facet normal -0.9927088740980557 0.12053668025530948 0
    outer loop
      vertex 132.43 87.14999999999999 2.4000000000000004
      vertex 132.3835069078817 86.7670949371399 6.4
      vertex 132.43 87.14999999999999 6.4
    endloop
  endfacet
  facet normal -0.9350162426854056 -0.3546048870425597 0
    outer loop
      vertex 132.24672964104514 87.89355707527002 2.4000000000000004
      vertex 132.3835069078817 87.53290506286008 6.4
      vertex 132.24672964104514 87.89355707527002 6.4
    endloop
  endfacet
  facet normal -0.9927088740980557 -0.12053668025530948 0
    outer loop
      vertex 132.3835069078817 87.53290506286008 2.4000000000000004
      vertex 132.43 87.14999999999999 6.4
      vertex 132.3835069078817 87.53290506286008 6.4
    endloop
  endfacet
  facet normal -0.8229838658936545 -0.5680647467311585 0
    outer loop
      vertex 132.02761719707377 88.21099625318526 2.4000000000000004
      vertex 132.24672964104514 87.89355707527002 6.4
      vertex 132.02761719707377 88.21099625318526 6.4
    endloop
  endfacet
  facet normal -0.6631226582408011 -0.7485107481710961 0
    outer loop
      vertex 131.73890359476985 88.46677418542984 2.4000000000000004
      vertex 132.02761719707377 88.21099625318526 6.4
      vertex 131.73890359476985 88.46677418542984 6.4
    endloop
  endfacet
  facet normal 0 -1 0
    outer loop
      vertex 130.6371413115915 88.73833419855688 2.4000000000000004
      vertex 131.02285868840852 88.73833419855688 6.4
      vertex 130.6371413115915 88.73833419855688 6.4
    endloop
  endfacet
  facet normal -0.23931566428755585 -0.9709418174260525 0
    outer loop
      vertex 131.02285868840852 88.73833419855688 2.4000000000000004
      vertex 131.39736781926808 88.64602598829666 6.4
      vertex 131.02285868840852 88.73833419855688 6.4
    endloop
  endfacet
  facet normal 0 0.10811901842394017 0.9941379571543597
    outer loop
      vertex 138.28 23.458333770392343 3.0072741589439937
      vertex 135.28 23.853132343096615 2.964337226651275
      vertex 135.28 23.458333770392343 3.0072741589439937
    endloop
  endfacet
  facet normal 0 0.1795719411188722 0.9837448439320027
    outer loop
      vertex 138.28 23.067662578839368 3.078586943594522
      vertex 135.28 23.458333770392343 3.0072741589439937
      vertex 135.28 23.067662578839368 3.078586943594522
    endloop
  endfacet
  facet normal 0 0.1795719411188722 0.9837448439320027
    outer loop
      vertex 138.28 23.458333770392343 3.0072741589439937
      vertex 135.28 23.458333770392343 3.0072741589439937
      vertex 138.28 23.067662578839368 3.078586943594522
    endloop
  endfacet
  facet normal 0 0.38684971108083765 0.9221427769259337
    outer loop
      vertex 138.28 21.940609941418543 3.458335191809736
      vertex 135.28 22.30681731690394 3.304706902409194
      vertex 135.28 21.940609941418543 3.458335191809736
    endloop
  endfacet
  facet normal 0 0.2500886588610629 0.9682229406025633
    outer loop
      vertex 138.28 22.683155547135648 3.1779037887640724
      vertex 135.28 23.067662578839368 3.078586943594522
      vertex 135.28 22.683155547135648 3.1779037887640724
    endloop
  endfacet
  facet normal 0 0.3193015301359825 0.9476531711828016
    outer loop
      vertex 138.28 22.30681731690394 3.304706902409194
      vertex 135.28 22.683155547135648 3.1779037887640724
      vertex 135.28 22.30681731690394 3.304706902409194
    endloop
  endfacet
  facet normal 0 0.3193015301359825 0.9476531711828016
    outer loop
      vertex 138.28 22.683155547135648 3.1779037887640724
      vertex 135.28 22.683155547135648 3.1779037887640724
      vertex 138.28 22.30681731690394 3.304706902409194
    endloop
  endfacet
  facet normal 0 0.2500886588610629 0.9682229406025633
    outer loop
      vertex 138.28 23.067662578839368 3.078586943594522
      vertex 135.28 23.067662578839368 3.078586943594522
      vertex 138.28 22.683155547135648 3.1779037887640724
    endloop
  endfacet
  facet normal 0 0.38684971108083765 0.9221427769259337
    outer loop
      vertex 138.28 22.30681731690394 3.304706902409194
      vertex 135.28 22.30681731690394 3.304706902409194
      vertex 138.28 21.940609941418543 3.458335191809736
    endloop
  endfacet
  facet normal -5.373264453092991e-18 0.45238103675742636 0.8918247572153825
    outer loop
      vertex 135.28 21.940609941418543 3.458335191809736
      vertex 135.28 21.586442656368092 3.637987710200176
      vertex 138.28 21.586442656368092 3.637987710200176
    endloop
  endfacet
  facet normal 0 0.45238103675742636 0.8918247572153825
    outer loop
      vertex 138.28 21.940609941418543 3.458335191809736
      vertex 135.28 21.940609941418543 3.458335191809736
      vertex 138.28 21.586442656368092 3.637987710200176
    endloop
  endfacet
  facet normal 0 0.5155538571770243 0.8568571761675878
    outer loop
      vertex 138.28 21.246161925984666 3.8427278325351946
      vertex 135.28 21.586442656368092 3.637987710200176
      vertex 135.28 21.246161925984666 3.8427278325351946
    endloop
  endfacet
  facet normal 0 0.5155538571770243 0.8568571761675878
    outer loop
      vertex 138.28 21.586442656368092 3.637987710200176
      vertex 135.28 21.586442656368092 3.637987710200176
      vertex 138.28 21.246161925984666 3.8427278325351946
    endloop
  endfacet
  facet normal 0 0.5760388185052387 0.8174223385588925
    outer loop
      vertex 138.28 21.246161925984666 3.8427278325351946
      vertex 135.28 21.246161925984666 3.8427278325351946
      vertex 138.28 20.921541816434292 4.0714881386189585
    endloop
  endfacet
  facet normal 0 0.5760388185052387 0.8174223385588925
    outer loop
      vertex 138.28 20.921541816434292 4.0714881386189585
      vertex 135.28 21.246161925984666 3.8427278325351946
      vertex 135.28 20.921541816434292 4.0714881386189585
    endloop
  endfacet
  facet normal 0 0.6876994588534215 0.7259954919231325
    outer loop
      vertex 138.28 20.6142747466574 4.3230759781397845
      vertex 135.28 20.6142747466574 4.3230759781397845
      vertex 138.28 20.32596266488012 4.5961796885966155
    endloop
  endfacet
  facet normal -2.5257606865464554e-19 0.6876994588534215 0.7259954919231325
    outer loop
      vertex 135.28 20.6142747466574 4.3230759781397845
      vertex 135.28 20.32596266488012 4.5961796885966155
      vertex 138.28 20.32596266488012 4.5961796885966155
    endloop
  endfacet
  facet normal 0 0.7382929909975002 0.6744801401405123
    outer loop
      vertex 138.28 20.058108696798 4.8893754336999455
      vertex 135.28 20.32596266488012 4.5961796885966155
      vertex 135.28 20.058108696798 4.8893754336999455
    endloop
  endfacet
  facet normal 2.1895612796494068e-18 0.7382929909975002 0.6744801401405123
    outer loop
      vertex 138.28 20.058108696798 4.8893754336999455
      vertex 138.28 20.32596266488012 4.5961796885966155
      vertex 135.28 20.32596266488012 4.5961796885966155
    endloop
  endfacet
  facet normal 0 0.6335205801604237 0.7737258393728365
    outer loop
      vertex 138.28 20.6142747466574 4.3230759781397845
      vertex 135.28 20.921541816434292 4.0714881386189585
      vertex 135.28 20.6142747466574 4.3230759781397845
    endloop
  endfacet
  facet normal 0 0.6335205801604237 0.7737258393728365
    outer loop
      vertex 138.28 20.921541816434292 4.0714881386189585
      vertex 135.28 20.921541816434292 4.0714881386189585
      vertex 138.28 20.6142747466574 4.3230759781397845
    endloop
  endfacet
  facet normal 0 0.7850374053426715 0.6194483612157239
    outer loop
      vertex 138.28 19.812109308974613 5.2011346265949685
      vertex 135.28 20.058108696798 4.8893754336999455
      vertex 135.28 19.812109308974613 5.2011346265949685
    endloop
  endfacet
  facet normal 6.470458127068282e-19 0.7850374053426715 0.6194483612157239
    outer loop
      vertex 138.28 19.812109308974613 5.2011346265949685
      vertex 138.28 20.058108696798 4.8893754336999455
      vertex 135.28 20.058108696798 4.8893754336999455
    endloop
  endfacet
  facet normal 2.5508244326177717e-18 0.827688998156892 0.5611870653623804
    outer loop
      vertex 138.28 19.589247028311526 5.529831899205621
      vertex 138.28 19.812109308974613 5.2011346265949685
      vertex 135.28 19.812109308974613 5.2011346265949685
    endloop
  endfacet
  facet normal 0 0.827688998156892 0.5611870653623804
    outer loop
      vertex 138.28 19.589247028311526 5.529831899205621
      vertex 135.28 19.812109308974613 5.2011346265949685
      vertex 135.28 19.589247028311526 5.529831899205621
    endloop
  endfacet
  facet normal 0 0.03610241322993625 0.999348095389677
    outer loop
      vertex 138.28 23.853132343096615 2.964337226651275
      vertex 135.28 24.25 2.9499999999999993
      vertex 135.28 23.853132343096615 2.964337226651275
    endloop
  endfacet
  facet normal 0 -0.036102413229935924 0.999348095389677
    outer loop
      vertex 138.28 24.25 2.9499999999999993
      vertex 135.28 24.64686765690339 2.964337226651275
      vertex 135.28 24.25 2.9499999999999993
    endloop
  endfacet
  facet normal 0 -0.10811901842394113 0.9941379571543597
    outer loop
      vertex 138.28 24.64686765690339 2.964337226651275
      vertex 135.28 25.041666229607657 3.0072741589439937
      vertex 135.28 24.64686765690339 2.964337226651275
    endloop
  endfacet
  facet normal 0 0.10811901842394017 0.9941379571543597
    outer loop
      vertex 138.28 23.853132343096615 2.964337226651275
      vertex 135.28 23.853132343096615 2.964337226651275
      vertex 138.28 23.458333770392343 3.0072741589439937
    endloop
  endfacet
  facet normal 0 0.03610241322993625 0.999348095389677
    outer loop
      vertex 138.28 24.25 2.9499999999999993
      vertex 135.28 24.25 2.9499999999999993
      vertex 138.28 23.853132343096615 2.964337226651275
    endloop
  endfacet
  facet normal 0 -0.036102413229935924 0.999348095389677
    outer loop
      vertex 138.28 24.64686765690339 2.964337226651275
      vertex 135.28 24.64686765690339 2.964337226651275
      vertex 138.28 24.25 2.9499999999999993
    endloop
  endfacet
  facet normal 0 -0.10811901842394113 0.9941379571543597
    outer loop
      vertex 138.28 25.041666229607657 3.0072741589439937
      vertex 135.28 25.041666229607657 3.0072741589439937
      vertex 138.28 24.64686765690339 2.964337226651275
    endloop
  endfacet
  facet normal 0 -0.17957194111887437 0.9837448439320023
    outer loop
      vertex 138.28 25.041666229607657 3.0072741589439937
      vertex 135.28 25.432337421160632 3.078586943594523
      vertex 135.28 25.041666229607657 3.0072741589439937
    endloop
  endfacet
  facet normal 0 -0.17957194111887437 0.9837448439320023
    outer loop
      vertex 138.28 25.432337421160632 3.078586943594523
      vertex 135.28 25.432337421160632 3.078586943594523
      vertex 138.28 25.041666229607657 3.0072741589439937
    endloop
  endfacet
  facet normal 0 -0.25008865886106296 0.9682229406025632
    outer loop
      vertex 138.28 25.432337421160632 3.078586943594523
      vertex 135.28 25.81684445286435 3.1779037887640724
      vertex 135.28 25.432337421160632 3.078586943594523
    endloop
  endfacet
  facet normal 0 -0.31930153013597984 0.9476531711828026
    outer loop
      vertex 138.28 25.81684445286435 3.1779037887640724
      vertex 135.28 26.19318268309606 3.304706902409194
      vertex 135.28 25.81684445286435 3.1779037887640724
    endloop
  endfacet
  facet normal 0 -0.25008865886106296 0.9682229406025632
    outer loop
      vertex 138.28 25.81684445286435 3.1779037887640724
      vertex 135.28 25.81684445286435 3.1779037887640724
      vertex 138.28 25.432337421160632 3.078586943594523
    endloop
  endfacet
  facet normal 0 -0.31930153013597984 0.9476531711828026
    outer loop
      vertex 138.28 26.19318268309606 3.304706902409194
      vertex 135.28 26.19318268309606 3.304706902409194
      vertex 138.28 25.81684445286435 3.1779037887640724
    endloop
  endfacet
  facet normal 0 -0.38684971108083765 0.9221427769259337
    outer loop
      vertex 138.28 26.19318268309606 3.304706902409194
      vertex 135.28 26.559390058581457 3.458335191809736
      vertex 135.28 26.19318268309606 3.304706902409194
    endloop
  endfacet
  facet normal 0 -0.38684971108083765 0.9221427769259337
    outer loop
      vertex 138.28 26.559390058581457 3.458335191809736
      vertex 135.28 26.559390058581457 3.458335191809736
      vertex 138.28 26.19318268309606 3.304706902409194
    endloop
  endfacet
  facet normal 0 -0.45238103675742636 0.8918247572153825
    outer loop
      vertex 138.28 26.559390058581457 3.458335191809736
      vertex 135.28 26.913557343631908 3.637987710200176
      vertex 135.28 26.559390058581457 3.458335191809736
    endloop
  endfacet
  facet normal 0 -0.45238103675742636 0.8918247572153825
    outer loop
      vertex 138.28 26.913557343631908 3.637987710200176
      vertex 135.28 26.913557343631908 3.637987710200176
      vertex 138.28 26.559390058581457 3.458335191809736
    endloop
  endfacet
  facet normal 0 -0.515553857177021 0.8568571761675897
    outer loop
      vertex 138.28 26.913557343631908 3.637987710200176
      vertex 135.28 27.253838074015334 3.842727832535193
      vertex 135.28 26.913557343631908 3.637987710200176
    endloop
  endfacet
  facet normal 0 -0.515553857177021 0.8568571761675897
    outer loop
      vertex 138.28 27.253838074015334 3.842727832535193
      vertex 135.28 27.253838074015334 3.842727832535193
      vertex 138.28 26.913557343631908 3.637987710200176
    endloop
  endfacet
  facet normal 2.9635428719036136e-18 -0.5760388185052417 0.8174223385588902
    outer loop
      vertex 135.28 27.578458183565708 4.0714881386189585
      vertex 135.28 27.253838074015334 3.842727832535193
      vertex 138.28 27.253838074015334 3.842727832535193
    endloop
  endfacet
  facet normal 0 -0.5760388185052417 0.8174223385588902
    outer loop
      vertex 138.28 27.578458183565708 4.0714881386189585
      vertex 135.28 27.578458183565708 4.0714881386189585
      vertex 138.28 27.253838074015334 3.842727832535193
    endloop
  endfacet
  facet normal 0 -0.6335205801604218 0.7737258393728378
    outer loop
      vertex 138.28 27.578458183565708 4.0714881386189585
      vertex 135.28 27.885725253342603 4.323075978139786
      vertex 135.28 27.578458183565708 4.0714881386189585
    endloop
  endfacet
  facet normal 0 -0.6335205801604218 0.7737258393728378
    outer loop
      vertex 138.28 27.885725253342603 4.323075978139786
      vertex 135.28 27.885725253342603 4.323075978139786
      vertex 138.28 27.578458183565708 4.0714881386189585
    endloop
  endfacet
  facet normal 0 -0.6876994588534237 0.7259954919231304
    outer loop
      vertex 138.28 27.885725253342603 4.323075978139786
      vertex 135.28 28.17403733511988 4.5961796885966155
      vertex 135.28 27.885725253342603 4.323075978139786
    endloop
  endfacet
  facet normal 0 -0.6876994588534237 0.7259954919231304
    outer loop
      vertex 138.28 28.17403733511988 4.5961796885966155
      vertex 135.28 28.17403733511988 4.5961796885966155
      vertex 138.28 27.885725253342603 4.323075978139786
    endloop
  endfacet
  facet normal 0 -0.7382929909975032 0.6744801401405089
    outer loop
      vertex 135.28 28.17403733511988 4.5961796885966155
      vertex 138.28 28.17403733511988 4.5961796885966155
      vertex 135.28 28.441891303202 4.889375433699948
    endloop
  endfacet
  facet normal 2.7955533419357536e-18 -0.7382929909975032 0.6744801401405089
    outer loop
      vertex 138.28 28.17403733511988 4.5961796885966155
      vertex 138.28 28.441891303202 4.889375433699948
      vertex 135.28 28.441891303202 4.889375433699948
    endloop
  endfacet
  facet normal 0 -0.7850374053426681 0.6194483612157283
    outer loop
      vertex 135.28 28.441891303202 4.889375433699948
      vertex 138.28 28.441891303202 4.889375433699948
      vertex 135.28 28.687890691025387 5.201134626594968
    endloop
  endfacet
  facet normal -3.6565624945386933e-19 -0.7850374053426681 0.6194483612157283
    outer loop
      vertex 138.28 28.441891303202 4.889375433699948
      vertex 138.28 28.687890691025387 5.201134626594968
      vertex 135.28 28.687890691025387 5.201134626594968
    endloop
  endfacet
  facet normal 0 -0.8276889981568933 0.5611870653623783
    outer loop
      vertex 138.28 28.687890691025387 5.201134626594968
      vertex 135.28 28.910752971688474 5.529831899205622
      vertex 135.28 28.687890691025387 5.201134626594968
    endloop
  endfacet
  facet normal 3.5806198669746824e-18 -0.8276889981568933 0.5611870653623783
    outer loop
      vertex 138.28 28.687890691025387 5.201134626594968
      vertex 138.28 28.910752971688474 5.529831899205622
      vertex 135.28 28.910752971688474 5.529831899205622
    endloop
  endfacet
  facet normal 3.1438887420762027e-18 0.8660254037844378 0.5000000000000011
    outer loop
      vertex 138.28 19.390683755546874 5.873753576151154
      vertex 138.28 19.589247028311526 5.529831899205621
      vertex 135.28 19.589247028311526 5.529831899205621
    endloop
  endfacet
  facet normal 0 0.8660254037844378 0.5000000000000011
    outer loop
      vertex 138.28 19.390683755546874 5.873753576151154
      vertex 135.28 19.589247028311526 5.529831899205621
      vertex 135.28 19.390683755546874 5.873753576151154
    endloop
  endfacet
  facet normal 0 0.8998467539575051 0.43620616615557073
    outer loop
      vertex 138.28 19.390683755546874 5.873753576151154
      vertex 135.28 19.390683755546874 5.873753576151154
      vertex 138.28 19.217454707642933 6.231106609056051
    endloop
  endfacet
  facet normal 0 0.8998467539575051 0.43620616615557073
    outer loop
      vertex 138.28 19.217454707642933 6.231106609056051
      vertex 135.28 19.390683755546874 5.873753576151154
      vertex 135.28 19.217454707642933 6.231106609056051
    endloop
  endfacet
  facet normal 2.085756206701993e-18 0.9289767198167922 0.3701381553399122
    outer loop
      vertex 138.28 19.070463020644205 6.600027924674038
      vertex 138.28 19.217454707642933 6.231106609056051
      vertex 135.28 19.217454707642933 6.231106609056051
    endloop
  endfacet
  facet normal 0 0.9289767198167922 0.3701381553399122
    outer loop
      vertex 138.28 19.070463020644205 6.600027924674038
      vertex 135.28 19.217454707642933 6.231106609056051
      vertex 135.28 19.070463020644205 6.600027924674038
    endloop
  endfacet
  facet normal 0 0.9532634312085223 0.30214041556957405
    outer loop
      vertex 138.28 18.950475041144273 6.978594138089285
      vertex 135.28 19.070463020644205 6.600027924674038
      vertex 135.28 18.950475041144273 6.978594138089285
    endloop
  endfacet
  facet normal -5.493427807764931e-19 0.9532634312085223 0.30214041556957405
    outer loop
      vertex 138.28 18.950475041144273 6.978594138089285
      vertex 138.28 19.070463020644205 6.600027924674038
      vertex 135.28 19.070463020644205 6.600027924674038
    endloop
  endfacet
  facet normal 0 0.9725802684651249 0.23256745557430336
    outer loop
      vertex 138.28 18.950475041144273 6.978594138089285
      vertex 135.28 18.950475041144273 6.978594138089285
      vertex 138.28 18.85811633090951 7.364831580354801
    endloop
  endfacet
  facet normal 0 0.9725802684651249 0.23256745557430336
    outer loop
      vertex 138.28 18.85811633090951 7.364831580354801
      vertex 135.28 18.950475041144273 6.978594138089285
      vertex 135.28 18.85811633090951 7.364831580354801
    endloop
  endfacet
  facet normal -9.438552372796689e-19 0.986826522541525 0.16178199655277115
    outer loop
      vertex 138.28 18.793868405489675 7.756726588288408
      vertex 138.28 18.85811633090951 7.364831580354801
      vertex 135.28 18.85811633090951 7.364831580354801
    endloop
  endfacet
  facet normal 0 0.986826522541525 0.16178199655277115
    outer loop
      vertex 138.28 18.793868405489675 7.756726588288408
      vertex 135.28 18.85811633090951 7.364831580354801
      vertex 135.28 18.793868405489675 7.756726588288408
    endloop
  endfacet
  facet normal 5.646469917929681e-20 0.9959279200655046 0.0901530811120623
    outer loop
      vertex 135.28 18.77184688447739 8
      vertex 138.28 18.793868405489675 7.756726588288408
      vertex 135.28 18.793868405489675 7.756726588288408
    endloop
  endfacet
  facet normal 0 0.9959279200655046 0.0901530811120623
    outer loop
      vertex 135.28 18.77184688447739 8
      vertex 137.03 18.77184688447739 8
      vertex 138.28 18.793868405489675 7.756726588288408
    endloop
  endfacet
  facet normal 2.4186710966402606e-16 0.9959279200655045 0.09015308111206354
    outer loop
      vertex 138.28 18.75806622381882 8.152236002780201
      vertex 138.28 18.793868405489675 7.756726588288408
      vertex 137.03 18.77184688447739 8
    endloop
  endfacet
  facet normal 0 0.9959279200655041 0.09015308111206549
    outer loop
      vertex 138.28 18.75806622381882 8.152236002780201
      vertex 137.03 18.77184688447739 8
      vertex 137.03 18.75806622381882 8.152236002780201
    endloop
  endfacet
  facet normal 0 0.9998370105646411 0.018054149250563648
    outer loop
      vertex 138.28 18.75806622381882 8.152236002780201
      vertex 137.03 18.75806622381882 8.152236002780201
      vertex 138.28 18.750896441894472 8.549297820878083
    endloop
  endfacet
  facet normal 0 0.9998370105646411 0.018054149250563648
    outer loop
      vertex 138.28 18.750896441894472 8.549297820878083
      vertex 137.03 18.75806622381882 8.152236002780201
      vertex 137.03 18.750896441894472 8.549297820878083
    endloop
  endfacet
  facet normal -5.2765790095843594e-20 0.9985334138511236 -0.054138908585423494
    outer loop
      vertex 138.28 18.772396439639728 8.945841946116357
      vertex 138.28 18.750896441894472 8.549297820878083
      vertex 137.03 18.750896441894472 8.549297820878083
    endloop
  endfacet
  facet normal 0 0.9985334138511236 -0.054138908585423494
    outer loop
      vertex 138.28 18.772396439639728 8.945841946116357
      vertex 137.03 18.750896441894472 8.549297820878083
      vertex 137.03 18.772396439639728 8.945841946116357
    endloop
  endfacet
  facet normal 2.0262892080241835e-18 0.9920239262746053 -0.12604971122028133
    outer loop
      vertex 138.28 18.822454126021604 9.339800981040206
      vertex 138.28 18.772396439639728 8.945841946116357
      vertex 137.03 18.772396439639728 8.945841946116357
    endloop
  endfacet
  facet normal 2.0262892080241835e-18 0.9920239262746053 -0.12604971122028133
    outer loop
      vertex 137.03 18.772396439639728 8.945841946116357
      vertex 137.03 18.822454126021604 9.339800981040206
      vertex 138.28 18.822454126021604 9.339800981040206
    endloop
  endfacet
  facet normal 0 0.9803424852891797 -0.19730334902640273
    outer loop
      vertex 137.03 18.822454126021604 9.339800981040206
      vertex 138.28 18.90080852344182 9.729121005658705
      vertex 138.28 18.822454126021604 9.339800981040206
    endloop
  endfacet
  facet normal -4.287373935336238e-19 0.9803424852891797 -0.19730334902640273
    outer loop
      vertex 137.03 18.822454126021604 9.339800981040206
      vertex 137.03 18.90080852344182 9.729121005658705
      vertex 138.28 18.90080852344182 9.729121005658705
    endloop
  endfacet
  facet normal 0 0.9635499925192218 -0.26752833852922525
    outer loop
      vertex 137.03 18.90080852344182 9.729121005658705
      vertex 138.28 19.007051128353126 10.111772285632648
      vertex 138.28 18.90080852344182 9.729121005658705
    endloop
  endfacet
  facet normal 1.0910455876688995e-18 0.9635499925192218 -0.26752833852922525
    outer loop
      vertex 137.03 18.90080852344182 9.729121005658705
      vertex 137.03 19.007051128353126 10.111772285632648
      vertex 138.28 19.007051128353126 10.111772285632648
    endloop
  endfacet
  facet normal 0 0.9417339962465108 -0.3363585591501677
    outer loop
      vertex 137.03 19.007051128353126 10.111772285632648
      vertex 138.28 19.140628041007645 10.485759854369528
      vertex 138.28 19.007051128353126 10.111772285632648
    endloop
  endfacet
  facet normal 6.1435613080334926e-18 0.9417339962465108 -0.3363585591501677
    outer loop
      vertex 137.03 19.007051128353126 10.111772285632648
      vertex 137.03 19.140628041007645 10.485759854369528
      vertex 138.28 19.140628041007645 10.485759854369528
    endloop
  endfacet
  facet normal 6.088349063211271e-18 0.9150082349740097 -0.40343516198981394
    outer loop
      vertex 138.28 19.300842853233714 10.84913391385562
      vertex 138.28 19.140628041007645 10.485759854369528
      vertex 137.03 19.140628041007645 10.485759854369528
    endloop
  endfacet
  facet normal 0 0.9150082349740097 -0.40343516198981394
    outer loop
      vertex 138.28 19.300842853233714 10.84913391385562
      vertex 137.03 19.140628041007645 10.485759854369528
      vertex 137.03 19.300842853233714 10.84913391385562
    endloop
  endfacet
  facet normal 2.500532374478779e-18 0.8835120444460214 -0.46840844069979315
    outer loop
      vertex 137.03 19.380826989963484 11
      vertex 138.28 19.300842853233714 10.84913391385562
      vertex 137.03 19.300842853233714 10.84913391385562
    endloop
  endfacet
  facet normal 0 0.8835120444460214 -0.46840844069979315
    outer loop
      vertex 137.03 19.380826989963484 11
      vertex 138.28 19.380826989963484 11
      vertex 138.28 19.300842853233714 10.84913391385562
    endloop
  endfacet
  facet normal 0 -0.8660254037844374 0.5000000000000021
    outer loop
      vertex 138.28 28.910752971688474 5.529831899205622
      vertex 135.28 29.109316244453126 5.873753576151154
      vertex 135.28 28.910752971688474 5.529831899205622
    endloop
  endfacet
  facet normal 2.5689767609557567e-19 -0.8660254037844374 0.5000000000000021
    outer loop
      vertex 138.28 28.910752971688474 5.529831899205622
      vertex 138.28 29.109316244453126 5.873753576151154
      vertex 135.28 29.109316244453126 5.873753576151154
    endloop
  endfacet
  facet normal 0 -0.8998467539575059 0.43620616615556895
    outer loop
      vertex 135.28 29.109316244453126 5.873753576151154
      vertex 138.28 29.109316244453126 5.873753576151154
      vertex 135.28 29.282545292357067 6.231106609056053
    endloop
  endfacet
  facet normal 0 -0.8998467539575059 0.43620616615556895
    outer loop
      vertex 138.28 29.282545292357067 6.231106609056053
      vertex 135.28 29.282545292357067 6.231106609056053
      vertex 138.28 29.109316244453126 5.873753576151154
    endloop
  endfacet
  facet normal 0 -0.9289767198167911 0.3701381553399153
    outer loop
      vertex 138.28 29.282545292357067 6.231106609056053
      vertex 135.28 29.429536979355795 6.600027924674036
      vertex 135.28 29.282545292357067 6.231106609056053
    endloop
  endfacet
  facet normal 2.2256819519337205e-18 -0.9289767198167911 0.3701381553399153
    outer loop
      vertex 138.28 29.282545292357067 6.231106609056053
      vertex 138.28 29.429536979355795 6.600027924674036
      vertex 135.28 29.429536979355795 6.600027924674036
    endloop
  endfacet
  facet normal 0 -0.9532634312085226 0.3021404155695727
    outer loop
      vertex 138.28 29.429536979355795 6.600027924674036
      vertex 135.28 29.549524958855727 6.978594138089285
      vertex 135.28 29.429536979355795 6.600027924674036
    endloop
  endfacet
  facet normal -1.0993701317830852e-18 -0.9532634312085226 0.3021404155695727
    outer loop
      vertex 138.28 29.429536979355795 6.600027924674036
      vertex 138.28 29.549524958855727 6.978594138089285
      vertex 135.28 29.549524958855727 6.978594138089285
    endloop
  endfacet
  facet normal 0 -0.9725802684651246 0.23256745557430436
    outer loop
      vertex 135.28 29.549524958855727 6.978594138089285
      vertex 138.28 29.549524958855727 6.978594138089285
      vertex 135.28 29.64188366909049 7.3648315803547995
    endloop
  endfacet
  facet normal 0 -0.9725802684651246 0.23256745557430436
    outer loop
      vertex 138.28 29.64188366909049 7.3648315803547995
      vertex 135.28 29.64188366909049 7.3648315803547995
      vertex 138.28 29.549524958855727 6.978594138089285
    endloop
  endfacet
  facet normal 0 -0.9868265225415251 0.16178199655277042
    outer loop
      vertex 138.28 29.64188366909049 7.3648315803547995
      vertex 135.28 29.706131594510325 7.756726588288408
      vertex 135.28 29.64188366909049 7.3648315803547995
    endloop
  endfacet
  facet normal 6.379009751166555e-19 -0.9868265225415251 0.16178199655277042
    outer loop
      vertex 138.28 29.64188366909049 7.3648315803547995
      vertex 138.28 29.706131594510325 7.756726588288408
      vertex 135.28 29.706131594510325 7.756726588288408
    endloop
  endfacet
  facet normal 0 -0.9959279200655046 0.0901530811120623
    outer loop
      vertex 138.28 29.706131594510325 7.756726588288408
      vertex 135.28 29.72815311552261 8
      vertex 135.28 29.706131594510325 7.756726588288408
    endloop
  endfacet
  facet normal 0 -0.9959279200655046 0.0901530811120623
    outer loop
      vertex 137.03 29.72815311552261 8
      vertex 135.28 29.72815311552261 8
      vertex 138.28 29.706131594510325 7.756726588288408
    endloop
  endfacet
  facet normal 1.6092286353113184e-16 -0.9959279200655045 0.09015308111206313
    outer loop
      vertex 138.28 29.706131594510325 7.756726588288408
      vertex 138.28 29.74193377618118 8.152236002780203
      vertex 137.03 29.72815311552261 8
    endloop
  endfacet
  facet normal 9.3302549482901e-19 -0.9959279200655043 0.09015308111206445
    outer loop
      vertex 137.03 29.72815311552261 8
      vertex 138.28 29.74193377618118 8.152236002780203
      vertex 137.03 29.74193377618118 8.152236002780203
    endloop
  endfacet
  facet normal 0 -0.9998370105646411 0.01805414925056381
    outer loop
      vertex 137.03 29.74193377618118 8.152236002780203
      vertex 138.28 29.74193377618118 8.152236002780203
      vertex 137.03 29.749103558105528 8.549297820878081
    endloop
  endfacet
  facet normal 0 -0.9998370105646411 0.01805414925056381
    outer loop
      vertex 138.28 29.749103558105528 8.549297820878081
      vertex 137.03 29.749103558105528 8.549297820878081
      vertex 138.28 29.74193377618118 8.152236002780203
    endloop
  endfacet
  facet normal -5.904369007135332e-20 -0.9985334138511236 -0.05413890858542301
    outer loop
      vertex 137.03 29.727603560360272 8.945841946116358
      vertex 137.03 29.749103558105528 8.549297820878081
      vertex 138.28 29.749103558105528 8.549297820878081
    endloop
  endfacet
  facet normal 0 -0.9985334138511236 -0.05413890858542301
    outer loop
      vertex 137.03 29.727603560360272 8.945841946116358
      vertex 138.28 29.749103558105528 8.549297820878081
      vertex 138.28 29.727603560360272 8.945841946116358
    endloop
  endfacet
  facet normal 2.373597517750039e-18 -0.9920239262746052 -0.12604971122028188
    outer loop
      vertex 137.03 29.677545873978396 9.339800981040206
      vertex 137.03 29.727603560360272 8.945841946116358
      vertex 138.28 29.727603560360272 8.945841946116358
    endloop
  endfacet
  facet normal 0 -0.9920239262746052 -0.12604971122028188
    outer loop
      vertex 137.03 29.677545873978396 9.339800981040206
      vertex 138.28 29.727603560360272 8.945841946116358
      vertex 138.28 29.677545873978396 9.339800981040206
    endloop
  endfacet
  facet normal 0 -0.9803424852891799 -0.19730334902640187
    outer loop
      vertex 137.03 29.677545873978396 9.339800981040206
      vertex 138.28 29.677545873978396 9.339800981040206
      vertex 137.03 29.59919147655818 9.729121005658707
    endloop
  endfacet
  facet normal 0 -0.9803424852891799 -0.19730334902640187
    outer loop
      vertex 138.28 29.59919147655818 9.729121005658707
      vertex 137.03 29.59919147655818 9.729121005658707
      vertex 138.28 29.677545873978396 9.339800981040206
    endloop
  endfacet
  facet normal 0 -0.9635499925192218 -0.26752833852922525
    outer loop
      vertex 137.03 29.492948871646874 10.11177228563265
      vertex 138.28 29.59919147655818 9.729121005658707
      vertex 138.28 29.492948871646874 10.11177228563265
    endloop
  endfacet
  facet normal 0 -0.9417339962465102 -0.3363585591501691
    outer loop
      vertex 138.28 29.492948871646874 10.11177228563265
      vertex 137.03 29.359371958992355 10.485759854369528
      vertex 137.03 29.492948871646874 10.11177228563265
    endloop
  endfacet
  facet normal -3.4081719722867223e-18 -0.9417339962465102 -0.3363585591501691
    outer loop
      vertex 138.28 29.492948871646874 10.11177228563265
      vertex 138.28 29.359371958992355 10.485759854369528
      vertex 137.03 29.359371958992355 10.485759854369528
    endloop
  endfacet
  facet normal 0 -0.9150082349740097 -0.40343516198981394
    outer loop
      vertex 137.03 29.359371958992355 10.485759854369528
      vertex 138.28 29.359371958992355 10.485759854369528
      vertex 137.03 29.199157146766286 10.84913391385562
    endloop
  endfacet
  facet normal 0 -0.9150082349740097 -0.40343516198981394
    outer loop
      vertex 138.28 29.199157146766286 10.84913391385562
      vertex 137.03 29.199157146766286 10.84913391385562
      vertex 138.28 29.359371958992355 10.485759854369528
    endloop
  endfacet
  facet normal 0 -0.8835120444460214 -0.46840844069979315
    outer loop
      vertex 137.03 29.199157146766286 10.84913391385562
      vertex 138.28 29.199157146766286 10.84913391385562
      vertex 137.03 29.119173010036516 11
    endloop
  endfacet
  facet normal 0 -0.8835120444460214 -0.46840844069979315
    outer loop
      vertex 138.28 29.119173010036516 11
      vertex 137.03 29.119173010036516 11
      vertex 138.28 29.199157146766286 10.84913391385562
    endloop
  endfacet
  facet normal 0 -0.9635499925192218 -0.26752833852922525
    outer loop
      vertex 137.03 29.59919147655818 9.729121005658707
      vertex 138.28 29.59919147655818 9.729121005658707
      vertex 137.03 29.492948871646874 10.11177228563265
    endloop
  endfacet
  facet normal 0 0.38684971108083765 0.9221427769259337
    outer loop
      vertex 138.28 61.82060994141854 3.458335191809736
      vertex 135.28 62.186817316903934 3.304706902409194
      vertex 135.28 61.82060994141854 3.458335191809736
    endloop
  endfacet
  facet normal -2.7746350268049024e-18 0.38684971108083765 0.9221427769259337
    outer loop
      vertex 138.28 61.82060994141854 3.458335191809736
      vertex 138.28 62.186817316903934 3.304706902409194
      vertex 135.28 62.186817316903934 3.304706902409194
    endloop
  endfacet
  facet normal 0 0.10811901842394113 0.9941379571543597
    outer loop
      vertex 138.28 63.33833377039234 3.0072741589439937
      vertex 135.28 63.73313234309661 2.964337226651275
      vertex 135.28 63.33833377039234 3.0072741589439937
    endloop
  endfacet
  facet normal 0 0.1795719411188722 0.9837448439320027
    outer loop
      vertex 138.28 62.94766257883936 3.078586943594522
      vertex 135.28 63.33833377039234 3.0072741589439937
      vertex 135.28 62.94766257883936 3.078586943594522
    endloop
  endfacet
  facet normal 0 0.1795719411188722 0.9837448439320027
    outer loop
      vertex 138.28 63.33833377039234 3.0072741589439937
      vertex 135.28 63.33833377039234 3.0072741589439937
      vertex 138.28 62.94766257883936 3.078586943594522
    endloop
  endfacet
  facet normal 0 0.036102413229935924 0.999348095389677
    outer loop
      vertex 138.28 63.73313234309661 2.964337226651275
      vertex 135.28 64.13 2.9499999999999993
      vertex 135.28 63.73313234309661 2.964337226651275
    endloop
  endfacet
  facet normal 0 -0.03610241322993658 0.999348095389677
    outer loop
      vertex 138.28 64.13 2.9499999999999993
      vertex 135.28 64.52686765690338 2.964337226651275
      vertex 135.28 64.13 2.9499999999999993
    endloop
  endfacet
  facet normal 0 -0.10811901842393921 0.9941379571543599
    outer loop
      vertex 138.28 64.52686765690338 2.964337226651275
      vertex 135.28 64.92166622960765 3.0072741589439937
      vertex 135.28 64.52686765690338 2.964337226651275
    endloop
  endfacet
  facet normal 0 0.10811901842394113 0.9941379571543597
    outer loop
      vertex 138.28 63.73313234309661 2.964337226651275
      vertex 135.28 63.73313234309661 2.964337226651275
      vertex 138.28 63.33833377039234 3.0072741589439937
    endloop
  endfacet
  facet normal 0 0.036102413229935924 0.999348095389677
    outer loop
      vertex 138.28 64.13 2.9499999999999993
      vertex 135.28 64.13 2.9499999999999993
      vertex 138.28 63.73313234309661 2.964337226651275
    endloop
  endfacet
  facet normal 0 -0.03610241322993658 0.999348095389677
    outer loop
      vertex 138.28 64.52686765690338 2.964337226651275
      vertex 135.28 64.52686765690338 2.964337226651275
      vertex 138.28 64.13 2.9499999999999993
    endloop
  endfacet
  facet normal 0 -0.10811901842393921 0.9941379571543599
    outer loop
      vertex 138.28 64.92166622960765 3.0072741589439937
      vertex 135.28 64.92166622960765 3.0072741589439937
      vertex 138.28 64.52686765690338 2.964337226651275
    endloop
  endfacet
  facet normal 0 0.2500886588610629 0.9682229406025633
    outer loop
      vertex 138.28 62.56315554713564 3.1779037887640724
      vertex 135.28 62.94766257883936 3.078586943594522
      vertex 135.28 62.56315554713564 3.1779037887640724
    endloop
  endfacet
  facet normal 0 0.3193015301359825 0.9476531711828016
    outer loop
      vertex 138.28 62.186817316903934 3.304706902409194
      vertex 135.28 62.56315554713564 3.1779037887640724
      vertex 135.28 62.186817316903934 3.304706902409194
    endloop
  endfacet
  facet normal 0 0.2500886588610629 0.9682229406025633
    outer loop
      vertex 138.28 62.94766257883936 3.078586943594522
      vertex 135.28 62.94766257883936 3.078586943594522
      vertex 138.28 62.56315554713564 3.1779037887640724
    endloop
  endfacet
  facet normal 0 0.3193015301359825 0.9476531711828016
    outer loop
      vertex 138.28 62.56315554713564 3.1779037887640724
      vertex 135.28 62.56315554713564 3.1779037887640724
      vertex 138.28 62.186817316903934 3.304706902409194
    endloop
  endfacet
  facet normal -5.373264453092991e-18 0.45238103675742636 0.8918247572153825
    outer loop
      vertex 135.28 61.82060994141854 3.458335191809736
      vertex 135.28 61.46644265636809 3.637987710200176
      vertex 138.28 61.46644265636809 3.637987710200176
    endloop
  endfacet
  facet normal 0 0.45238103675742636 0.8918247572153825
    outer loop
      vertex 138.28 61.82060994141854 3.458335191809736
      vertex 135.28 61.82060994141854 3.458335191809736
      vertex 138.28 61.46644265636809 3.637987710200176
    endloop
  endfacet
  facet normal 0 0.5155538571770243 0.8568571761675878
    outer loop
      vertex 138.28 61.12616192598466 3.8427278325351946
      vertex 135.28 61.46644265636809 3.637987710200176
      vertex 135.28 61.12616192598466 3.8427278325351946
    endloop
  endfacet
  facet normal 0 0.5155538571770243 0.8568571761675878
    outer loop
      vertex 138.28 61.46644265636809 3.637987710200176
      vertex 135.28 61.46644265636809 3.637987710200176
      vertex 138.28 61.12616192598466 3.8427278325351946
    endloop
  endfacet
  facet normal 0 0.5760388185052387 0.8174223385588925
    outer loop
      vertex 138.28 61.12616192598466 3.8427278325351946
      vertex 135.28 61.12616192598466 3.8427278325351946
      vertex 138.28 60.80154181643429 4.0714881386189585
    endloop
  endfacet
  facet normal 0 0.5760388185052387 0.8174223385588925
    outer loop
      vertex 138.28 60.80154181643429 4.0714881386189585
      vertex 135.28 61.12616192598466 3.8427278325351946
      vertex 135.28 60.80154181643429 4.0714881386189585
    endloop
  endfacet
  facet normal 0 -0.17957194111887118 0.9837448439320028
    outer loop
      vertex 138.28 64.92166622960765 3.0072741589439937
      vertex 135.28 65.31233742116063 3.078586943594523
      vertex 135.28 64.92166622960765 3.0072741589439937
    endloop
  endfacet
  facet normal 0 -0.17957194111887118 0.9837448439320028
    outer loop
      vertex 138.28 65.31233742116063 3.078586943594523
      vertex 135.28 65.31233742116063 3.078586943594523
      vertex 138.28 64.92166622960765 3.0072741589439937
    endloop
  endfacet
  facet normal 0 -0.2500886588610695 0.9682229406025616
    outer loop
      vertex 138.28 65.31233742116063 3.078586943594523
      vertex 135.28 65.69684445286434 3.1779037887640724
      vertex 135.28 65.31233742116063 3.078586943594523
    endloop
  endfacet
  facet normal 0 -0.3193015301359717 0.9476531711828052
    outer loop
      vertex 138.28 65.69684445286434 3.1779037887640724
      vertex 135.28 66.07318268309606 3.304706902409194
      vertex 135.28 65.69684445286434 3.1779037887640724
    endloop
  endfacet
  facet normal 0 -0.2500886588610695 0.9682229406025616
    outer loop
      vertex 138.28 65.69684445286434 3.1779037887640724
      vertex 135.28 65.69684445286434 3.1779037887640724
      vertex 138.28 65.31233742116063 3.078586943594523
    endloop
  endfacet
  facet normal 0 -0.3193015301359717 0.9476531711828052
    outer loop
      vertex 138.28 66.07318268309606 3.304706902409194
      vertex 135.28 66.07318268309606 3.304706902409194
      vertex 138.28 65.69684445286434 3.1779037887640724
    endloop
  endfacet
  facet normal 0 -0.386849711080844 0.922142776925931
    outer loop
      vertex 138.28 66.07318268309606 3.304706902409194
      vertex 135.28 66.43939005858145 3.458335191809736
      vertex 135.28 66.07318268309606 3.304706902409194
    endloop
  endfacet
  facet normal 0 -0.386849711080844 0.922142776925931
    outer loop
      vertex 138.28 66.43939005858145 3.458335191809736
      vertex 135.28 66.43939005858145 3.458335191809736
      vertex 138.28 66.07318268309606 3.304706902409194
    endloop
  endfacet
  facet normal 0 -0.45238103675742636 0.8918247572153825
    outer loop
      vertex 138.28 66.43939005858145 3.458335191809736
      vertex 135.28 66.7935573436319 3.637987710200176
      vertex 135.28 66.43939005858145 3.458335191809736
    endloop
  endfacet
  facet normal 0 -0.45238103675742636 0.8918247572153825
    outer loop
      vertex 138.28 66.7935573436319 3.637987710200176
      vertex 135.28 66.7935573436319 3.637987710200176
      vertex 138.28 66.43939005858145 3.458335191809736
    endloop
  endfacet
  facet normal 0 -0.515553857177021 0.8568571761675897
    outer loop
      vertex 138.28 66.7935573436319 3.637987710200176
      vertex 135.28 67.13383807401533 3.842727832535193
      vertex 135.28 66.7935573436319 3.637987710200176
    endloop
  endfacet
  facet normal 0 -0.515553857177021 0.8568571761675897
    outer loop
      vertex 135.28 67.13383807401533 3.842727832535193
      vertex 138.28 66.7935573436319 3.637987710200176
      vertex 138.28 67.13383807401533 3.842727832535193
    endloop
  endfacet
  facet normal 0 -0.5760388185052333 0.8174223385588962
    outer loop
      vertex 135.28 67.13383807401533 3.842727832535193
      vertex 138.28 67.13383807401533 3.842727832535193
      vertex 135.28 67.45845818356571 4.0714881386189585
    endloop
  endfacet
  facet normal 0 -0.5760388185052333 0.8174223385588962
    outer loop
      vertex 135.28 67.45845818356571 4.0714881386189585
      vertex 138.28 67.13383807401533 3.842727832535193
      vertex 138.28 67.45845818356571 4.0714881386189585
    endloop
  endfacet
  facet normal 0 0.6335205801604237 0.7737258393728365
    outer loop
      vertex 138.28 60.494274746657396 4.3230759781397845
      vertex 135.28 60.80154181643429 4.0714881386189585
      vertex 135.28 60.494274746657396 4.3230759781397845
    endloop
  endfacet
  facet normal 0 0.6876994588534261 0.7259954919231283
    outer loop
      vertex 138.28 60.494274746657396 4.3230759781397845
      vertex 135.28 60.494274746657396 4.3230759781397845
      vertex 138.28 60.20596266488012 4.5961796885966155
    endloop
  endfacet
  facet normal 0 0.6335205801604237 0.7737258393728365
    outer loop
      vertex 138.28 60.80154181643429 4.0714881386189585
      vertex 135.28 60.80154181643429 4.0714881386189585
      vertex 138.28 60.494274746657396 4.3230759781397845
    endloop
  endfacet
  facet normal -1.247941978427371e-18 0.6876994588534261 0.7259954919231283
    outer loop
      vertex 135.28 60.494274746657396 4.3230759781397845
      vertex 135.28 60.20596266488012 4.5961796885966155
      vertex 138.28 60.20596266488012 4.5961796885966155
    endloop
  endfacet
  facet normal 1.512658146630474e-18 0.7382929909974957 0.6744801401405172
    outer loop
      vertex 135.28 60.20596266488012 4.5961796885966155
      vertex 135.28 59.938108696798 4.8893754336999455
      vertex 138.28 59.938108696798 4.8893754336999455
    endloop
  endfacet
  facet normal 0 0.7382929909974957 0.6744801401405172
    outer loop
      vertex 135.28 60.20596266488012 4.5961796885966155
      vertex 138.28 59.938108696798 4.8893754336999455
      vertex 138.28 60.20596266488012 4.5961796885966155
    endloop
  endfacet
  facet normal 6.470458127068282e-19 0.7850374053426715 0.6194483612157239
    outer loop
      vertex 135.28 59.938108696798 4.8893754336999455
      vertex 135.28 59.69210930897461 5.2011346265949685
      vertex 138.28 59.69210930897461 5.2011346265949685
    endloop
  endfacet
  facet normal 0 0.7850374053426715 0.6194483612157239
    outer loop
      vertex 135.28 59.938108696798 4.8893754336999455
      vertex 138.28 59.69210930897461 5.2011346265949685
      vertex 138.28 59.938108696798 4.8893754336999455
    endloop
  endfacet
  facet normal 0 0.827688998156892 0.5611870653623804
    outer loop
      vertex 135.28 59.69210930897461 5.2011346265949685
      vertex 138.28 59.46924702831152 5.529831899205621
      vertex 138.28 59.69210930897461 5.2011346265949685
    endloop
  endfacet
  facet normal 2.5508244326177717e-18 0.827688998156892 0.5611870653623804
    outer loop
      vertex 135.28 59.69210930897461 5.2011346265949685
      vertex 135.28 59.46924702831152 5.529831899205621
      vertex 138.28 59.46924702831152 5.529831899205621
    endloop
  endfacet
  facet normal 0 -0.6335205801604351 0.7737258393728271
    outer loop
      vertex 135.28 67.45845818356571 4.0714881386189585
      vertex 138.28 67.45845818356571 4.0714881386189585
      vertex 135.28 67.7657252533426 4.323075978139786
    endloop
  endfacet
  facet normal 0 -0.6335205801604351 0.7737258393728271
    outer loop
      vertex 135.28 67.7657252533426 4.323075978139786
      vertex 138.28 67.45845818356571 4.0714881386189585
      vertex 138.28 67.7657252533426 4.323075978139786
    endloop
  endfacet
  facet normal 0 -0.6876994588534237 0.7259954919231304
    outer loop
      vertex 135.28 67.7657252533426 4.323075978139786
      vertex 138.28 67.7657252533426 4.323075978139786
      vertex 135.28 68.05403733511987 4.5961796885966155
    endloop
  endfacet
  facet normal 0 -0.6876994588534237 0.7259954919231304
    outer loop
      vertex 135.28 68.05403733511987 4.5961796885966155
      vertex 138.28 67.7657252533426 4.323075978139786
      vertex 138.28 68.05403733511987 4.5961796885966155
    endloop
  endfacet
  facet normal 0 -0.7382929909974988 0.6744801401405138
    outer loop
      vertex 135.28 68.05403733511987 4.5961796885966155
      vertex 138.28 68.05403733511987 4.5961796885966155
      vertex 135.28 68.321891303202 4.889375433699948
    endloop
  endfacet
  facet normal 0 -0.7382929909974988 0.6744801401405138
    outer loop
      vertex 138.28 68.321891303202 4.889375433699948
      vertex 135.28 68.321891303202 4.889375433699948
      vertex 138.28 68.05403733511987 4.5961796885966155
    endloop
  endfacet
  facet normal 0 -0.7850374053426681 0.6194483612157283
    outer loop
      vertex 135.28 68.321891303202 4.889375433699948
      vertex 138.28 68.321891303202 4.889375433699948
      vertex 135.28 68.56789069102538 5.201134626594968
    endloop
  endfacet
  facet normal 0 -0.7850374053426681 0.6194483612157283
    outer loop
      vertex 135.28 68.56789069102538 5.201134626594968
      vertex 138.28 68.321891303202 4.889375433699948
      vertex 138.28 68.56789069102538 5.201134626594968
    endloop
  endfacet
  facet normal -4.654829223096575e-18 -0.827688998156885 0.5611870653623905
    outer loop
      vertex 135.28 68.79075297168848 5.529831899205622
      vertex 135.28 68.56789069102538 5.201134626594968
      vertex 138.28 68.56789069102538 5.201134626594968
    endloop
  endfacet
  facet normal 0 -0.827688998156885 0.5611870653623905
    outer loop
      vertex 135.28 68.79075297168848 5.529831899205622
      vertex 138.28 68.56789069102538 5.201134626594968
      vertex 138.28 68.79075297168848 5.529831899205622
    endloop
  endfacet
  facet normal 0 0.9289767198167893 0.37013815533991995
    outer loop
      vertex 135.28 59.09745470764293 6.231106609056051
      vertex 138.28 58.9504630206442 6.600027924674038
      vertex 138.28 59.09745470764293 6.231106609056051
    endloop
  endfacet
  facet normal 2.739740392297941e-18 0.9289767198167893 0.37013815533991995
    outer loop
      vertex 135.28 59.09745470764293 6.231106609056051
      vertex 135.28 58.9504630206442 6.600027924674038
      vertex 138.28 58.9504630206442 6.600027924674038
    endloop
  endfacet
  facet normal -5.493427807764931e-19 0.9532634312085223 0.30214041556957405
    outer loop
      vertex 135.28 58.9504630206442 6.600027924674038
      vertex 135.28 58.83047504114427 6.978594138089285
      vertex 138.28 58.83047504114427 6.978594138089285
    endloop
  endfacet
  facet normal 0 0.9532634312085223 0.30214041556957405
    outer loop
      vertex 135.28 58.9504630206442 6.600027924674038
      vertex 138.28 58.83047504114427 6.978594138089285
      vertex 138.28 58.9504630206442 6.600027924674038
    endloop
  endfacet
  facet normal 0 0.9725802684651249 0.23256745557430336
    outer loop
      vertex 138.28 58.83047504114427 6.978594138089285
      vertex 135.28 58.83047504114427 6.978594138089285
      vertex 138.28 58.738116330909506 7.364831580354801
    endloop
  endfacet
  facet normal -1.4923994561999428e-18 0.9725802684651249 0.23256745557430336
    outer loop
      vertex 135.28 58.83047504114427 6.978594138089285
      vertex 135.28 58.738116330909506 7.364831580354801
      vertex 138.28 58.738116330909506 7.364831580354801
    endloop
  endfacet
  facet normal 0 0.986826522541525 0.16178199655277115
    outer loop
      vertex 135.28 58.738116330909506 7.364831580354801
      vertex 138.28 58.67386840548967 7.756726588288408
      vertex 138.28 58.738116330909506 7.364831580354801
    endloop
  endfacet
  facet normal -9.438552372796689e-19 0.986826522541525 0.16178199655277115
    outer loop
      vertex 135.28 58.738116330909506 7.364831580354801
      vertex 135.28 58.67386840548967 7.756726588288408
      vertex 138.28 58.67386840548967 7.756726588288408
    endloop
  endfacet
  facet normal 5.646469917929681e-20 0.9959279200655046 0.0901530811120623
    outer loop
      vertex 135.28 58.651846884477386 8
      vertex 138.28 58.67386840548967 7.756726588288408
      vertex 135.28 58.67386840548967 7.756726588288408
    endloop
  endfacet
  facet normal 0 0.9959279200655046 0.0901530811120623
    outer loop
      vertex 135.28 58.651846884477386 8
      vertex 137.03 58.651846884477386 8
      vertex 138.28 58.67386840548967 7.756726588288408
    endloop
  endfacet
  facet normal 1.982449639166554e-15 0.9959279200655037 0.0901530811120724
    outer loop
      vertex 137.03 58.651846884477386 8
      vertex 138.28 58.63806622381881 8.152236002780201
      vertex 138.28 58.67386840548967 7.756726588288408
    endloop
  endfacet
  facet normal -1.879895640715043e-19 0.9959279200655021 0.09015308111208854
    outer loop
      vertex 137.03 58.651846884477386 8
      vertex 137.03 58.63806622381881 8.152236002780201
      vertex 138.28 58.63806622381881 8.152236002780201
    endloop
  endfacet
  facet normal 0 0.8660254037844378 0.5000000000000011
    outer loop
      vertex 135.28 59.46924702831152 5.529831899205621
      vertex 138.28 59.27068375554687 5.873753576151154
      vertex 138.28 59.46924702831152 5.529831899205621
    endloop
  endfacet
  facet normal 3.1438887420762027e-18 0.8660254037844378 0.5000000000000011
    outer loop
      vertex 135.28 59.46924702831152 5.529831899205621
      vertex 135.28 59.27068375554687 5.873753576151154
      vertex 138.28 59.27068375554687 5.873753576151154
    endloop
  endfacet
  facet normal 0 0.8998467539575087 0.4362061661555635
    outer loop
      vertex 138.28 59.27068375554687 5.873753576151154
      vertex 135.28 59.27068375554687 5.873753576151154
      vertex 138.28 59.09745470764293 6.231106609056051
    endloop
  endfacet
  facet normal 2.7898278533811575e-18 0.8998467539575087 0.4362061661555635
    outer loop
      vertex 135.28 59.27068375554687 5.873753576151154
      vertex 135.28 59.09745470764293 6.231106609056051
      vertex 138.28 59.09745470764293 6.231106609056051
    endloop
  endfacet
  facet normal -7.669892764707621e-19 -0.8660254037844451 0.49999999999998873
    outer loop
      vertex 135.28 68.98931624445312 5.873753576151154
      vertex 135.28 68.79075297168848 5.529831899205622
      vertex 138.28 68.79075297168848 5.529831899205622
    endloop
  endfacet
  facet normal 0 -0.8660254037844451 0.49999999999998873
    outer loop
      vertex 135.28 68.98931624445312 5.873753576151154
      vertex 138.28 68.79075297168848 5.529831899205622
      vertex 138.28 68.98931624445312 5.873753576151154
    endloop
  endfacet
  facet normal 0 -0.8998467539575024 0.4362061661555762
    outer loop
      vertex 135.28 68.98931624445312 5.873753576151154
      vertex 138.28 68.98931624445312 5.873753576151154
      vertex 135.28 69.16254529235707 6.231106609056053
    endloop
  endfacet
  facet normal 0 -0.8998467539575024 0.4362061661555762
    outer loop
      vertex 138.28 69.16254529235707 6.231106609056053
      vertex 135.28 69.16254529235707 6.231106609056053
      vertex 138.28 68.98931624445312 5.873753576151154
    endloop
  endfacet
  facet normal -1.6366163772028056e-18 -0.9289767198168003 0.3701381553398921
    outer loop
      vertex 135.28 69.30953697935578 6.600027924674036
      vertex 135.28 69.16254529235707 6.231106609056053
      vertex 138.28 69.16254529235707 6.231106609056053
    endloop
  endfacet
  facet normal 0 -0.9289767198168003 0.3701381553398921
    outer loop
      vertex 135.28 69.30953697935578 6.600027924674036
      vertex 138.28 69.16254529235707 6.231106609056053
      vertex 138.28 69.30953697935578 6.600027924674036
    endloop
  endfacet
  facet normal 2.6968913730609433e-18 -0.9532634312085175 0.302140415569589
    outer loop
      vertex 135.28 69.42952495885572 6.978594138089285
      vertex 135.28 69.30953697935578 6.600027924674036
      vertex 138.28 69.30953697935578 6.600027924674036
    endloop
  endfacet
  facet normal 0 -0.9532634312085175 0.302140415569589
    outer loop
      vertex 135.28 69.42952495885572 6.978594138089285
      vertex 138.28 69.30953697935578 6.600027924674036
      vertex 138.28 69.42952495885572 6.978594138089285
    endloop
  endfacet
  facet normal 0 -0.9725802684651246 0.23256745557430436
    outer loop
      vertex 135.28 69.42952495885572 6.978594138089285
      vertex 138.28 69.42952495885572 6.978594138089285
      vertex 135.28 69.52188366909049 7.3648315803547995
    endloop
  endfacet
  facet normal 0 -0.9725802684651246 0.23256745557430436
    outer loop
      vertex 138.28 69.52188366909049 7.3648315803547995
      vertex 135.28 69.52188366909049 7.3648315803547995
      vertex 138.28 69.42952495885572 6.978594138089285
    endloop
  endfacet
  facet normal 6.379009751166555e-19 -0.9868265225415251 0.16178199655277042
    outer loop
      vertex 135.28 69.58613159451032 7.756726588288408
      vertex 135.28 69.52188366909049 7.3648315803547995
      vertex 138.28 69.52188366909049 7.3648315803547995
    endloop
  endfacet
  facet normal 0 -0.9868265225415251 0.16178199655277042
    outer loop
      vertex 135.28 69.58613159451032 7.756726588288408
      vertex 138.28 69.52188366909049 7.3648315803547995
      vertex 138.28 69.58613159451032 7.756726588288408
    endloop
  endfacet
  facet normal 6.688182290727927e-20 -0.9959279200655071 0.09015308111203345
    outer loop
      vertex 135.28 69.6081531155226 8
      vertex 135.28 69.58613159451032 7.756726588288408
      vertex 138.28 69.58613159451032 7.756726588288408
    endloop
  endfacet
  facet normal 0 -0.995927920065507 0.09015308111203343
    outer loop
      vertex 137.03 69.6081531155226 8
      vertex 135.28 69.6081531155226 8
      vertex 138.28 69.58613159451032 7.756726588288408
    endloop
  endfacet
  facet normal 7.564697757310448e-15 -0.9959279200655037 0.090153081112072
    outer loop
      vertex 137.03 69.6081531155226 8
      vertex 138.28 69.58613159451032 7.756726588288408
      vertex 138.28 69.62193377618118 8.152236002780203
    endloop
  endfacet
  facet normal -5.3773817382443145e-19 -0.995927920065498 0.0901530811121336
    outer loop
      vertex 137.03 69.6081531155226 8
      vertex 138.28 69.62193377618118 8.152236002780203
      vertex 137.03 69.62193377618118 8.152236002780203
    endloop
  endfacet
  facet normal 0 0.9998370105646415 0.018054149250545763
    outer loop
      vertex 138.28 58.63806622381881 8.152236002780201
      vertex 137.03 58.63806622381881 8.152236002780201
      vertex 138.28 58.63089644189447 8.549297820878083
    endloop
  endfacet
  facet normal 1.6017565758503474e-19 0.9998370105646415 0.018054149250545763
    outer loop
      vertex 137.03 58.63806622381881 8.152236002780201
      vertex 137.03 58.63089644189447 8.549297820878083
      vertex 138.28 58.63089644189447 8.549297820878083
    endloop
  endfacet
  facet normal 0 0.998533413851124 -0.05413890858541457
    outer loop
      vertex 137.03 58.63089644189447 8.549297820878083
      vertex 138.28 58.65239643963972 8.945841946116357
      vertex 138.28 58.63089644189447 8.549297820878083
    endloop
  endfacet
  facet normal -4.803886548289169e-19 0.998533413851124 -0.05413890858541457
    outer loop
      vertex 137.03 58.63089644189447 8.549297820878083
      vertex 137.03 58.65239643963972 8.945841946116357
      vertex 138.28 58.65239643963972 8.945841946116357
    endloop
  endfacet
  facet normal 0 0.9920239262746053 -0.12604971122028133
    outer loop
      vertex 137.03 58.65239643963972 8.945841946116357
      vertex 138.28 58.7024541260216 9.339800981040206
      vertex 138.28 58.65239643963972 8.945841946116357
    endloop
  endfacet
  facet normal 0 0.9920239262746053 -0.12604971122028133
    outer loop
      vertex 138.28 58.7024541260216 9.339800981040206
      vertex 137.03 58.65239643963972 8.945841946116357
      vertex 137.03 58.7024541260216 9.339800981040206
    endloop
  endfacet
  facet normal -2.7791356724462493e-18 0.980342485289178 -0.19730334902641136
    outer loop
      vertex 138.28 58.78080852344182 9.729121005658705
      vertex 138.28 58.7024541260216 9.339800981040206
      vertex 137.03 58.7024541260216 9.339800981040206
    endloop
  endfacet
  facet normal 0 0.980342485289178 -0.19730334902641136
    outer loop
      vertex 138.28 58.78080852344182 9.729121005658705
      vertex 137.03 58.7024541260216 9.339800981040206
      vertex 137.03 58.78080852344182 9.729121005658705
    endloop
  endfacet
  facet normal 2.244871436512191e-18 0.963549992519224 -0.267528338529217
    outer loop
      vertex 138.28 58.88705112835312 10.111772285632648
      vertex 138.28 58.78080852344182 9.729121005658705
      vertex 137.03 58.78080852344182 9.729121005658705
    endloop
  endfacet
  facet normal 0 0.963549992519224 -0.267528338529217
    outer loop
      vertex 138.28 58.88705112835312 10.111772285632648
      vertex 137.03 58.78080852344182 9.729121005658705
      vertex 137.03 58.88705112835312 10.111772285632648
    endloop
  endfacet
  facet normal 6.1435613080334926e-18 0.9417339962465108 -0.3363585591501677
    outer loop
      vertex 138.28 59.02062804100764 10.485759854369528
      vertex 138.28 58.88705112835312 10.111772285632648
      vertex 137.03 58.88705112835312 10.111772285632648
    endloop
  endfacet
  facet normal 0 0.9417339962465108 -0.3363585591501677
    outer loop
      vertex 138.28 59.02062804100764 10.485759854369528
      vertex 137.03 58.88705112835312 10.111772285632648
      vertex 137.03 59.02062804100764 10.485759854369528
    endloop
  endfacet
  facet normal 5.424126468219799e-18 0.9150082349740131 -0.40343516198980645
    outer loop
      vertex 138.28 59.180842853233706 10.84913391385562
      vertex 138.28 59.02062804100764 10.485759854369528
      vertex 137.03 59.02062804100764 10.485759854369528
    endloop
  endfacet
  facet normal 0 -0.9998370105646411 0.01805414925056381
    outer loop
      vertex 137.03 69.62193377618118 8.152236002780203
      vertex 138.28 69.62193377618118 8.152236002780203
      vertex 137.03 69.62910355810553 8.549297820878081
    endloop
  endfacet
  facet normal 0 -0.9998370105646411 0.01805414925056381
    outer loop
      vertex 138.28 69.62910355810553 8.549297820878081
      vertex 137.03 69.62910355810553 8.549297820878081
      vertex 138.28 69.62193377618118 8.152236002780203
    endloop
  endfacet
  facet normal 3.685791746871423e-19 -0.998533413851124 -0.054138908585414085
    outer loop
      vertex 137.03 69.60760356036027 8.945841946116358
      vertex 137.03 69.62910355810553 8.549297820878081
      vertex 138.28 69.62910355810553 8.549297820878081
    endloop
  endfacet
  facet normal 0 -0.998533413851124 -0.054138908585414085
    outer loop
      vertex 137.03 69.60760356036027 8.945841946116358
      vertex 138.28 69.62910355810553 8.549297820878081
      vertex 138.28 69.60760356036027 8.945841946116358
    endloop
  endfacet
  facet normal 0 -0.9920239262746008 -0.1260497112203171
    outer loop
      vertex 138.28 69.60760356036027 8.945841946116358
      vertex 137.03 69.55754587397838 9.339800981040206
      vertex 137.03 69.60760356036027 8.945841946116358
    endloop
  endfacet
  facet normal -2.2126998596273647e-18 -0.9920239262746008 -0.1260497112203171
    outer loop
      vertex 138.28 69.60760356036027 8.945841946116358
      vertex 138.28 69.55754587397838 9.339800981040206
      vertex 137.03 69.55754587397838 9.339800981040206
    endloop
  endfacet
  facet normal 0 -0.9803424852891816 -0.1973033490263933
    outer loop
      vertex 137.03 69.55754587397838 9.339800981040206
      vertex 138.28 69.55754587397838 9.339800981040206
      vertex 137.03 69.47919147655817 9.729121005658707
    endloop
  endfacet
  facet normal 0 -0.9803424852891816 -0.1973033490263933
    outer loop
      vertex 138.28 69.47919147655817 9.729121005658707
      vertex 137.03 69.47919147655817 9.729121005658707
      vertex 138.28 69.55754587397838 9.339800981040206
    endloop
  endfacet
  facet normal 0 0.9150082349740131 -0.40343516198980645
    outer loop
      vertex 138.28 59.180842853233706 10.84913391385562
      vertex 137.03 59.02062804100764 10.485759854369528
      vertex 137.03 59.180842853233706 10.84913391385562
    endloop
  endfacet
  facet normal 2.500532374478779e-18 0.8835120444460214 -0.46840844069979315
    outer loop
      vertex 137.03 59.260826989963476 11
      vertex 138.28 59.180842853233706 10.84913391385562
      vertex 137.03 59.180842853233706 10.84913391385562
    endloop
  endfacet
  facet normal 0 0.8835120444460214 -0.46840844069979315
    outer loop
      vertex 137.03 59.260826989963476 11
      vertex 138.28 59.260826989963476 11
      vertex 138.28 59.180842853233706 10.84913391385562
    endloop
  endfacet
  facet normal 0 -0.963549992519224 -0.267528338529217
    outer loop
      vertex 137.03 69.47919147655817 9.729121005658707
      vertex 138.28 69.47919147655817 9.729121005658707
      vertex 137.03 69.37294887164687 10.11177228563265
    endloop
  endfacet
  facet normal -2.244871436512191e-18 -0.963549992519224 -0.267528338529217
    outer loop
      vertex 138.28 69.47919147655817 9.729121005658707
      vertex 138.28 69.37294887164687 10.11177228563265
      vertex 137.03 69.37294887164687 10.11177228563265
    endloop
  endfacet
  facet normal 0 -0.9417339962465102 -0.3363585591501691
    outer loop
      vertex 138.28 69.37294887164687 10.11177228563265
      vertex 137.03 69.23937195899235 10.485759854369528
      vertex 137.03 69.37294887164687 10.11177228563265
    endloop
  endfacet
  facet normal -3.4081719722867223e-18 -0.9417339962465102 -0.3363585591501691
    outer loop
      vertex 138.28 69.37294887164687 10.11177228563265
      vertex 138.28 69.23937195899235 10.485759854369528
      vertex 137.03 69.23937195899235 10.485759854369528
    endloop
  endfacet
  facet normal 0 -0.9150082349740064 -0.4034351619898214
    outer loop
      vertex 137.03 69.23937195899235 10.485759854369528
      vertex 138.28 69.23937195899235 10.485759854369528
      vertex 137.03 69.07915714676628 10.84913391385562
    endloop
  endfacet
  facet normal 0 -0.9150082349740064 -0.4034351619898214
    outer loop
      vertex 138.28 69.07915714676628 10.84913391385562
      vertex 137.03 69.07915714676628 10.84913391385562
      vertex 138.28 69.23937195899235 10.485759854369528
    endloop
  endfacet
  facet normal 0 -0.8835120444460042 -0.4684084406998256
    outer loop
      vertex 137.03 69.07915714676628 10.84913391385562
      vertex 138.28 69.07915714676628 10.84913391385562
      vertex 137.03 68.9991730100365 11
    endloop
  endfacet
  facet normal 1.0044369042203e-14 -0.8835120444460386 -0.4684084406997607
    outer loop
      vertex 138.28 68.99917301003651 11
      vertex 137.03 68.9991730100365 11
      vertex 138.28 69.07915714676628 10.84913391385562
    endloop
  endfacet
  facet normal 0.13873553198906827 0 0.9903294664725019
    outer loop
      vertex 94.5537310054597 94.6 8.024689247387862
      vertex 94.16001052161225 93.347882570581 8.079845660107896
      vertex 94.5537310054597 93.347882570581 8.024689247387862
    endloop
  endfacet
  facet normal 0.05961512516981735 0 0.9982214367819332
    outer loop
      vertex 94.95058906167465 94.6 8.000988351149672
      vertex 94.5537310054597 93.347882570581 8.024689247387862
      vertex 94.95058906167465 93.347882570581 8.000988351149672
    endloop
  endfacet
  facet normal 0.13873553198906827 -1.0069569143525497e-19 0.9903294664725019
    outer loop
      vertex 94.5537310054597 94.6 8.024689247387862
      vertex 94.16001052161225 94.6 8.079845660107896
      vertex 94.16001052161225 93.347882570581 8.079845660107896
    endloop
  endfacet
  facet normal 0.05961512516981735 1.4495394699192215e-18 0.9982214367819332
    outer loop
      vertex 94.95058906167465 94.6 8.000988351149672
      vertex 94.5537310054597 94.6 8.024689247387862
      vertex 94.5537310054597 93.347882570581 8.024689247387862
    endloop
  endfacet
  facet normal 0.2938502743379227 0 0.9558514614057603
    outer loop
      vertex 93.77191683779762 94.6 8.166108872709813
      vertex 93.39190360723966 93.347882570581 8.282933501389326
      vertex 93.77191683779762 93.347882570581 8.166108872709813
    endloop
  endfacet
  facet normal 0.21697880810631212 -6.242149021795891e-18 0.9761763144190522
    outer loop
      vertex 94.16001052161225 94.6 8.079845660107896
      vertex 93.77191683779762 94.6 8.166108872709813
      vertex 93.77191683779762 93.347882570581 8.166108872709813
    endloop
  endfacet
  facet normal 0.2938502743379227 -1.2030314988320135e-18 0.9558514614057603
    outer loop
      vertex 93.77191683779762 94.6 8.166108872709813
      vertex 93.39190360723966 94.6 8.282933501389326
      vertex 93.39190360723966 93.347882570581 8.282933501389326
    endloop
  endfacet
  facet normal 0.21697880810631212 0 0.9761763144190522
    outer loop
      vertex 94.16001052161225 94.6 8.079845660107896
      vertex 93.77191683779762 93.347882570581 8.166108872709813
      vertex 94.16001052161225 93.347882570581 8.079845660107896
    endloop
  endfacet
  facet normal -0.01988218766506846 0 0.9998023297700656
    outer loop
      vertex 95.34807562584909 94.6 8.008892816090334
      vertex 94.95058906167465 93.347882570581 8.000988351149672
      vertex 95.34807562584909 93.347882570581 8.008892816090334
    endloop
  endfacet
  facet normal -0.09925379890806495 0 0.9950621505224271
    outer loop
      vertex 95.74367765994533 94.6 8.048352667637491
      vertex 95.34807562584909 93.347882570581 8.008892816090334
      vertex 95.74367765994533 93.347882570581 8.048352667637491
    endloop
  endfacet
  facet normal -0.01988218766506846 1.666616933488288e-20 0.9998023297700656
    outer loop
      vertex 95.34807562584909 94.6 8.008892816090334
      vertex 94.95058906167465 94.6 8.000988351149672
      vertex 94.95058906167465 93.347882570581 8.000988351149672
    endloop
  endfacet
  facet normal -0.09925379890806495 -9.627192624316896e-19 0.9950621505224271
    outer loop
      vertex 95.74367765994533 94.6 8.048352667637491
      vertex 95.34807562584909 94.6 8.008892816090334
      vertex 95.34807562584909 93.347882570581 8.008892816090334
    endloop
  endfacet
  facet normal -0.17799789567754198 1.171955565790266e-18 0.9840308679784221
    outer loop
      vertex 96.13489404053159 94.6 8.119118427904745
      vertex 95.74367765994533 94.6 8.048352667637491
      vertex 95.74367765994533 93.347882570581 8.048352667637491
    endloop
  endfacet
  facet normal -0.17799789567754198 0 0.9840308679784221
    outer loop
      vertex 96.13489404053159 94.6 8.119118427904745
      vertex 95.74367765994533 93.347882570581 8.048352667637491
      vertex 96.13489404053159 93.347882570581 8.119118427904745
    endloop
  endfacet
  facet normal -0.2556166324404779 0 0.9667782254580363
    outer loop
      vertex 96.5192513716896 94.6 8.220742692971196
      vertex 96.13489404053159 93.347882570581 8.119118427904745
      vertex 96.5192513716896 93.347882570581 8.220742692971196
    endloop
  endfacet
  facet normal -0.2556166324404779 5.064447159993615e-18 0.9667782254580363
    outer loop
      vertex 96.5192513716896 94.6 8.220742692971196
      vertex 96.13489404053159 94.6 8.119118427904745
      vertex 96.13489404053159 93.347882570581 8.119118427904745
    endloop
  endfacet
  facet normal 0.441545498215902 0 0.897238860619217
    outer loop
      vertex 93.02237339593503 93.347882570581 8.429580943229826
      vertex 93.02237339593503 94.6 8.429580943229826
      vertex 92.66566249285746 93.347882570581 8.60512404588783
    endloop
  endfacet
  facet normal 0.441545498215902 7.868152216569582e-18 0.897238860619217
    outer loop
      vertex 93.02237339593503 94.6 8.429580943229826
      vertex 92.66566249285746 94.6 8.60512404588783
      vertex 92.66566249285746 93.347882570581 8.60512404588783
    endloop
  endfacet
  facet normal 0.3688639245240169 0 0.9294834076973835
    outer loop
      vertex 93.39190360723966 94.6 8.282933501389326
      vertex 93.02237339593503 93.347882570581 8.429580943229826
      vertex 93.39190360723966 93.347882570581 8.282933501389326
    endloop
  endfacet
  facet normal 0.3688639245240169 2.7274768051751293e-18 0.9294834076973835
    outer loop
      vertex 93.39190360723966 94.6 8.282933501389326
      vertex 93.02237339593503 94.6 8.429580943229826
      vertex 93.02237339593503 93.347882570581 8.429580943229826
    endloop
  endfacet
  facet normal 0.5114354791034261 0 0.8593216805796589
    outer loop
      vertex 92.66566249285746 94.6 8.60512404588783
      vertex 92.32402613918666 93.347882570581 8.808452969348618
      vertex 92.66566249285746 93.347882570581 8.60512404588783
    endloop
  endfacet
  facet normal 0.5114354791034261 1.3396154913888655e-17 0.8593216805796589
    outer loop
      vertex 92.66566249285746 94.6 8.60512404588783
      vertex 92.32402613918666 94.6 8.808452969348618
      vertex 92.32402613918666 93.347882570581 8.808452969348618
    endloop
  endfacet
  facet normal 0.57809200022485 0 0.8159715921991599
    outer loop
      vertex 92.32402613918666 94.6 8.808452969348618
      vertex 91.99962426994738 93.347882570581 9.038282202692129
      vertex 92.32402613918666 93.347882570581 8.808452969348618
    endloop
  endfacet
  facet normal 0.57809200022485 4.5731662618562685e-18 0.8159715921991599
    outer loop
      vertex 92.32402613918666 94.6 8.808452969348618
      vertex 91.99962426994738 94.6 9.038282202692129
      vertex 91.99962426994738 93.347882570581 9.038282202692129
    endloop
  endfacet
  facet normal 0.6410936375922242 1.13575353851208e-17 0.7674626686939046
    outer loop
      vertex 91.99962426994738 94.6 9.038282202692129
      vertex 91.69450785820482 94.6 9.29315869150691
      vertex 91.69450785820482 93.347882570581 9.29315869150691
    endloop
  endfacet
  facet normal 0.6410936375922242 0 0.7674626686939046
    outer loop
      vertex 91.99962426994738 94.6 9.038282202692129
      vertex 91.69450785820482 93.347882570581 9.29315869150691
      vertex 91.99962426994738 93.347882570581 9.038282202692129
    endloop
  endfacet
  facet normal 0.7000420745694155 0 0.7141015990967594
    outer loop
      vertex 91.69450785820482 94.6 9.29315869150691
      vertex 91.41060594815252 93.347882570581 9.571471024567934
      vertex 91.69450785820482 93.347882570581 9.29315869150691
    endloop
  endfacet
  facet normal 0.7000420745694155 1.2563085105300352e-17 0.7141015990967594
    outer loop
      vertex 91.69450785820482 94.6 9.29315869150691
      vertex 91.41060594815252 94.6 9.571471024567934
      vertex 91.41060594815252 93.347882570581 9.571471024567934
    endloop
  endfacet
  facet normal -0.331619278552074 0 0.9434132997221324
    outer loop
      vertex 96.89431962262003 94.6 8.352582961513065
      vertex 96.5192513716896 93.347882570581 8.220742692971196
      vertex 96.89431962262003 93.347882570581 8.352582961513065
    endloop
  endfacet
  facet normal -0.331619278552074 1.1537909900184364e-18 0.9434132997221324
    outer loop
      vertex 96.89431962262003 94.6 8.352582961513065
      vertex 96.5192513716896 94.6 8.220742692971196
      vertex 96.5192513716896 93.347882570581 8.220742692971196
    endloop
  endfacet
  facet normal -0.40552532081299547 -2.1320557785225337e-18 0.9140838113540339
    outer loop
      vertex 97.25772749107955 94.6 8.513805696903939
      vertex 96.89431962262003 94.6 8.352582961513065
      vertex 96.89431962262003 93.347882570581 8.352582961513065
    endloop
  endfacet
  facet normal -0.40552532081299547 0 0.9140838113540339
    outer loop
      vertex 97.25772749107955 94.6 8.513805696903939
      vertex 96.89431962262003 93.347882570581 8.352582961513065
      vertex 97.25772749107955 93.347882570581 8.513805696903939
    endloop
  endfacet
  facet normal -0.47686750142849327 -8.773423650457938e-18 0.8789751908224407
    outer loop
      vertex 97.60717739551711 94.6 8.703391597101694
      vertex 97.25772749107955 94.6 8.513805696903939
      vertex 97.25772749107955 93.347882570581 8.513805696903939
    endloop
  endfacet
  facet normal -0.47686750142849327 0 0.8789751908224407
    outer loop
      vertex 97.60717739551711 94.6 8.703391597101694
      vertex 97.25772749107955 93.347882570581 8.513805696903939
      vertex 97.60717739551711 93.347882570581 8.703391597101694
    endloop
  endfacet
  facet normal -0.5451947721626746 0 0.8383094061302719
    outer loop
      vertex 97.94046000112424 94.6 8.920142039004194
      vertex 97.60717739551711 93.347882570581 8.703391597101694
      vertex 97.94046000112424 93.347882570581 8.920142039004194
    endloop
  endfacet
  facet normal -0.5451947721626746 -1.3324341696941225e-17 0.8383094061302719
    outer loop
      vertex 97.94046000112424 94.6 8.920142039004194
      vertex 97.60717739551711 94.6 8.703391597101694
      vertex 97.60717739551711 93.347882570581 8.703391597101694
    endloop
  endfacet
  facet normal -0.610075146010522 0 0.7923435594615761
    outer loop
      vertex 98.2554681879611 94.6 9.162686656530461
      vertex 97.94046000112424 93.347882570581 8.920142039004194
      vertex 98.2554681879611 93.347882570581 9.162686656530461
    endloop
  endfacet
  facet normal -0.610075146010522 1.0159081258122206e-17 0.7923435594615761
    outer loop
      vertex 98.2554681879611 94.6 9.162686656530461
      vertex 97.94046000112424 94.6 8.920142039004194
      vertex 97.94046000112424 93.347882570581 8.920142039004194
    endloop
  endfacet
  facet normal -0.671098428359046 4.319447296385408e-18 0.7413682616986098
    outer loop
      vertex 98.55021037284712 94.6 9.429492004516252
      vertex 98.2554681879611 94.6 9.162686656530461
      vertex 98.2554681879611 93.347882570581 9.162686656530461
    endloop
  endfacet
  facet normal -0.671098428359046 0 0.7413682616986098
    outer loop
      vertex 98.55021037284712 94.6 9.429492004516252
      vertex 98.2554681879611 93.347882570581 9.162686656530461
      vertex 98.55021037284712 93.347882570581 9.429492004516252
    endloop
  endfacet
  facet normal -0.7278788103694946 -8.624907489807322e-18 0.6857057950864126
    outer loop
      vertex 98.55021037284712 93.347882570581 9.429492004516252
      vertex 98.82282310079114 93.347882570581 9.718871253648121
      vertex 98.82282310079114 94.6 9.718871253648121
    endloop
  endfacet
  facet normal -0.7278788103694946 0 0.6857057950864126
    outer loop
      vertex 98.55021037284712 94.6 9.429492004516252
      vertex 98.55021037284712 93.347882570581 9.429492004516252
      vertex 98.82282310079114 94.6 9.718871253648121
    endloop
  endfacet
  facet normal 0.7545646201582352 0 0.6562257492703697
    outer loop
      vertex 91.41060594815252 94.6 9.571471024567934
      vertex 91.14971345907394 93.347882570581 9.8714596216972
      vertex 91.41060594815252 93.347882570581 9.571471024567934
    endloop
  endfacet
  facet normal 0.7545646201582352 0 0.6562257492703697
    outer loop
      vertex 91.14971345907394 94.6 9.8714596216972
      vertex 91.14971345907394 93.347882570581 9.8714596216972
      vertex 91.41060594815252 94.6 9.571471024567934
    endloop
  endfacet
  facet normal 0.8043165652707666 1.0447573224563853e-17 0.5942010289717081
    outer loop
      vertex 90.91347983728471 93.347882570581 10.191227858396147
      vertex 91.14971345907394 93.347882570581 9.8714596216972
      vertex 91.14971345907394 94.6 9.8714596216972
    endloop
  endfacet
  facet normal 0.8043165652707666 0 0.5942010289717081
    outer loop
      vertex 90.91347983728471 93.347882570581 10.191227858396147
      vertex 91.14971345907394 94.6 9.8714596216972
      vertex 90.91347983728471 94.6 10.191227858396147
    endloop
  endfacet
  facet normal 0.8489833620913662 0 0.528419578452616
    outer loop
      vertex 90.91347983728471 93.347882570581 10.191227858396147
      vertex 90.91347983728471 94.6 10.191227858396147
      vertex 90.70339862780209 93.347882570581 10.528754056916386
    endloop
  endfacet
  facet normal 0.8882826127491327 0 0.45929728922297647
    outer loop
      vertex 90.70339862780209 93.347882570581 10.528754056916386
      vertex 90.70339862780209 94.6 10.528754056916386
      vertex 90.52079803167238 93.347882570581 10.88190426795736
    endloop
  endfacet
  facet normal 0.8882826127491327 0 0.45929728922297647
    outer loop
      vertex 90.52079803167238 93.347882570581 10.88190426795736
      vertex 90.70339862780209 94.6 10.528754056916386
      vertex 90.52079803167238 94.6 10.88190426795736
    endloop
  endfacet
  facet normal 0.9219658547281894 0 0.38727117465068234
    outer loop
      vertex 90.47119199405739 93.347882570581 11
      vertex 90.52079803167238 93.347882570581 10.88190426795736
      vertex 90.47119199405739 94.6 11
    endloop
  endfacet
  facet normal 0.9219658547281894 -2.0023629523871066e-18 0.38727117465068234
    outer loop
      vertex 90.47119199405739 94.6 11
      vertex 90.52079803167238 93.347882570581 10.88190426795736
      vertex 90.52079803167238 94.6 10.88190426795736
    endloop
  endfacet
  facet normal 0.8489833620913662 0 0.528419578452616
    outer loop
      vertex 90.70339862780209 93.347882570581 10.528754056916386
      vertex 90.91347983728471 94.6 10.191227858396147
      vertex 90.70339862780209 94.6 10.528754056916386
    endloop
  endfacet
  facet normal -0.7800573081852078 0 0.6257080756605654
    outer loop
      vertex 99.07158282635382 94.6 10.028994855141448
      vertex 98.82282310079114 93.347882570581 9.718871253648121
      vertex 99.07158282635382 93.347882570581 10.028994855141448
    endloop
  endfacet
  facet normal -0.7800573081852078 0 0.6257080756605654
    outer loop
      vertex 98.82282310079114 94.6 9.718871253648121
      vertex 98.82282310079114 93.347882570581 9.718871253648121
      vertex 99.07158282635382 94.6 10.028994855141448
    endloop
  endfacet
  facet normal -0.82730403254306 0 0.5617544283207669
    outer loop
      vertex 99.07158282635382 94.6 10.028994855141448
      vertex 99.07158282635382 93.347882570581 10.028994855141448
      vertex 99.29491681045681 94.6 10.357902107736903
    endloop
  endfacet
  facet normal -0.82730403254306 -2.7037569695111477e-18 0.5617544283207669
    outer loop
      vertex 99.07158282635382 93.347882570581 10.028994855141448
      vertex 99.29491681045681 93.347882570581 10.357902107736903
      vertex 99.29491681045681 94.6 10.357902107736903
    endloop
  endfacet
  facet normal -0.869320274439579 0 0.49424918861672895
    outer loop
      vertex 99.29491681045681 93.347882570581 10.357902107736903
      vertex 99.49141306374565 94.6 10.70351355388511
      vertex 99.29491681045681 94.6 10.357902107736903
    endloop
  endfacet
  facet normal -0.869320274439579 5.952889229552701e-18 0.49424918861672895
    outer loop
      vertex 99.29491681045681 93.347882570581 10.357902107736903
      vertex 99.49141306374565 93.347882570581 10.70351355388511
      vertex 99.49141306374565 94.6 10.70351355388511
    endloop
  endfacet
  facet normal -0.905840393665513 0 0.4236191464085499
    outer loop
      vertex 99.49141306374565 93.347882570581 10.70351355388511
      vertex 99.6300658949764 94.6 11
      vertex 99.49141306374565 94.6 10.70351355388511
    endloop
  endfacet
  facet normal -0.905840393665513 0 0.4236191464085499
    outer loop
      vertex 99.6300658949764 93.347882570581 11
      vertex 99.6300658949764 94.6 11
      vertex 99.49141306374565 93.347882570581 10.70351355388511
    endloop
  endfacet
  facet normal 0 1 0
    outer loop
      vertex 2 35.51 7.2
      vertex 2 35.51 8
      vertex 3 35.51 7.2
    endloop
  endfacet
  facet normal 0 0 1
    outer loop
      vertex 2 35.51 7.2
      vertex 3 35.51 7.2
      vertex 2 50.11 7.2
    endloop
  endfacet
  facet normal 0 1 0
    outer loop
      vertex 2 35.51 8
      vertex 3 35.51 8
      vertex 3 35.51 7.2
    endloop
  endfacet
  facet normal 0 0 1
    outer loop
      vertex 2 50.11 7.2
      vertex 3 35.51 7.2
      vertex 3 50.11 7.2
    endloop
  endfacet
  facet normal 0 -1 0
    outer loop
      vertex 2 50.11 7.2
      vertex 3 50.11 7.2
      vertex 3 50.11 8
    endloop
  endfacet
  facet normal 0 -1 0
    outer loop
      vertex 2 50.11 7.2
      vertex 3 50.11 8
      vertex 2 50.11 8
    endloop
  endfacet
  facet normal 0 1 0
    outer loop
      vertex 2 33.50999999999999 6.2
      vertex 0 33.50999999999999 6.2
      vertex 1.2584659019250628 33.50999999999999 8
    endloop
  endfacet
  facet normal -1 0 0
    outer loop
      vertex 2 33.50999999999999 6.2
      vertex 2 33.50999999999999 8
      vertex 2 35.51 7.2
    endloop
  endfacet
  facet normal 0 1 0
    outer loop
      vertex 2 33.50999999999999 6.2
      vertex 1.2584659019250628 33.50999999999999 8
      vertex 2 33.50999999999999 8
    endloop
  endfacet
  facet normal -1 0 0
    outer loop
      vertex 2 35.51 7.2
      vertex 2 33.50999999999999 8
      vertex 2 35.51 8
    endloop
  endfacet
  facet normal 0 0 1
    outer loop
      vertex 2 33.50999999999999 6.2
      vertex 0 52.10999999999999 6.2
      vertex 0 33.50999999999999 6.2
    endloop
  endfacet
  facet normal -1 0 0
    outer loop
      vertex 2 33.50999999999999 6.2
      vertex 2 35.51 7.2
      vertex 2 52.10999999999999 6.2
    endloop
  endfacet
  facet normal 0 0 1
    outer loop
      vertex 2 33.50999999999999 6.2
      vertex 2 52.10999999999999 6.2
      vertex 0 52.10999999999999 6.2
    endloop
  endfacet
  facet normal -1 0 0
    outer loop
      vertex 2 35.51 7.2
      vertex 2 50.11 7.2
      vertex 2 52.10999999999999 6.2
    endloop
  endfacet
  facet normal 0 1 0
    outer loop
      vertex 0 33.50999999999999 6.2
      vertex 1.2584659019250628 33.50999999999999 11
      vertex 1.2584659019250628 33.50999999999999 8
    endloop
  endfacet
  facet normal 0 1 0
    outer loop
      vertex 0 33.50999999999999 6.2
      vertex 0 33.50999999999999 11
      vertex 1.2584659019250628 33.50999999999999 11
    endloop
  endfacet
  facet normal 0 -1 0
    outer loop
      vertex 2 52.10999999999999 6.2
      vertex 1.2584659019250628 52.10999999999999 8
      vertex 0 52.10999999999999 6.2
    endloop
  endfacet
  facet normal -1 0 0
    outer loop
      vertex 2 50.11 7.2
      vertex 2 50.11 8
      vertex 2 52.10999999999999 6.2
    endloop
  endfacet
  facet normal -1 0 0
    outer loop
      vertex 2 52.10999999999999 6.2
      vertex 2 50.11 8
      vertex 2 52.10999999999999 8
    endloop
  endfacet
  facet normal 0 -1 0
    outer loop
      vertex 2 52.10999999999999 6.2
      vertex 2 52.10999999999999 8
      vertex 1.2584659019250628 52.10999999999999 8
    endloop
  endfacet
  facet normal 0 -1 0
    outer loop
      vertex 0 52.10999999999999 11
      vertex 0 52.10999999999999 6.2
      vertex 1.2584659019250628 52.10999999999999 8
    endloop
  endfacet
  facet normal 0 -1 0
    outer loop
      vertex 1.2584659019250628 52.10999999999999 8
      vertex 1.2584659019250628 52.10999999999999 11
      vertex 0 52.10999999999999 11
    endloop
  endfacet
  facet normal 0 1 0
    outer loop
      vertex 2 56.54 7.4
      vertex 2 56.54 8
      vertex 3 56.54 7.4
    endloop
  endfacet
  facet normal 0 1 0
    outer loop
      vertex 3 56.54 8
      vertex 3 56.54 7.4
      vertex 2 56.54 8
    endloop
  endfacet
  facet normal 0 0 1
    outer loop
      vertex 2 56.54 7.4
      vertex 3 56.54 7.4
      vertex 2 67.53999999999999 7.4
    endloop
  endfacet
  facet normal 0 0 1
    outer loop
      vertex 2 67.53999999999999 7.4
      vertex 3 56.54 7.4
      vertex 3 67.53999999999999 7.4
    endloop
  endfacet
  facet normal 0 -1 0
    outer loop
      vertex 2 67.53999999999999 7.4
      vertex 3 67.53999999999999 7.4
      vertex 3 67.53999999999999 8
    endloop
  endfacet
  facet normal 0 -1 0
    outer loop
      vertex 2 67.53999999999999 7.4
      vertex 3 67.53999999999999 8
      vertex 2 67.53999999999999 8
    endloop
  endfacet
  facet normal 0 1 0
    outer loop
      vertex 2 54.54 6.4
      vertex 0 54.54 6.4
      vertex 1.2584659019250628 54.54 8
    endloop
  endfacet
  facet normal 0 1 0
    outer loop
      vertex 2 54.54 6.4
      vertex 1.2584659019250628 54.54 8
      vertex 2 54.54 8
    endloop
  endfacet
  facet normal -1 0 0
    outer loop
      vertex 2 54.54 6.4
      vertex 2 54.54 8
      vertex 2 56.54 7.4
    endloop
  endfacet
  facet normal -1 0 0
    outer loop
      vertex 2 56.54 7.4
      vertex 2 54.54 8
      vertex 2 56.54 8
    endloop
  endfacet
  facet normal 0 0 1
    outer loop
      vertex 2 54.54 6.4
      vertex 0 69.53999999999999 6.4
      vertex 0 54.54 6.4
    endloop
  endfacet
  facet normal -1 0 0
    outer loop
      vertex 2 54.54 6.4
      vertex 2 56.54 7.4
      vertex 2 69.53999999999999 6.4
    endloop
  endfacet
  facet normal 0 0 1
    outer loop
      vertex 2 54.54 6.4
      vertex 2 69.53999999999999 6.4
      vertex 0 69.53999999999999 6.4
    endloop
  endfacet
  facet normal -1 0 0
    outer loop
      vertex 2 69.53999999999999 6.4
      vertex 2 56.54 7.4
      vertex 2 67.53999999999999 7.4
    endloop
  endfacet
  facet normal 0 -1 0
    outer loop
      vertex 2 69.53999999999999 6.4
      vertex 2 69.53999999999999 8
      vertex 0 69.53999999999999 6.4
    endloop
  endfacet
  facet normal -1 0 0
    outer loop
      vertex 2 69.53999999999999 6.4
      vertex 2 67.53999999999999 7.4
      vertex 2 67.53999999999999 8
    endloop
  endfacet
  facet normal -1 0 0
    outer loop
      vertex 2 69.53999999999999 6.4
      vertex 2 67.53999999999999 8
      vertex 2 69.53999999999999 8
    endloop
  endfacet
  facet normal 0 -1 0
    outer loop
      vertex 2 69.53999999999999 8
      vertex 1.2584659019250628 69.53999999999999 8
      vertex 0 69.53999999999999 6.4
    endloop
  endfacet
  facet normal 0 1 0
    outer loop
      vertex 1.2584659019250628 54.54 8
      vertex 0 54.54 6.4
      vertex 0 54.54 11
    endloop
  endfacet
  facet normal 0 1 0
    outer loop
      vertex 1.2584659019250628 54.54 11
      vertex 1.2584659019250628 54.54 8
      vertex 0 54.54 11
    endloop
  endfacet
  facet normal 0 -1 0
    outer loop
      vertex 1.2584659019250628 69.53999999999999 8
      vertex 0 69.53999999999999 11
      vertex 0 69.53999999999999 6.4
    endloop
  endfacet
  facet normal 0 -1 0
    outer loop
      vertex 1.2584659019250628 69.53999999999999 11
      vertex 0 69.53999999999999 11
      vertex 1.2584659019250628 69.53999999999999 8
    endloop
  endfacet
endsolid OpenSCAD_Model
